reference,activity,time
AGILITY,CALIBRACION Y AJUSTE VALVULAS,1.5
AGILITY RS,CALIBRACION Y AJUSTE VALVULAS,1.5
AGILITY CITY 150,CALIBRACION Y AJUSTE VALVULAS,1.5
BET & WIN,CALIBRACION Y AJUSTE VALVULAS,1.5
ACTIV,CALIBRACION Y AJUSTE VALVULAS,0.7
SPIKE,CALIBRACION Y AJUSTE VALVULAS,0.7
AGILITY RS  NAKED,CALIBRACION Y AJUSTE VALVULAS,1.5
SUPER 8,CALIBRACION Y AJUSTE VALVULAS,1.5
GACELA,CALIBRACION Y AJUSTE VALVULAS,1.5
CRUCERO             x-town 300,CALIBRACION Y AJUSTE VALVULAS,1.5
ROCKET,CALIBRACION Y AJUSTE VALVULAS,1.5
FLY 125,CALIBRACION Y AJUSTE VALVULAS,1.5
TWIST,CALIBRACION Y AJUSTE VALVULAS,1.5
JETIX,CALIBRACION Y AJUSTE VALVULAS,0.7
UNI-K 110,CALIBRACION Y AJUSTE VALVULAS,0.7
TRACK,CALIBRACION Y AJUSTE VALVULAS,0.7
PULSAR 135,CALIBRACION Y AJUSTE VALVULAS,1.5
Perseo,CALIBRACION Y AJUSTE VALVULAS,1.5
PULSAR,CALIBRACION Y AJUSTE VALVULAS,1
PULSAR 180 UG,CALIBRACION Y AJUSTE VALVULAS,1
PULSAR 150,CALIBRACION Y AJUSTE VALVULAS,1
THOR 160,CALIBRACION Y AJUSTE VALVULAS,1
PULSAR 200,CALIBRACION Y AJUSTE VALVULAS,1.5
PULSAR 150 NS,CALIBRACION Y AJUSTE VALVULAS,2.5
PULSAR 150 AS,CALIBRACION Y AJUSTE VALVULAS,2.8
PULSAR 200 AS,CALIBRACION Y AJUSTE VALVULAS,2.8
PULSAR 200 NS,CALIBRACION Y AJUSTE VALVULAS,2.5
TITAN,CALIBRACION Y AJUSTE VALVULAS,3
PULSAR  RS 200,CALIBRACION Y AJUSTE VALVULAS,3
PULSAR 220,CALIBRACION Y AJUSTE VALVULAS,1.3
AVENGER 220,CALIBRACION Y AJUSTE VALVULAS,1.3
XCD,CALIBRACION Y AJUSTE VALVULAS,1
DISCOVER 100,CALIBRACION Y AJUSTE VALVULAS,1
DISCOVER 135,CALIBRACION Y AJUSTE VALVULAS,1
BOXER,CALIBRACION Y AJUSTE VALVULAS,0.6
LEXUS,CALIBRACION Y AJUSTE VALVULAS,0.6
DISCOVER 100 5S,CALIBRACION Y AJUSTE VALVULAS,1.5
DISCOVER 150,CALIBRACION Y AJUSTE VALVULAS,1.5
CHAMPION,CALIBRACION Y AJUSTE VALVULAS,1
DISCOVER 125 ST,CALIBRACION Y AJUSTE VALVULAS,1.5
BOXER BM 100,CALIBRACION Y AJUSTE VALVULAS,0.6
BOXER BM 150,CALIBRACION Y AJUSTE VALVULAS,1
BOXER BM 100 ES,CALIBRACION Y AJUSTE VALVULAS,1
PLATINO 125,CALIBRACION Y AJUSTE VALVULAS,0.5
PLATINO 125 - 5S,CALIBRACION Y AJUSTE VALVULAS,0.5
PLATINO 100,CALIBRACION Y AJUSTE VALVULAS,0.6
PLATINO 110,CALIBRACION Y AJUSTE VALVULAS,0.5
FAMILLY,CALIBRACION Y AJUSTE VALVULAS,0.5
MOTOCARRO 4T,CALIBRACION Y AJUSTE VALVULAS,0.8
TORITO,CALIBRACION Y AJUSTE VALVULAS,0.6
KAZE MAX II,CALIBRACION Y AJUSTE VALVULAS,0.6
ZX 130- MAGIC II,CALIBRACION Y AJUSTE VALVULAS,0.7
KLX 150,CALIBRACION Y AJUSTE VALVULAS,1
KLX150  L,CALIBRACION Y AJUSTE VALVULAS,1
KLX 250,CALIBRACION Y AJUSTE VALVULAS,2
NINJA 250,CALIBRACION Y AJUSTE VALVULAS,2.5
NINJA 250 FI,CALIBRACION Y AJUSTE VALVULAS,2.5
Z250,CALIBRACION Y AJUSTE VALVULAS,2.5
Z250 SL,CALIBRACION Y AJUSTE VALVULAS,2.2
ER-6n,CALIBRACION Y AJUSTE VALVULAS,2.5
TRANS-SPORT,CALIBRACION Y AJUSTE VALVULAS,0.8
MRX 150,CALIBRACION Y AJUSTE VALVULAS,1
FURAX,CALIBRACION Y AJUSTE VALVULAS,1.3
BOMBER 125,CALIBRACION Y AJUSTE VALVULAS,1
BOMBER 250,CALIBRACION Y AJUSTE VALVULAS,0.5
COMBAT 125,CALIBRACION Y AJUSTE VALVULAS,1
ZS,CALIBRACION Y AJUSTE VALVULAS,1.5
LIFE,CALIBRACION Y AJUSTE VALVULAS,1.5
HUNTER,CALIBRACION Y AJUSTE VALVULAS,1.8
BLACK,CALIBRACION Y AJUSTE VALVULAS,2
VENOM 400,CALIBRACION Y AJUSTE VALVULAS,2.5
VENOM 250,CALIBRACION Y AJUSTE VALVULAS,2.5
ONE,CALIBRACION Y AJUSTE VALVULAS,0.7
FLOW,CALIBRACION Y AJUSTE VALVULAS,0.7
ADVANCE II LF,CALIBRACION Y AJUSTE VALVULAS,0.7
ZONTES 155,CALIBRACION Y AJUSTE VALVULAS,2.5
ZONTES 310M,CALIBRACION Y AJUSTE VALVULAS,3.5
SHOCK,CALIBRACION Y AJUSTE VALVULAS,0.7
TNT150i,CALIBRACION Y AJUSTE VALVULAS,2.5
180S,CALIBRACION Y AJUSTE VALVULAS,2
TNT25N,CALIBRACION Y AJUSTE VALVULAS,2.5
LEONCINO 500,CALIBRACION Y AJUSTE VALVULAS,2.5
LEONCINO 250,CALIBRACION Y AJUSTE VALVULAS,2.5
TRK 500X,CALIBRACION Y AJUSTE VALVULAS,3
TRK 251,CALIBRACION Y AJUSTE VALVULAS,2.5
302 S,CALIBRACION Y AJUSTE VALVULAS,2.5
TOP BOY,CAMBIO DE FILTRO Y ACEITE DE MOTOR,0.3
AGILITY,CAMBIO DE FILTRO Y ACEITE DE MOTOR,0.3
AGILITY CITY 150,CAMBIO DE FILTRO Y ACEITE DE MOTOR,0.3
BET & WIN,CAMBIO DE FILTRO Y ACEITE DE MOTOR,0.3
ACTIV,CAMBIO DE FILTRO Y ACEITE DE MOTOR,0.3
SPIKE,CAMBIO DE FILTRO Y ACEITE DE MOTOR,0.3
ROCKET,CAMBIO DE FILTRO Y ACEITE DE MOTOR,0.3
JETIX,CAMBIO DE FILTRO Y ACEITE DE MOTOR,0.3
UNI-K 110,CAMBIO DE FILTRO Y ACEITE DE MOTOR,0.3
TRACK,CAMBIO DE FILTRO Y ACEITE DE MOTOR,0.3
PULSAR 135,CAMBIO DE FILTRO Y ACEITE DE MOTOR,0.3
Perseo,CAMBIO DE FILTRO Y ACEITE DE MOTOR,0.3
PULSAR,CAMBIO DE FILTRO Y ACEITE DE MOTOR,0.3
PULSAR 180 UG,CAMBIO DE FILTRO Y ACEITE DE MOTOR,0.3
PULSAR 150,CAMBIO DE FILTRO Y ACEITE DE MOTOR,0.3
THOR 160,CAMBIO DE FILTRO Y ACEITE DE MOTOR,0.3
PULSAR 200,CAMBIO DE FILTRO Y ACEITE DE MOTOR,0.3
PULSAR 150 NS,CAMBIO DE FILTRO Y ACEITE DE MOTOR,0.3
PULSAR 150 AS,CAMBIO DE FILTRO Y ACEITE DE MOTOR,0.3
PULSAR 200 AS,CAMBIO DE FILTRO Y ACEITE DE MOTOR,0.3
PULSAR 200 NS,CAMBIO DE FILTRO Y ACEITE DE MOTOR,0.3
TITAN,CAMBIO DE FILTRO Y ACEITE DE MOTOR,0.6
PULSAR  RS 200,CAMBIO DE FILTRO Y ACEITE DE MOTOR,0.4
PULSAR 220,CAMBIO DE FILTRO Y ACEITE DE MOTOR,0.3
AVENGER 220,CAMBIO DE FILTRO Y ACEITE DE MOTOR,0.3
XCD,CAMBIO DE FILTRO Y ACEITE DE MOTOR,0.3
DISCOVER 100,CAMBIO DE FILTRO Y ACEITE DE MOTOR,0.3
DISCOVER 135,CAMBIO DE FILTRO Y ACEITE DE MOTOR,0.3
BOXER,CAMBIO DE FILTRO Y ACEITE DE MOTOR,0.3
LEXUS,CAMBIO DE FILTRO Y ACEITE DE MOTOR,0.3
DISCOVER 100 5S,CAMBIO DE FILTRO Y ACEITE DE MOTOR,0.3
DISCOVER 150,CAMBIO DE FILTRO Y ACEITE DE MOTOR,0.3
CHAMPION,CAMBIO DE FILTRO Y ACEITE DE MOTOR,0.3
DISCOVER 125 ST,CAMBIO DE FILTRO Y ACEITE DE MOTOR,0.3
BOXER BM 100,CAMBIO DE FILTRO Y ACEITE DE MOTOR,0.3
BOXER BM 150,CAMBIO DE FILTRO Y ACEITE DE MOTOR,0.3
BOXER BM 100 ES,CAMBIO DE FILTRO Y ACEITE DE MOTOR,0.3
PLATINO 125,CAMBIO DE FILTRO Y ACEITE DE MOTOR,0.3
PLATINO 125 - 5S,CAMBIO DE FILTRO Y ACEITE DE MOTOR,0.3
PLATINO 100,CAMBIO DE FILTRO Y ACEITE DE MOTOR,0.3
PLATINO 110,CAMBIO DE FILTRO Y ACEITE DE MOTOR,0.3
FAMILLY,CAMBIO DE FILTRO Y ACEITE DE MOTOR,0.3
MOTOCARRO 4T,CAMBIO DE FILTRO Y ACEITE DE MOTOR,0.3
TORITO,CAMBIO DE FILTRO Y ACEITE DE MOTOR,0.3
KAZE MAX II,CAMBIO DE FILTRO Y ACEITE DE MOTOR,0.3
ZX 130- MAGIC II,CAMBIO DE FILTRO Y ACEITE DE MOTOR,0.3
KMX,CAMBIO DE FILTRO Y ACEITE DE MOTOR,0.3
KLX 150,CAMBIO DE FILTRO Y ACEITE DE MOTOR,0.3
KLX150  L,CAMBIO DE FILTRO Y ACEITE DE MOTOR,0.3
KLX 250,CAMBIO DE FILTRO Y ACEITE DE MOTOR,0.4
NINJA 250,CAMBIO DE FILTRO Y ACEITE DE MOTOR,0.4
NINJA 250 FI,CAMBIO DE FILTRO Y ACEITE DE MOTOR,0.4
Z250,CAMBIO DE FILTRO Y ACEITE DE MOTOR,0.4
Z250 SL,CAMBIO DE FILTRO Y ACEITE DE MOTOR,0.4
ER-6n,CAMBIO DE FILTRO Y ACEITE DE MOTOR,0.4
TRANS-SPORT,CAMBIO DE FILTRO Y ACEITE DE MOTOR,0.3
MRX 150,CAMBIO DE FILTRO Y ACEITE DE MOTOR,0.3
FURAX,CAMBIO DE FILTRO Y ACEITE DE MOTOR,0.3
BOMBER 125,CAMBIO DE FILTRO Y ACEITE DE MOTOR,0.3
BOMBER 250,CAMBIO DE FILTRO Y ACEITE DE MOTOR,0.4
COMBAT 125,CAMBIO DE FILTRO Y ACEITE DE MOTOR,0.3
VENOM 400,CAMBIO DE FILTRO Y ACEITE DE MOTOR,0.5
VENOM 250,CAMBIO DE FILTRO Y ACEITE DE MOTOR,0.3
ONE,CAMBIO DE FILTRO Y ACEITE DE MOTOR,0.3
FLOW,CAMBIO DE FILTRO Y ACEITE DE MOTOR,0.3
ADVANCE II LF,CAMBIO DE FILTRO Y ACEITE DE MOTOR,0.3
ZONTES 155,CAMBIO DE FILTRO Y ACEITE DE MOTOR,0.4
ZONTES 310M,CAMBIO DE FILTRO Y ACEITE DE MOTOR,1
SHOCK,CAMBIO DE FILTRO Y ACEITE DE MOTOR,0.3
TNT150i,CAMBIO DE FILTRO Y ACEITE DE MOTOR,0.4
180S,CAMBIO DE FILTRO Y ACEITE DE MOTOR,0.4
TNT25N,CAMBIO DE FILTRO Y ACEITE DE MOTOR,0.4
LEONCINO 500,CAMBIO DE FILTRO Y ACEITE DE MOTOR,0.4
LEONCINO 250,CAMBIO DE FILTRO Y ACEITE DE MOTOR,0.4
TRK 500X,CAMBIO DE FILTRO Y ACEITE DE MOTOR,0.4
TRK 251,CAMBIO DE FILTRO Y ACEITE DE MOTOR,0.4
302 S,CAMBIO DE FILTRO Y ACEITE DE MOTOR,0.4
TOP BOY,DESCARBONADA MOTOR INCLUIDO MOFLE,2.5
KMX,DESCARBONADA MOTOR INCLUIDO MOFLE,3
TOP BOY,LIMPIEZA  TANQUE DE GASOLINA,1.5
AGILITY,LIMPIEZA  TANQUE DE GASOLINA,1.5
AGILITY RS,LIMPIEZA  TANQUE DE GASOLINA,1.5
AGILITY CITY 150,LIMPIEZA  TANQUE DE GASOLINA,1.5
BET & WIN,LIMPIEZA  TANQUE DE GASOLINA,2.5
ACTIV,LIMPIEZA  TANQUE DE GASOLINA,1
SPIKE,LIMPIEZA  TANQUE DE GASOLINA,1
AGILITY RS  NAKED,LIMPIEZA  TANQUE DE GASOLINA,1.5
SUPER 8,LIMPIEZA  TANQUE DE GASOLINA,1.5
GACELA,LIMPIEZA  TANQUE DE GASOLINA,1.5
CRUCERO             x-town 300,LIMPIEZA  TANQUE DE GASOLINA,2.5
ROCKET,LIMPIEZA  TANQUE DE GASOLINA,1.5
FLY 125,LIMPIEZA  TANQUE DE GASOLINA,1.5
TWIST,LIMPIEZA  TANQUE DE GASOLINA,1.5
JETIX,LIMPIEZA  TANQUE DE GASOLINA,1
UNI-K 110,LIMPIEZA  TANQUE DE GASOLINA,1
TRACK,LIMPIEZA  TANQUE DE GASOLINA,1
PULSAR 135,LIMPIEZA  TANQUE DE GASOLINA,0.8
Perseo,LIMPIEZA  TANQUE DE GASOLINA,0.8
PULSAR,LIMPIEZA  TANQUE DE GASOLINA,0.8
PULSAR 180 UG,LIMPIEZA  TANQUE DE GASOLINA,0.8
PULSAR 150,LIMPIEZA  TANQUE DE GASOLINA,0.8
THOR 160,LIMPIEZA  TANQUE DE GASOLINA,0.8
PULSAR 200,LIMPIEZA  TANQUE DE GASOLINA,1.3
PULSAR 150 NS,LIMPIEZA  TANQUE DE GASOLINA,1
PULSAR 150 AS,LIMPIEZA  TANQUE DE GASOLINA,1.3
PULSAR 200 AS,LIMPIEZA  TANQUE DE GASOLINA,1.3
PULSAR 200 NS,LIMPIEZA  TANQUE DE GASOLINA,1
TITAN,LIMPIEZA  TANQUE DE GASOLINA,1
PULSAR  RS 200,LIMPIEZA  TANQUE DE GASOLINA,1.5
PULSAR 220,LIMPIEZA  TANQUE DE GASOLINA,0.8
AVENGER 220,LIMPIEZA  TANQUE DE GASOLINA,1
XCD,LIMPIEZA  TANQUE DE GASOLINA,0.8
DISCOVER 100,LIMPIEZA  TANQUE DE GASOLINA,0.8
DISCOVER 135,LIMPIEZA  TANQUE DE GASOLINA,0.8
BOXER,LIMPIEZA  TANQUE DE GASOLINA,0.8
LEXUS,LIMPIEZA  TANQUE DE GASOLINA,0.8
DISCOVER 100 5S,LIMPIEZA  TANQUE DE GASOLINA,0.8
DISCOVER 150,LIMPIEZA  TANQUE DE GASOLINA,0.8
CHAMPION,LIMPIEZA  TANQUE DE GASOLINA,0.8
DISCOVER 125 ST,LIMPIEZA  TANQUE DE GASOLINA,0.8
BOXER BM 100,LIMPIEZA  TANQUE DE GASOLINA,0.8
BOXER BM 150,LIMPIEZA  TANQUE DE GASOLINA,0.8
BOXER BM 100 ES,LIMPIEZA  TANQUE DE GASOLINA,0.8
PLATINO 125,LIMPIEZA  TANQUE DE GASOLINA,0.8
PLATINO 125 - 5S,LIMPIEZA  TANQUE DE GASOLINA,0.8
PLATINO 100,LIMPIEZA  TANQUE DE GASOLINA,0.8
PLATINO 110,LIMPIEZA  TANQUE DE GASOLINA,0.8
FAMILLY,LIMPIEZA  TANQUE DE GASOLINA,0.8
MOTOCARRO 4T,LIMPIEZA  TANQUE DE GASOLINA,2
TORITO,LIMPIEZA  TANQUE DE GASOLINA,2
KAZE MAX II,LIMPIEZA  TANQUE DE GASOLINA,1.5
ZX 130- MAGIC II,LIMPIEZA  TANQUE DE GASOLINA,1.5
KMX,LIMPIEZA  TANQUE DE GASOLINA,0.8
KLX 150,LIMPIEZA  TANQUE DE GASOLINA,0.8
KLX150  L,LIMPIEZA  TANQUE DE GASOLINA,0.8
KLX 250,LIMPIEZA  TANQUE DE GASOLINA,1
NINJA 250,LIMPIEZA  TANQUE DE GASOLINA,1
NINJA 250 FI,LIMPIEZA  TANQUE DE GASOLINA,1
Z250,LIMPIEZA  TANQUE DE GASOLINA,1
Z250 SL,LIMPIEZA  TANQUE DE GASOLINA,0.8
ER-6n,LIMPIEZA  TANQUE DE GASOLINA,1.5
TRANS-SPORT,LIMPIEZA  TANQUE DE GASOLINA,1.5
MRX 150,LIMPIEZA  TANQUE DE GASOLINA,0.8
FURAX,LIMPIEZA  TANQUE DE GASOLINA,0.8
BOMBER 125,LIMPIEZA  TANQUE DE GASOLINA,1
BOMBER 250,LIMPIEZA  TANQUE DE GASOLINA,0.8
COMBAT 125,LIMPIEZA  TANQUE DE GASOLINA,1
ZS,LIMPIEZA  TANQUE DE GASOLINA,1.5
LIFE,LIMPIEZA  TANQUE DE GASOLINA,1.5
HUNTER,LIMPIEZA  TANQUE DE GASOLINA,1.5
BLACK,LIMPIEZA  TANQUE DE GASOLINA,2.5
VENOM 400,LIMPIEZA  TANQUE DE GASOLINA,1.5
VENOM 250,LIMPIEZA  TANQUE DE GASOLINA,1
ONE,LIMPIEZA  TANQUE DE GASOLINA,1
FLOW,LIMPIEZA  TANQUE DE GASOLINA,1
ADVANCE II LF,LIMPIEZA  TANQUE DE GASOLINA,1
ZONTES 155,LIMPIEZA  TANQUE DE GASOLINA,1
ZONTES 310M,LIMPIEZA  TANQUE DE GASOLINA,3.5
SHOCK,LIMPIEZA  TANQUE DE GASOLINA,1
TNT150i,LIMPIEZA  TANQUE DE GASOLINA,1
180S,LIMPIEZA  TANQUE DE GASOLINA,1
TNT25N,LIMPIEZA  TANQUE DE GASOLINA,1
LEONCINO 500,LIMPIEZA  TANQUE DE GASOLINA,1.5
LEONCINO 250,LIMPIEZA  TANQUE DE GASOLINA,1
TRK 500X,LIMPIEZA  TANQUE DE GASOLINA,1.5
TRK 251,LIMPIEZA  TANQUE DE GASOLINA,1
302 S,LIMPIEZA  TANQUE DE GASOLINA,1
ACTIV,LIMPIEZA.TENSIÓN Y LUBRICACIÓN CADENA,0.3
SPIKE,LIMPIEZA.TENSIÓN Y LUBRICACIÓN CADENA,0.3
JETIX,LIMPIEZA.TENSIÓN Y LUBRICACIÓN CADENA,0.3
UNI-K 110,LIMPIEZA.TENSIÓN Y LUBRICACIÓN CADENA,0.3
TRACK,LIMPIEZA.TENSIÓN Y LUBRICACIÓN CADENA,0.3
PULSAR 135,LIMPIEZA.TENSIÓN Y LUBRICACIÓN CADENA,0.3
Perseo,LIMPIEZA.TENSIÓN Y LUBRICACIÓN CADENA,0.3
PULSAR,LIMPIEZA.TENSIÓN Y LUBRICACIÓN CADENA,0.3
PULSAR 180 UG,LIMPIEZA.TENSIÓN Y LUBRICACIÓN CADENA,0.3
PULSAR 150,LIMPIEZA.TENSIÓN Y LUBRICACIÓN CADENA,0.3
THOR 160,LIMPIEZA.TENSIÓN Y LUBRICACIÓN CADENA,0.3
PULSAR 200,LIMPIEZA.TENSIÓN Y LUBRICACIÓN CADENA,0.3
PULSAR 150 NS,LIMPIEZA.TENSIÓN Y LUBRICACIÓN CADENA,0.3
PULSAR 150 AS,LIMPIEZA.TENSIÓN Y LUBRICACIÓN CADENA,0.3
PULSAR 200 AS,LIMPIEZA.TENSIÓN Y LUBRICACIÓN CADENA,0.3
PULSAR 200 NS,LIMPIEZA.TENSIÓN Y LUBRICACIÓN CADENA,0.3
TITAN,LIMPIEZA.TENSIÓN Y LUBRICACIÓN CADENA,0.3
PULSAR  RS 200,LIMPIEZA.TENSIÓN Y LUBRICACIÓN CADENA,0.3
PULSAR 220,LIMPIEZA.TENSIÓN Y LUBRICACIÓN CADENA,0.3
AVENGER 220,LIMPIEZA.TENSIÓN Y LUBRICACIÓN CADENA,0.3
XCD,LIMPIEZA.TENSIÓN Y LUBRICACIÓN CADENA,0.3
DISCOVER 100,LIMPIEZA.TENSIÓN Y LUBRICACIÓN CADENA,0.3
DISCOVER 135,LIMPIEZA.TENSIÓN Y LUBRICACIÓN CADENA,0.3
BOXER,LIMPIEZA.TENSIÓN Y LUBRICACIÓN CADENA,0.3
LEXUS,LIMPIEZA.TENSIÓN Y LUBRICACIÓN CADENA,0.3
DISCOVER 100 5S,LIMPIEZA.TENSIÓN Y LUBRICACIÓN CADENA,0.3
DISCOVER 150,LIMPIEZA.TENSIÓN Y LUBRICACIÓN CADENA,0.3
CHAMPION,LIMPIEZA.TENSIÓN Y LUBRICACIÓN CADENA,0.3
DISCOVER 125 ST,LIMPIEZA.TENSIÓN Y LUBRICACIÓN CADENA,0.3
BOXER BM 100,LIMPIEZA.TENSIÓN Y LUBRICACIÓN CADENA,0.3
BOXER BM 150,LIMPIEZA.TENSIÓN Y LUBRICACIÓN CADENA,0.3
BOXER BM 100 ES,LIMPIEZA.TENSIÓN Y LUBRICACIÓN CADENA,0.3
PLATINO 125,LIMPIEZA.TENSIÓN Y LUBRICACIÓN CADENA,0.3
PLATINO 125 - 5S,LIMPIEZA.TENSIÓN Y LUBRICACIÓN CADENA,0.3
PLATINO 100,LIMPIEZA.TENSIÓN Y LUBRICACIÓN CADENA,0.3
PLATINO 110,LIMPIEZA.TENSIÓN Y LUBRICACIÓN CADENA,0.3
FAMILLY,LIMPIEZA.TENSIÓN Y LUBRICACIÓN CADENA,0.3
MOTOCARRO 4T,LIMPIEZA.TENSIÓN Y LUBRICACIÓN CADENA,0.3
KAZE MAX II,LIMPIEZA.TENSIÓN Y LUBRICACIÓN CADENA,0.3
ZX 130- MAGIC II,LIMPIEZA.TENSIÓN Y LUBRICACIÓN CADENA,0.3
KMX,LIMPIEZA.TENSIÓN Y LUBRICACIÓN CADENA,0.3
KLX 150,LIMPIEZA.TENSIÓN Y LUBRICACIÓN CADENA,0.3
KLX150  L,LIMPIEZA.TENSIÓN Y LUBRICACIÓN CADENA,0.3
KLX 250,LIMPIEZA.TENSIÓN Y LUBRICACIÓN CADENA,0.3
NINJA 250,LIMPIEZA.TENSIÓN Y LUBRICACIÓN CADENA,0.3
NINJA 250 FI,LIMPIEZA.TENSIÓN Y LUBRICACIÓN CADENA,0.3
Z250,LIMPIEZA.TENSIÓN Y LUBRICACIÓN CADENA,0.3
Z250 SL,LIMPIEZA.TENSIÓN Y LUBRICACIÓN CADENA,0.3
ER-6n,LIMPIEZA.TENSIÓN Y LUBRICACIÓN CADENA,0.3
TRANS-SPORT,LIMPIEZA.TENSIÓN Y LUBRICACIÓN CADENA,0.3
MRX 150,LIMPIEZA.TENSIÓN Y LUBRICACIÓN CADENA,0.3
FURAX,LIMPIEZA.TENSIÓN Y LUBRICACIÓN CADENA,0.3
BOMBER 125,LIMPIEZA.TENSIÓN Y LUBRICACIÓN CADENA,0.3
BOMBER 250,LIMPIEZA.TENSIÓN Y LUBRICACIÓN CADENA,0.4
COMBAT 125,LIMPIEZA.TENSIÓN Y LUBRICACIÓN CADENA,0.3
VENOM 400,LIMPIEZA.TENSIÓN Y LUBRICACIÓN CADENA,0.3
VENOM 250,LIMPIEZA.TENSIÓN Y LUBRICACIÓN CADENA,0.3
ONE,LIMPIEZA.TENSIÓN Y LUBRICACIÓN CADENA,0.3
FLOW,LIMPIEZA.TENSIÓN Y LUBRICACIÓN CADENA,0.3
ADVANCE II LF,LIMPIEZA.TENSIÓN Y LUBRICACIÓN CADENA,0.3
ZONTES 155,LIMPIEZA.TENSIÓN Y LUBRICACIÓN CADENA,0.3
SHOCK,LIMPIEZA.TENSIÓN Y LUBRICACIÓN CADENA,0.3
TNT150i,LIMPIEZA.TENSIÓN Y LUBRICACIÓN CADENA,0.3
180S,LIMPIEZA.TENSIÓN Y LUBRICACIÓN CADENA,0.3
TNT25N,LIMPIEZA.TENSIÓN Y LUBRICACIÓN CADENA,0.3
LEONCINO 500,LIMPIEZA.TENSIÓN Y LUBRICACIÓN CADENA,0.3
LEONCINO 250,LIMPIEZA.TENSIÓN Y LUBRICACIÓN CADENA,0.3
TRK 500X,LIMPIEZA.TENSIÓN Y LUBRICACIÓN CADENA,0.3
TRK 251,LIMPIEZA.TENSIÓN Y LUBRICACIÓN CADENA,0.3
302 S,LIMPIEZA.TENSIÓN Y LUBRICACIÓN CADENA,0.3
ACTIV,MANTENIMIENTO Y/O CAMBIO BATERÍA (LIMPIEZA. REV. ELECTROLITO),0.3
SPIKE,MANTENIMIENTO Y/O CAMBIO BATERÍA (LIMPIEZA. REV. ELECTROLITO),0.3
JETIX,MANTENIMIENTO Y/O CAMBIO BATERÍA (LIMPIEZA. REV. ELECTROLITO),0.3
UNI-K 110,MANTENIMIENTO Y/O CAMBIO BATERÍA (LIMPIEZA. REV. ELECTROLITO),0.3
TRACK,MANTENIMIENTO Y/O CAMBIO BATERÍA (LIMPIEZA. REV. ELECTROLITO),0.3
PULSAR 135,MANTENIMIENTO Y/O CAMBIO BATERÍA (LIMPIEZA. REV. ELECTROLITO),0.3
Perseo,MANTENIMIENTO Y/O CAMBIO BATERÍA (LIMPIEZA. REV. ELECTROLITO),0.3
PULSAR,MANTENIMIENTO Y/O CAMBIO BATERÍA (LIMPIEZA. REV. ELECTROLITO),0.3
PULSAR 180 UG,MANTENIMIENTO Y/O CAMBIO BATERÍA (LIMPIEZA. REV. ELECTROLITO),0.3
PULSAR 150,MANTENIMIENTO Y/O CAMBIO BATERÍA (LIMPIEZA. REV. ELECTROLITO),0.3
THOR 160,MANTENIMIENTO Y/O CAMBIO BATERÍA (LIMPIEZA. REV. ELECTROLITO),0.3
PULSAR 200,MANTENIMIENTO Y/O CAMBIO BATERÍA (LIMPIEZA. REV. ELECTROLITO),0.5
PULSAR 150 NS,MANTENIMIENTO Y/O CAMBIO BATERÍA (LIMPIEZA. REV. ELECTROLITO),0.5
PULSAR 150 AS,MANTENIMIENTO Y/O CAMBIO BATERÍA (LIMPIEZA. REV. ELECTROLITO),0.5
PULSAR 200 AS,MANTENIMIENTO Y/O CAMBIO BATERÍA (LIMPIEZA. REV. ELECTROLITO),0.5
PULSAR 200 NS,MANTENIMIENTO Y/O CAMBIO BATERÍA (LIMPIEZA. REV. ELECTROLITO),0.5
TITAN,MANTENIMIENTO Y/O CAMBIO BATERÍA (LIMPIEZA. REV. ELECTROLITO),0.5
PULSAR  RS 200,MANTENIMIENTO Y/O CAMBIO BATERÍA (LIMPIEZA. REV. ELECTROLITO),0.5
PULSAR 220,MANTENIMIENTO Y/O CAMBIO BATERÍA (LIMPIEZA. REV. ELECTROLITO),0.3
AVENGER 220,MANTENIMIENTO Y/O CAMBIO BATERÍA (LIMPIEZA. REV. ELECTROLITO),0.3
XCD,MANTENIMIENTO Y/O CAMBIO BATERÍA (LIMPIEZA. REV. ELECTROLITO),0.3
DISCOVER 100,MANTENIMIENTO Y/O CAMBIO BATERÍA (LIMPIEZA. REV. ELECTROLITO),0.3
DISCOVER 135,MANTENIMIENTO Y/O CAMBIO BATERÍA (LIMPIEZA. REV. ELECTROLITO),0.3
BOXER,MANTENIMIENTO Y/O CAMBIO BATERÍA (LIMPIEZA. REV. ELECTROLITO),0.3
LEXUS,MANTENIMIENTO Y/O CAMBIO BATERÍA (LIMPIEZA. REV. ELECTROLITO),0.3
DISCOVER 100 5S,MANTENIMIENTO Y/O CAMBIO BATERÍA (LIMPIEZA. REV. ELECTROLITO),0.3
DISCOVER 150,MANTENIMIENTO Y/O CAMBIO BATERÍA (LIMPIEZA. REV. ELECTROLITO),0.3
CHAMPION,MANTENIMIENTO Y/O CAMBIO BATERÍA (LIMPIEZA. REV. ELECTROLITO),0.3
DISCOVER 125 ST,MANTENIMIENTO Y/O CAMBIO BATERÍA (LIMPIEZA. REV. ELECTROLITO),0.3
BOXER BM 100,MANTENIMIENTO Y/O CAMBIO BATERÍA (LIMPIEZA. REV. ELECTROLITO),0.3
BOXER BM 150,MANTENIMIENTO Y/O CAMBIO BATERÍA (LIMPIEZA. REV. ELECTROLITO),0.3
BOXER BM 100 ES,MANTENIMIENTO Y/O CAMBIO BATERÍA (LIMPIEZA. REV. ELECTROLITO),0.3
PLATINO 125,MANTENIMIENTO Y/O CAMBIO BATERÍA (LIMPIEZA. REV. ELECTROLITO),0.3
PLATINO 125 - 5S,MANTENIMIENTO Y/O CAMBIO BATERÍA (LIMPIEZA. REV. ELECTROLITO),0.3
PLATINO 100,MANTENIMIENTO Y/O CAMBIO BATERÍA (LIMPIEZA. REV. ELECTROLITO),0.3
PLATINO 110,MANTENIMIENTO Y/O CAMBIO BATERÍA (LIMPIEZA. REV. ELECTROLITO),0.3
FAMILLY,MANTENIMIENTO Y/O CAMBIO BATERÍA (LIMPIEZA. REV. ELECTROLITO),0.3
MOTOCARRO 4T,MANTENIMIENTO Y/O CAMBIO BATERÍA (LIMPIEZA. REV. ELECTROLITO),0.5
TORITO,MANTENIMIENTO Y/O CAMBIO BATERÍA (LIMPIEZA. REV. ELECTROLITO),0.5
KAZE MAX II,MANTENIMIENTO Y/O CAMBIO BATERÍA (LIMPIEZA. REV. ELECTROLITO),0.3
ZX 130- MAGIC II,MANTENIMIENTO Y/O CAMBIO BATERÍA (LIMPIEZA. REV. ELECTROLITO),0.3
KMX,MANTENIMIENTO Y/O CAMBIO BATERÍA (LIMPIEZA. REV. ELECTROLITO),0.3
KLX 150,MANTENIMIENTO Y/O CAMBIO BATERÍA (LIMPIEZA. REV. ELECTROLITO),0.5
KLX150  L,MANTENIMIENTO Y/O CAMBIO BATERÍA (LIMPIEZA. REV. ELECTROLITO),0.5
KLX 250,MANTENIMIENTO Y/O CAMBIO BATERÍA (LIMPIEZA. REV. ELECTROLITO),0.5
TRANS-SPORT,MANTENIMIENTO Y/O CAMBIO BATERÍA (LIMPIEZA. REV. ELECTROLITO),0.3
MRX 150,MANTENIMIENTO Y/O CAMBIO BATERÍA (LIMPIEZA. REV. ELECTROLITO),0.3
BOMBER 125,MANTENIMIENTO Y/O CAMBIO BATERÍA (LIMPIEZA. REV. ELECTROLITO),0.3
BOMBER 250,MANTENIMIENTO Y/O CAMBIO BATERÍA (LIMPIEZA. REV. ELECTROLITO),0.3
COMBAT 125,MANTENIMIENTO Y/O CAMBIO BATERÍA (LIMPIEZA. REV. ELECTROLITO),0.3
VENOM 250,MANTENIMIENTO Y/O CAMBIO BATERÍA (LIMPIEZA. REV. ELECTROLITO),0.5
ONE,MANTENIMIENTO Y/O CAMBIO BATERÍA (LIMPIEZA. REV. ELECTROLITO),0.3
FLOW,MANTENIMIENTO Y/O CAMBIO BATERÍA (LIMPIEZA. REV. ELECTROLITO),0.3
ADVANCE II LF,MANTENIMIENTO Y/O CAMBIO BATERÍA (LIMPIEZA. REV. ELECTROLITO),0.3
SHOCK,MANTENIMIENTO Y/O CAMBIO BATERÍA (LIMPIEZA. REV. ELECTROLITO),0.3
BET & WIN,AJUSTE DE NIVEL Y /O PURGA DEL SISTEMA DE REFRIGERACIÓN,0.5
PULSAR 200,AJUSTE DE NIVEL Y /O PURGA DEL SISTEMA DE REFRIGERACIÓN,0.5
PULSAR 150 AS,AJUSTE DE NIVEL Y /O PURGA DEL SISTEMA DE REFRIGERACIÓN,0.5
PULSAR 200 AS,AJUSTE DE NIVEL Y /O PURGA DEL SISTEMA DE REFRIGERACIÓN,0.5
PULSAR 200 NS,AJUSTE DE NIVEL Y /O PURGA DEL SISTEMA DE REFRIGERACIÓN,0.5
TITAN,AJUSTE DE NIVEL Y /O PURGA DEL SISTEMA DE REFRIGERACIÓN,0.5
PULSAR  RS 200,AJUSTE DE NIVEL Y /O PURGA DEL SISTEMA DE REFRIGERACIÓN,0.5
KMX,AJUSTE DE NIVEL Y /O PURGA DEL SISTEMA DE REFRIGERACIÓN,0.3
KLX 250,AJUSTE DE NIVEL Y /O PURGA DEL SISTEMA DE REFRIGERACIÓN,0.5
NINJA 250,AJUSTE DE NIVEL Y /O PURGA DEL SISTEMA DE REFRIGERACIÓN,0.5
NINJA 250 FI,AJUSTE DE NIVEL Y /O PURGA DEL SISTEMA DE REFRIGERACIÓN,0.5
Z250,AJUSTE DE NIVEL Y /O PURGA DEL SISTEMA DE REFRIGERACIÓN,0.5
Z250 SL,AJUSTE DE NIVEL Y /O PURGA DEL SISTEMA DE REFRIGERACIÓN,0.5
ER-6n,AJUSTE DE NIVEL Y /O PURGA DEL SISTEMA DE REFRIGERACIÓN,0.5
VENOM 400,AJUSTE DE NIVEL Y /O PURGA DEL SISTEMA DE REFRIGERACIÓN,0.5
VENOM 250,AJUSTE DE NIVEL Y /O PURGA DEL SISTEMA DE REFRIGERACIÓN,0.5
ZONTES 155,AJUSTE DE NIVEL Y /O PURGA DEL SISTEMA DE REFRIGERACIÓN,0.5
ZONTES 310M,AJUSTE DE NIVEL Y /O PURGA DEL SISTEMA DE REFRIGERACIÓN,2
TNT150i,AJUSTE DE NIVEL Y /O PURGA DEL SISTEMA DE REFRIGERACIÓN,0.5
180S,AJUSTE DE NIVEL Y /O PURGA DEL SISTEMA DE REFRIGERACIÓN,0.5
TNT25N,AJUSTE DE NIVEL Y /O PURGA DEL SISTEMA DE REFRIGERACIÓN,0.5
LEONCINO 500,AJUSTE DE NIVEL Y /O PURGA DEL SISTEMA DE REFRIGERACIÓN,0.5
LEONCINO 250,AJUSTE DE NIVEL Y /O PURGA DEL SISTEMA DE REFRIGERACIÓN,0.5
TRK 500X,AJUSTE DE NIVEL Y /O PURGA DEL SISTEMA DE REFRIGERACIÓN,0.5
TRK 251,AJUSTE DE NIVEL Y /O PURGA DEL SISTEMA DE REFRIGERACIÓN,0.5
302 S,AJUSTE DE NIVEL Y /O PURGA DEL SISTEMA DE REFRIGERACIÓN,0.5
TOP BOY,PURGA DEL  SISTEMA DE FRENOS CADA UNO,1
AGILITY,PURGA DEL  SISTEMA DE FRENOS CADA UNO,1
AGILITY RS,PURGA DEL  SISTEMA DE FRENOS CADA UNO,1
AGILITY CITY 150,PURGA DEL  SISTEMA DE FRENOS CADA UNO,1
BET & WIN,PURGA DEL  SISTEMA DE FRENOS CADA UNO,1
ACTIV,PURGA DEL  SISTEMA DE FRENOS CADA UNO,1
SPIKE,PURGA DEL  SISTEMA DE FRENOS CADA UNO,1
AGILITY RS  NAKED,PURGA DEL  SISTEMA DE FRENOS CADA UNO,1
SUPER 8,PURGA DEL  SISTEMA DE FRENOS CADA UNO,1
GACELA,PURGA DEL  SISTEMA DE FRENOS CADA UNO,1
CRUCERO             x-town 300,PURGA DEL  SISTEMA DE FRENOS CADA UNO,1
ROCKET,PURGA DEL  SISTEMA DE FRENOS CADA UNO,1
FLY 125,PURGA DEL  SISTEMA DE FRENOS CADA UNO,1
TWIST,PURGA DEL  SISTEMA DE FRENOS CADA UNO,1
JETIX,PURGA DEL  SISTEMA DE FRENOS CADA UNO,1
UNI-K 110,PURGA DEL  SISTEMA DE FRENOS CADA UNO,1
TRACK,PURGA DEL  SISTEMA DE FRENOS CADA UNO,1
PULSAR 135,PURGA DEL  SISTEMA DE FRENOS CADA UNO,1
Perseo,PURGA DEL  SISTEMA DE FRENOS CADA UNO,1
PULSAR,PURGA DEL  SISTEMA DE FRENOS CADA UNO,1
PULSAR 180 UG,PURGA DEL  SISTEMA DE FRENOS CADA UNO,1
PULSAR 150,PURGA DEL  SISTEMA DE FRENOS CADA UNO,1
THOR 160,PURGA DEL  SISTEMA DE FRENOS CADA UNO,1
PULSAR 200,PURGA DEL  SISTEMA DE FRENOS CADA UNO,1
PULSAR 150 NS,PURGA DEL  SISTEMA DE FRENOS CADA UNO,1
PULSAR 150 AS,PURGA DEL  SISTEMA DE FRENOS CADA UNO,1
PULSAR 200 AS,PURGA DEL  SISTEMA DE FRENOS CADA UNO,1
PULSAR 200 NS,PURGA DEL  SISTEMA DE FRENOS CADA UNO,1
TITAN,PURGA DEL  SISTEMA DE FRENOS CADA UNO,1
PULSAR  RS 200,PURGA DEL  SISTEMA DE FRENOS CADA UNO,1
PULSAR 220,PURGA DEL  SISTEMA DE FRENOS CADA UNO,1
AVENGER 220,PURGA DEL  SISTEMA DE FRENOS CADA UNO,1
XCD,PURGA DEL  SISTEMA DE FRENOS CADA UNO,1
DISCOVER 150,PURGA DEL  SISTEMA DE FRENOS CADA UNO,1
DISCOVER 125 ST,PURGA DEL  SISTEMA DE FRENOS CADA UNO,1
MOTOCARRO 4T,PURGA DEL  SISTEMA DE FRENOS CADA UNO,1.5
TORITO,PURGA DEL  SISTEMA DE FRENOS CADA UNO,1.5
KAZE MAX II,PURGA DEL  SISTEMA DE FRENOS CADA UNO,0.8
ZX 130- MAGIC II,PURGA DEL  SISTEMA DE FRENOS CADA UNO,1
KMX,PURGA DEL  SISTEMA DE FRENOS CADA UNO,1
KLX 150,PURGA DEL  SISTEMA DE FRENOS CADA UNO,1
KLX150  L,PURGA DEL  SISTEMA DE FRENOS CADA UNO,1
KLX 250,PURGA DEL  SISTEMA DE FRENOS CADA UNO,1
NINJA 250,PURGA DEL  SISTEMA DE FRENOS CADA UNO,1
NINJA 250 FI,PURGA DEL  SISTEMA DE FRENOS CADA UNO,1
Z250,PURGA DEL  SISTEMA DE FRENOS CADA UNO,1
Z250 SL,PURGA DEL  SISTEMA DE FRENOS CADA UNO,1
ER-6n,PURGA DEL  SISTEMA DE FRENOS CADA UNO,1
MRX 150,PURGA DEL  SISTEMA DE FRENOS CADA UNO,1
FURAX,PURGA DEL  SISTEMA DE FRENOS CADA UNO,1
BOMBER 125,PURGA DEL  SISTEMA DE FRENOS CADA UNO,1
BOMBER 250,PURGA DEL  SISTEMA DE FRENOS CADA UNO,1
COMBAT 125,PURGA DEL  SISTEMA DE FRENOS CADA UNO,1
ZS,PURGA DEL  SISTEMA DE FRENOS CADA UNO,1
LIFE,PURGA DEL  SISTEMA DE FRENOS CADA UNO,1
HUNTER,PURGA DEL  SISTEMA DE FRENOS CADA UNO,1
BLACK,PURGA DEL  SISTEMA DE FRENOS CADA UNO,1
VENOM 400,PURGA DEL  SISTEMA DE FRENOS CADA UNO,0.5
VENOM 250,PURGA DEL  SISTEMA DE FRENOS CADA UNO,1
ONE,PURGA DEL  SISTEMA DE FRENOS CADA UNO,1
FLOW,PURGA DEL  SISTEMA DE FRENOS CADA UNO,1
ADVANCE II LF,PURGA DEL  SISTEMA DE FRENOS CADA UNO,1
ZONTES 155,PURGA DEL  SISTEMA DE FRENOS CADA UNO,1
ZONTES 310M,PURGA DEL  SISTEMA DE FRENOS CADA UNO,1
SHOCK,PURGA DEL  SISTEMA DE FRENOS CADA UNO,1
TNT150i,PURGA DEL  SISTEMA DE FRENOS CADA UNO,1
180S,PURGA DEL  SISTEMA DE FRENOS CADA UNO,1
TNT25N,PURGA DEL  SISTEMA DE FRENOS CADA UNO,1
LEONCINO 500,PURGA DEL  SISTEMA DE FRENOS CADA UNO,1
LEONCINO 250,PURGA DEL  SISTEMA DE FRENOS CADA UNO,1
TRK 500X,PURGA DEL  SISTEMA DE FRENOS CADA UNO,1
TRK 251,PURGA DEL  SISTEMA DE FRENOS CADA UNO,1
302 S,PURGA DEL  SISTEMA DE FRENOS CADA UNO,1
TOP BOY,SINCRONIZADA ( CARB. FILTRO DE AIRE. BUJÍA. CALIBRAR VÁLVULAS),1.5
AGILITY,SINCRONIZADA ( CARB. FILTRO DE AIRE. BUJÍA. CALIBRAR VÁLVULAS),2
AGILITY RS,SINCRONIZADA ( CARB. FILTRO DE AIRE. BUJÍA. CALIBRAR VÁLVULAS),2
AGILITY CITY 150,SINCRONIZADA ( CARB. FILTRO DE AIRE. BUJÍA. CALIBRAR VÁLVULAS),2
BET & WIN,SINCRONIZADA ( CARB. FILTRO DE AIRE. BUJÍA. CALIBRAR VÁLVULAS),2
ACTIV,SINCRONIZADA ( CARB. FILTRO DE AIRE. BUJÍA. CALIBRAR VÁLVULAS),1.2
SPIKE,SINCRONIZADA ( CARB. FILTRO DE AIRE. BUJÍA. CALIBRAR VÁLVULAS),1.2
AGILITY RS  NAKED,SINCRONIZADA ( CARB. FILTRO DE AIRE. BUJÍA. CALIBRAR VÁLVULAS),2
SUPER 8,SINCRONIZADA ( CARB. FILTRO DE AIRE. BUJÍA. CALIBRAR VÁLVULAS),2
GACELA,SINCRONIZADA ( CARB. FILTRO DE AIRE. BUJÍA. CALIBRAR VÁLVULAS),2
CRUCERO             x-town 300,SINCRONIZADA ( CARB. FILTRO DE AIRE. BUJÍA. CALIBRAR VÁLVULAS),2
ROCKET,SINCRONIZADA ( CARB. FILTRO DE AIRE. BUJÍA. CALIBRAR VÁLVULAS),2
FLY 125,SINCRONIZADA ( CARB. FILTRO DE AIRE. BUJÍA. CALIBRAR VÁLVULAS),2
TWIST,SINCRONIZADA ( CARB. FILTRO DE AIRE. BUJÍA. CALIBRAR VÁLVULAS),2
JETIX,SINCRONIZADA ( CARB. FILTRO DE AIRE. BUJÍA. CALIBRAR VÁLVULAS),1.2
UNI-K 110,SINCRONIZADA ( CARB. FILTRO DE AIRE. BUJÍA. CALIBRAR VÁLVULAS),1.2
TRACK,SINCRONIZADA ( CARB. FILTRO DE AIRE. BUJÍA. CALIBRAR VÁLVULAS),1.2
PULSAR 135,SINCRONIZADA ( CARB. FILTRO DE AIRE. BUJÍA. CALIBRAR VÁLVULAS),1.5
Perseo,SINCRONIZADA ( CARB. FILTRO DE AIRE. BUJÍA. CALIBRAR VÁLVULAS),1.5
PULSAR,SINCRONIZADA ( CARB. FILTRO DE AIRE. BUJÍA. CALIBRAR VÁLVULAS),1.5
PULSAR 180 UG,SINCRONIZADA ( CARB. FILTRO DE AIRE. BUJÍA. CALIBRAR VÁLVULAS),1.5
PULSAR 150,SINCRONIZADA ( CARB. FILTRO DE AIRE. BUJÍA. CALIBRAR VÁLVULAS),1.5
THOR 160,SINCRONIZADA ( CARB. FILTRO DE AIRE. BUJÍA. CALIBRAR VÁLVULAS),1.5
PULSAR 200,SINCRONIZADA ( CARB. FILTRO DE AIRE. BUJÍA. CALIBRAR VÁLVULAS),1
PULSAR 150 NS,SINCRONIZADA ( CARB. FILTRO DE AIRE. BUJÍA. CALIBRAR VÁLVULAS),2.8
PULSAR 150 AS,SINCRONIZADA ( CARB. FILTRO DE AIRE. BUJÍA. CALIBRAR VÁLVULAS),3.1
PULSAR 200 AS,SINCRONIZADA ( CARB. FILTRO DE AIRE. BUJÍA. CALIBRAR VÁLVULAS),3.1
PULSAR 200 NS,SINCRONIZADA ( CARB. FILTRO DE AIRE. BUJÍA. CALIBRAR VÁLVULAS),2.8
TITAN,SINCRONIZADA ( CARB. FILTRO DE AIRE. BUJÍA. CALIBRAR VÁLVULAS),3
PULSAR  RS 200,SINCRONIZADA ( CARB. FILTRO DE AIRE. BUJÍA. CALIBRAR VÁLVULAS),3.3
PULSAR 220,SINCRONIZADA ( CARB. FILTRO DE AIRE. BUJÍA. CALIBRAR VÁLVULAS),1.5
AVENGER 220,SINCRONIZADA ( CARB. FILTRO DE AIRE. BUJÍA. CALIBRAR VÁLVULAS),1.5
XCD,SINCRONIZADA ( CARB. FILTRO DE AIRE. BUJÍA. CALIBRAR VÁLVULAS),1.5
DISCOVER 100,SINCRONIZADA ( CARB. FILTRO DE AIRE. BUJÍA. CALIBRAR VÁLVULAS),1.5
DISCOVER 135,SINCRONIZADA ( CARB. FILTRO DE AIRE. BUJÍA. CALIBRAR VÁLVULAS),1.5
BOXER,SINCRONIZADA ( CARB. FILTRO DE AIRE. BUJÍA. CALIBRAR VÁLVULAS),1.5
LEXUS,SINCRONIZADA ( CARB. FILTRO DE AIRE. BUJÍA. CALIBRAR VÁLVULAS),1.5
DISCOVER 100 5S,SINCRONIZADA ( CARB. FILTRO DE AIRE. BUJÍA. CALIBRAR VÁLVULAS),1.5
DISCOVER 150,SINCRONIZADA ( CARB. FILTRO DE AIRE. BUJÍA. CALIBRAR VÁLVULAS),1.5
CHAMPION,SINCRONIZADA ( CARB. FILTRO DE AIRE. BUJÍA. CALIBRAR VÁLVULAS),1.5
DISCOVER 125 ST,SINCRONIZADA ( CARB. FILTRO DE AIRE. BUJÍA. CALIBRAR VÁLVULAS),1.5
BOXER BM 100,SINCRONIZADA ( CARB. FILTRO DE AIRE. BUJÍA. CALIBRAR VÁLVULAS),1.5
BOXER BM 150,SINCRONIZADA ( CARB. FILTRO DE AIRE. BUJÍA. CALIBRAR VÁLVULAS),1.5
BOXER BM 100 ES,SINCRONIZADA ( CARB. FILTRO DE AIRE. BUJÍA. CALIBRAR VÁLVULAS),1.5
PLATINO 125,SINCRONIZADA ( CARB. FILTRO DE AIRE. BUJÍA. CALIBRAR VÁLVULAS),1
PLATINO 125 - 5S,SINCRONIZADA ( CARB. FILTRO DE AIRE. BUJÍA. CALIBRAR VÁLVULAS),1
PLATINO 100,SINCRONIZADA ( CARB. FILTRO DE AIRE. BUJÍA. CALIBRAR VÁLVULAS),1
PLATINO 110,SINCRONIZADA ( CARB. FILTRO DE AIRE. BUJÍA. CALIBRAR VÁLVULAS),1
FAMILLY,SINCRONIZADA ( CARB. FILTRO DE AIRE. BUJÍA. CALIBRAR VÁLVULAS),1
MOTOCARRO 4T,SINCRONIZADA ( CARB. FILTRO DE AIRE. BUJÍA. CALIBRAR VÁLVULAS),2
TORITO,SINCRONIZADA ( CARB. FILTRO DE AIRE. BUJÍA. CALIBRAR VÁLVULAS),2
KAZE MAX II,SINCRONIZADA ( CARB. FILTRO DE AIRE. BUJÍA. CALIBRAR VÁLVULAS),2
ZX 130- MAGIC II,SINCRONIZADA ( CARB. FILTRO DE AIRE. BUJÍA. CALIBRAR VÁLVULAS),1.2
KMX,SINCRONIZADA ( CARB. FILTRO DE AIRE. BUJÍA. CALIBRAR VÁLVULAS),1.5
KLX 150,SINCRONIZADA ( CARB. FILTRO DE AIRE. BUJÍA. CALIBRAR VÁLVULAS),1.5
KLX150  L,SINCRONIZADA ( CARB. FILTRO DE AIRE. BUJÍA. CALIBRAR VÁLVULAS),1.5
KLX 250,SINCRONIZADA ( CARB. FILTRO DE AIRE. BUJÍA. CALIBRAR VÁLVULAS),2.5
NINJA 250,SINCRONIZADA ( CARB. FILTRO DE AIRE. BUJÍA. CALIBRAR VÁLVULAS),2.5
NINJA 250 FI,SINCRONIZADA ( CARB. FILTRO DE AIRE. BUJÍA. CALIBRAR VÁLVULAS),2.5
Z250,SINCRONIZADA ( CARB. FILTRO DE AIRE. BUJÍA. CALIBRAR VÁLVULAS),2.5
Z250 SL,SINCRONIZADA ( CARB. FILTRO DE AIRE. BUJÍA. CALIBRAR VÁLVULAS),2.2
ER-6n,SINCRONIZADA ( CARB. FILTRO DE AIRE. BUJÍA. CALIBRAR VÁLVULAS),2.5
TRANS-SPORT,SINCRONIZADA ( CARB. FILTRO DE AIRE. BUJÍA. CALIBRAR VÁLVULAS),1.5
MRX 150,SINCRONIZADA ( CARB. FILTRO DE AIRE. BUJÍA. CALIBRAR VÁLVULAS),1.5
FURAX,SINCRONIZADA ( CARB. FILTRO DE AIRE. BUJÍA. CALIBRAR VÁLVULAS),2
BOMBER 125,SINCRONIZADA ( CARB. FILTRO DE AIRE. BUJÍA. CALIBRAR VÁLVULAS),2.5
BOMBER 250,SINCRONIZADA ( CARB. FILTRO DE AIRE. BUJÍA. CALIBRAR VÁLVULAS),1
COMBAT 125,SINCRONIZADA ( CARB. FILTRO DE AIRE. BUJÍA. CALIBRAR VÁLVULAS),2.5
ZS,SINCRONIZADA ( CARB. FILTRO DE AIRE. BUJÍA. CALIBRAR VÁLVULAS),2
LIFE,SINCRONIZADA ( CARB. FILTRO DE AIRE. BUJÍA. CALIBRAR VÁLVULAS),2
HUNTER,SINCRONIZADA ( CARB. FILTRO DE AIRE. BUJÍA. CALIBRAR VÁLVULAS),2
BLACK,SINCRONIZADA ( CARB. FILTRO DE AIRE. BUJÍA. CALIBRAR VÁLVULAS),2
VENOM 400,SINCRONIZADA ( CARB. FILTRO DE AIRE. BUJÍA. CALIBRAR VÁLVULAS),3
VENOM 250,SINCRONIZADA ( CARB. FILTRO DE AIRE. BUJÍA. CALIBRAR VÁLVULAS),2.8
ONE,SINCRONIZADA ( CARB. FILTRO DE AIRE. BUJÍA. CALIBRAR VÁLVULAS),1.2
FLOW,SINCRONIZADA ( CARB. FILTRO DE AIRE. BUJÍA. CALIBRAR VÁLVULAS),1.2
ADVANCE II LF,SINCRONIZADA ( CARB. FILTRO DE AIRE. BUJÍA. CALIBRAR VÁLVULAS),1.2
ZONTES 155,SINCRONIZADA ( CARB. FILTRO DE AIRE. BUJÍA. CALIBRAR VÁLVULAS),2.5
ZONTES 310M,SINCRONIZADA ( CARB. FILTRO DE AIRE. BUJÍA. CALIBRAR VÁLVULAS),3.5
SHOCK,SINCRONIZADA ( CARB. FILTRO DE AIRE. BUJÍA. CALIBRAR VÁLVULAS),1.2
TNT150i,SINCRONIZADA ( CARB. FILTRO DE AIRE. BUJÍA. CALIBRAR VÁLVULAS),2.5
180S,SINCRONIZADA ( CARB. FILTRO DE AIRE. BUJÍA. CALIBRAR VÁLVULAS),2.5
TNT25N,SINCRONIZADA ( CARB. FILTRO DE AIRE. BUJÍA. CALIBRAR VÁLVULAS),2.5
LEONCINO 500,SINCRONIZADA ( CARB. FILTRO DE AIRE. BUJÍA. CALIBRAR VÁLVULAS),2.5
LEONCINO 250,SINCRONIZADA ( CARB. FILTRO DE AIRE. BUJÍA. CALIBRAR VÁLVULAS),2.5
TRK 500X,SINCRONIZADA ( CARB. FILTRO DE AIRE. BUJÍA. CALIBRAR VÁLVULAS),2.5
TRK 251,SINCRONIZADA ( CARB. FILTRO DE AIRE. BUJÍA. CALIBRAR VÁLVULAS),2.5
302 S,SINCRONIZADA ( CARB. FILTRO DE AIRE. BUJÍA. CALIBRAR VÁLVULAS),2.5
TOP BOY,REAJUSTE GENERAL CON EL TORQUE ADECUADO (TORNILLERIA EN GENERAL Y AJUSTE DE RADIOS),1
AGILITY,REAJUSTE GENERAL CON EL TORQUE ADECUADO (TORNILLERIA EN GENERAL Y AJUSTE DE RADIOS),1
AGILITY RS,REAJUSTE GENERAL CON EL TORQUE ADECUADO (TORNILLERIA EN GENERAL Y AJUSTE DE RADIOS),0.5
AGILITY CITY 150,REAJUSTE GENERAL CON EL TORQUE ADECUADO (TORNILLERIA EN GENERAL Y AJUSTE DE RADIOS),0.5
BET & WIN,REAJUSTE GENERAL CON EL TORQUE ADECUADO (TORNILLERIA EN GENERAL Y AJUSTE DE RADIOS),0.5
ACTIV,REAJUSTE GENERAL CON EL TORQUE ADECUADO (TORNILLERIA EN GENERAL Y AJUSTE DE RADIOS),0.5
SPIKE,REAJUSTE GENERAL CON EL TORQUE ADECUADO (TORNILLERIA EN GENERAL Y AJUSTE DE RADIOS),0.5
AGILITY RS  NAKED,REAJUSTE GENERAL CON EL TORQUE ADECUADO (TORNILLERIA EN GENERAL Y AJUSTE DE RADIOS),0.5
SUPER 8,REAJUSTE GENERAL CON EL TORQUE ADECUADO (TORNILLERIA EN GENERAL Y AJUSTE DE RADIOS),0.5
GACELA,REAJUSTE GENERAL CON EL TORQUE ADECUADO (TORNILLERIA EN GENERAL Y AJUSTE DE RADIOS),0.5
CRUCERO             x-town 300,REAJUSTE GENERAL CON EL TORQUE ADECUADO (TORNILLERIA EN GENERAL Y AJUSTE DE RADIOS),0.5
ROCKET,REAJUSTE GENERAL CON EL TORQUE ADECUADO (TORNILLERIA EN GENERAL Y AJUSTE DE RADIOS),0.5
FLY 125,REAJUSTE GENERAL CON EL TORQUE ADECUADO (TORNILLERIA EN GENERAL Y AJUSTE DE RADIOS),0.5
TWIST,REAJUSTE GENERAL CON EL TORQUE ADECUADO (TORNILLERIA EN GENERAL Y AJUSTE DE RADIOS),0.5
JETIX,REAJUSTE GENERAL CON EL TORQUE ADECUADO (TORNILLERIA EN GENERAL Y AJUSTE DE RADIOS),0.5
UNI-K 110,REAJUSTE GENERAL CON EL TORQUE ADECUADO (TORNILLERIA EN GENERAL Y AJUSTE DE RADIOS),0.5
TRACK,REAJUSTE GENERAL CON EL TORQUE ADECUADO (TORNILLERIA EN GENERAL Y AJUSTE DE RADIOS),0.5
PULSAR 135,REAJUSTE GENERAL CON EL TORQUE ADECUADO (TORNILLERIA EN GENERAL Y AJUSTE DE RADIOS),0.5
Perseo,REAJUSTE GENERAL CON EL TORQUE ADECUADO (TORNILLERIA EN GENERAL Y AJUSTE DE RADIOS),0.5
PULSAR,REAJUSTE GENERAL CON EL TORQUE ADECUADO (TORNILLERIA EN GENERAL Y AJUSTE DE RADIOS),0.5
PULSAR 180 UG,REAJUSTE GENERAL CON EL TORQUE ADECUADO (TORNILLERIA EN GENERAL Y AJUSTE DE RADIOS),0.5
PULSAR 150,REAJUSTE GENERAL CON EL TORQUE ADECUADO (TORNILLERIA EN GENERAL Y AJUSTE DE RADIOS),0.5
THOR 160,REAJUSTE GENERAL CON EL TORQUE ADECUADO (TORNILLERIA EN GENERAL Y AJUSTE DE RADIOS),0.5
PULSAR 200,REAJUSTE GENERAL CON EL TORQUE ADECUADO (TORNILLERIA EN GENERAL Y AJUSTE DE RADIOS),0.5
PULSAR 150 NS,REAJUSTE GENERAL CON EL TORQUE ADECUADO (TORNILLERIA EN GENERAL Y AJUSTE DE RADIOS),0.5
PULSAR 150 AS,REAJUSTE GENERAL CON EL TORQUE ADECUADO (TORNILLERIA EN GENERAL Y AJUSTE DE RADIOS),0.5
PULSAR 200 AS,REAJUSTE GENERAL CON EL TORQUE ADECUADO (TORNILLERIA EN GENERAL Y AJUSTE DE RADIOS),0.5
PULSAR 200 NS,REAJUSTE GENERAL CON EL TORQUE ADECUADO (TORNILLERIA EN GENERAL Y AJUSTE DE RADIOS),0.5
TITAN,REAJUSTE GENERAL CON EL TORQUE ADECUADO (TORNILLERIA EN GENERAL Y AJUSTE DE RADIOS),0.5
PULSAR  RS 200,REAJUSTE GENERAL CON EL TORQUE ADECUADO (TORNILLERIA EN GENERAL Y AJUSTE DE RADIOS),0.5
PULSAR 220,REAJUSTE GENERAL CON EL TORQUE ADECUADO (TORNILLERIA EN GENERAL Y AJUSTE DE RADIOS),0.5
AVENGER 220,REAJUSTE GENERAL CON EL TORQUE ADECUADO (TORNILLERIA EN GENERAL Y AJUSTE DE RADIOS),0.5
XCD,REAJUSTE GENERAL CON EL TORQUE ADECUADO (TORNILLERIA EN GENERAL Y AJUSTE DE RADIOS),0.5
DISCOVER 100,REAJUSTE GENERAL CON EL TORQUE ADECUADO (TORNILLERIA EN GENERAL Y AJUSTE DE RADIOS),0.5
DISCOVER 135,REAJUSTE GENERAL CON EL TORQUE ADECUADO (TORNILLERIA EN GENERAL Y AJUSTE DE RADIOS),0.5
BOXER,REAJUSTE GENERAL CON EL TORQUE ADECUADO (TORNILLERIA EN GENERAL Y AJUSTE DE RADIOS),0.5
LEXUS,REAJUSTE GENERAL CON EL TORQUE ADECUADO (TORNILLERIA EN GENERAL Y AJUSTE DE RADIOS),0.5
DISCOVER 100 5S,REAJUSTE GENERAL CON EL TORQUE ADECUADO (TORNILLERIA EN GENERAL Y AJUSTE DE RADIOS),0.5
DISCOVER 150,REAJUSTE GENERAL CON EL TORQUE ADECUADO (TORNILLERIA EN GENERAL Y AJUSTE DE RADIOS),0.5
CHAMPION,REAJUSTE GENERAL CON EL TORQUE ADECUADO (TORNILLERIA EN GENERAL Y AJUSTE DE RADIOS),0.5
DISCOVER 125 ST,REAJUSTE GENERAL CON EL TORQUE ADECUADO (TORNILLERIA EN GENERAL Y AJUSTE DE RADIOS),0.5
BOXER BM 100,REAJUSTE GENERAL CON EL TORQUE ADECUADO (TORNILLERIA EN GENERAL Y AJUSTE DE RADIOS),0.5
BOXER BM 150,REAJUSTE GENERAL CON EL TORQUE ADECUADO (TORNILLERIA EN GENERAL Y AJUSTE DE RADIOS),0.5
BOXER BM 100 ES,REAJUSTE GENERAL CON EL TORQUE ADECUADO (TORNILLERIA EN GENERAL Y AJUSTE DE RADIOS),0.5
PLATINO 125,REAJUSTE GENERAL CON EL TORQUE ADECUADO (TORNILLERIA EN GENERAL Y AJUSTE DE RADIOS),0.5
PLATINO 125 - 5S,REAJUSTE GENERAL CON EL TORQUE ADECUADO (TORNILLERIA EN GENERAL Y AJUSTE DE RADIOS),0.5
PLATINO 100,REAJUSTE GENERAL CON EL TORQUE ADECUADO (TORNILLERIA EN GENERAL Y AJUSTE DE RADIOS),0.5
PLATINO 110,REAJUSTE GENERAL CON EL TORQUE ADECUADO (TORNILLERIA EN GENERAL Y AJUSTE DE RADIOS),0.5
FAMILLY,REAJUSTE GENERAL CON EL TORQUE ADECUADO (TORNILLERIA EN GENERAL Y AJUSTE DE RADIOS),0.5
MOTOCARRO 4T,REAJUSTE GENERAL CON EL TORQUE ADECUADO (TORNILLERIA EN GENERAL Y AJUSTE DE RADIOS),1.5
TORITO,REAJUSTE GENERAL CON EL TORQUE ADECUADO (TORNILLERIA EN GENERAL Y AJUSTE DE RADIOS),1.5
KAZE MAX II,REAJUSTE GENERAL CON EL TORQUE ADECUADO (TORNILLERIA EN GENERAL Y AJUSTE DE RADIOS),0.5
ZX 130- MAGIC II,REAJUSTE GENERAL CON EL TORQUE ADECUADO (TORNILLERIA EN GENERAL Y AJUSTE DE RADIOS),0.5
KMX,REAJUSTE GENERAL CON EL TORQUE ADECUADO (TORNILLERIA EN GENERAL Y AJUSTE DE RADIOS),0.5
KLX 150,REAJUSTE GENERAL CON EL TORQUE ADECUADO (TORNILLERIA EN GENERAL Y AJUSTE DE RADIOS),0.5
KLX150  L,REAJUSTE GENERAL CON EL TORQUE ADECUADO (TORNILLERIA EN GENERAL Y AJUSTE DE RADIOS),0.5
KLX 250,REAJUSTE GENERAL CON EL TORQUE ADECUADO (TORNILLERIA EN GENERAL Y AJUSTE DE RADIOS),0.5
NINJA 250,REAJUSTE GENERAL CON EL TORQUE ADECUADO (TORNILLERIA EN GENERAL Y AJUSTE DE RADIOS),1
NINJA 250 FI,REAJUSTE GENERAL CON EL TORQUE ADECUADO (TORNILLERIA EN GENERAL Y AJUSTE DE RADIOS),1
Z250,REAJUSTE GENERAL CON EL TORQUE ADECUADO (TORNILLERIA EN GENERAL Y AJUSTE DE RADIOS),1
Z250 SL,REAJUSTE GENERAL CON EL TORQUE ADECUADO (TORNILLERIA EN GENERAL Y AJUSTE DE RADIOS),1
ER-6n,REAJUSTE GENERAL CON EL TORQUE ADECUADO (TORNILLERIA EN GENERAL Y AJUSTE DE RADIOS),0.5
TRANS-SPORT,REAJUSTE GENERAL CON EL TORQUE ADECUADO (TORNILLERIA EN GENERAL Y AJUSTE DE RADIOS),1
MRX 150,REAJUSTE GENERAL CON EL TORQUE ADECUADO (TORNILLERIA EN GENERAL Y AJUSTE DE RADIOS),1
FURAX,REAJUSTE GENERAL CON EL TORQUE ADECUADO (TORNILLERIA EN GENERAL Y AJUSTE DE RADIOS),1
BOMBER 125,REAJUSTE GENERAL CON EL TORQUE ADECUADO (TORNILLERIA EN GENERAL Y AJUSTE DE RADIOS),1
BOMBER 250,REAJUSTE GENERAL CON EL TORQUE ADECUADO (TORNILLERIA EN GENERAL Y AJUSTE DE RADIOS),0.5
COMBAT 125,REAJUSTE GENERAL CON EL TORQUE ADECUADO (TORNILLERIA EN GENERAL Y AJUSTE DE RADIOS),1
ZS,REAJUSTE GENERAL CON EL TORQUE ADECUADO (TORNILLERIA EN GENERAL Y AJUSTE DE RADIOS),0.5
LIFE,REAJUSTE GENERAL CON EL TORQUE ADECUADO (TORNILLERIA EN GENERAL Y AJUSTE DE RADIOS),0.5
HUNTER,REAJUSTE GENERAL CON EL TORQUE ADECUADO (TORNILLERIA EN GENERAL Y AJUSTE DE RADIOS),0.5
BLACK,REAJUSTE GENERAL CON EL TORQUE ADECUADO (TORNILLERIA EN GENERAL Y AJUSTE DE RADIOS),0.5
VENOM 400,REAJUSTE GENERAL CON EL TORQUE ADECUADO (TORNILLERIA EN GENERAL Y AJUSTE DE RADIOS),1.5
VENOM 250,REAJUSTE GENERAL CON EL TORQUE ADECUADO (TORNILLERIA EN GENERAL Y AJUSTE DE RADIOS),0.5
ONE,REAJUSTE GENERAL CON EL TORQUE ADECUADO (TORNILLERIA EN GENERAL Y AJUSTE DE RADIOS),0.5
FLOW,REAJUSTE GENERAL CON EL TORQUE ADECUADO (TORNILLERIA EN GENERAL Y AJUSTE DE RADIOS),0.5
ADVANCE II LF,REAJUSTE GENERAL CON EL TORQUE ADECUADO (TORNILLERIA EN GENERAL Y AJUSTE DE RADIOS),0.5
ZONTES 155,REAJUSTE GENERAL CON EL TORQUE ADECUADO (TORNILLERIA EN GENERAL Y AJUSTE DE RADIOS),1
ZONTES 310M,REAJUSTE GENERAL CON EL TORQUE ADECUADO (TORNILLERIA EN GENERAL Y AJUSTE DE RADIOS),0.4
SHOCK,REAJUSTE GENERAL CON EL TORQUE ADECUADO (TORNILLERIA EN GENERAL Y AJUSTE DE RADIOS),0.5
TNT150i,REAJUSTE GENERAL CON EL TORQUE ADECUADO (TORNILLERIA EN GENERAL Y AJUSTE DE RADIOS),1
180S,REAJUSTE GENERAL CON EL TORQUE ADECUADO (TORNILLERIA EN GENERAL Y AJUSTE DE RADIOS),1
TNT25N,REAJUSTE GENERAL CON EL TORQUE ADECUADO (TORNILLERIA EN GENERAL Y AJUSTE DE RADIOS),1
LEONCINO 500,REAJUSTE GENERAL CON EL TORQUE ADECUADO (TORNILLERIA EN GENERAL Y AJUSTE DE RADIOS),0.5
LEONCINO 250,REAJUSTE GENERAL CON EL TORQUE ADECUADO (TORNILLERIA EN GENERAL Y AJUSTE DE RADIOS),1
TRK 500X,REAJUSTE GENERAL CON EL TORQUE ADECUADO (TORNILLERIA EN GENERAL Y AJUSTE DE RADIOS),0.5
TRK 251,REAJUSTE GENERAL CON EL TORQUE ADECUADO (TORNILLERIA EN GENERAL Y AJUSTE DE RADIOS),1
302 S,REAJUSTE GENERAL CON EL TORQUE ADECUADO (TORNILLERIA EN GENERAL Y AJUSTE DE RADIOS),1
TOP BOY,MANTENIMIENTO SISTEMA TRANSMISIÓN AUTOMÁTICA (CVT),1
AGILITY,MANTENIMIENTO SISTEMA TRANSMISIÓN AUTOMÁTICA (CVT),1
AGILITY RS,MANTENIMIENTO SISTEMA TRANSMISIÓN AUTOMÁTICA (CVT),1
AGILITY CITY 150,MANTENIMIENTO SISTEMA TRANSMISIÓN AUTOMÁTICA (CVT),1
BET & WIN,MANTENIMIENTO SISTEMA TRANSMISIÓN AUTOMÁTICA (CVT),1
AGILITY RS  NAKED,MANTENIMIENTO SISTEMA TRANSMISIÓN AUTOMÁTICA (CVT),1
SUPER 8,MANTENIMIENTO SISTEMA TRANSMISIÓN AUTOMÁTICA (CVT),1
GACELA,MANTENIMIENTO SISTEMA TRANSMISIÓN AUTOMÁTICA (CVT),1
CRUCERO             x-town 300,MANTENIMIENTO SISTEMA TRANSMISIÓN AUTOMÁTICA (CVT),1
ROCKET,MANTENIMIENTO SISTEMA TRANSMISIÓN AUTOMÁTICA (CVT),1
FLY 125,MANTENIMIENTO SISTEMA TRANSMISIÓN AUTOMÁTICA (CVT),1
TWIST,MANTENIMIENTO SISTEMA TRANSMISIÓN AUTOMÁTICA (CVT),1
ZS,MANTENIMIENTO SISTEMA TRANSMISIÓN AUTOMÁTICA (CVT),1
LIFE,MANTENIMIENTO SISTEMA TRANSMISIÓN AUTOMÁTICA (CVT),1
HUNTER,MANTENIMIENTO SISTEMA TRANSMISIÓN AUTOMÁTICA (CVT),1
BLACK,MANTENIMIENTO SISTEMA TRANSMISIÓN AUTOMÁTICA (CVT),1
ZONTES 310M,MANTENIMIENTO SISTEMA TRANSMISIÓN AUTOMÁTICA (CVT),1.5
TOP BOY,LIMPIEZA Y LUBRICACIÓN DEL CLUTCH DE ARRANQUE,1
ACTIV,LIMPIEZA Y LUBRICACIÓN DEL CLUTCH DE ARRANQUE,0.8
SPIKE,LIMPIEZA Y LUBRICACIÓN DEL CLUTCH DE ARRANQUE,0.8
JETIX,LIMPIEZA Y LUBRICACIÓN DEL CLUTCH DE ARRANQUE,0.8
UNI-K 110,LIMPIEZA Y LUBRICACIÓN DEL CLUTCH DE ARRANQUE,0.8
TRACK,LIMPIEZA Y LUBRICACIÓN DEL CLUTCH DE ARRANQUE,0.8
PULSAR 135,LIMPIEZA Y LUBRICACIÓN DEL CLUTCH DE ARRANQUE,0.8
Perseo,LIMPIEZA Y LUBRICACIÓN DEL CLUTCH DE ARRANQUE,0.8
PULSAR,LIMPIEZA Y LUBRICACIÓN DEL CLUTCH DE ARRANQUE,0.8
PULSAR 180 UG,LIMPIEZA Y LUBRICACIÓN DEL CLUTCH DE ARRANQUE,0.8
PULSAR 150,LIMPIEZA Y LUBRICACIÓN DEL CLUTCH DE ARRANQUE,0.8
THOR 160,LIMPIEZA Y LUBRICACIÓN DEL CLUTCH DE ARRANQUE,0.8
PULSAR 200,LIMPIEZA Y LUBRICACIÓN DEL CLUTCH DE ARRANQUE,0.8
AVENGER 220,LIMPIEZA Y LUBRICACIÓN DEL CLUTCH DE ARRANQUE,0.8
DISCOVER 135,LIMPIEZA Y LUBRICACIÓN DEL CLUTCH DE ARRANQUE,0.8
DISCOVER 100 5S,LIMPIEZA Y LUBRICACIÓN DEL CLUTCH DE ARRANQUE,0.8
DISCOVER 150,LIMPIEZA Y LUBRICACIÓN DEL CLUTCH DE ARRANQUE,0.8
CHAMPION,LIMPIEZA Y LUBRICACIÓN DEL CLUTCH DE ARRANQUE,0.8
DISCOVER 125 ST,LIMPIEZA Y LUBRICACIÓN DEL CLUTCH DE ARRANQUE,0.8
MOTOCARRO 4T,LIMPIEZA Y LUBRICACIÓN DEL CLUTCH DE ARRANQUE,2
TORITO,LIMPIEZA Y LUBRICACIÓN DEL CLUTCH DE ARRANQUE,2
MRX 150,LIMPIEZA Y LUBRICACIÓN DEL CLUTCH DE ARRANQUE,1
FURAX,LIMPIEZA Y LUBRICACIÓN DEL CLUTCH DE ARRANQUE,1
BOMBER 125,LIMPIEZA Y LUBRICACIÓN DEL CLUTCH DE ARRANQUE,1
COMBAT 125,LIMPIEZA Y LUBRICACIÓN DEL CLUTCH DE ARRANQUE,1
ONE,LIMPIEZA Y LUBRICACIÓN DEL CLUTCH DE ARRANQUE,0.8
FLOW,LIMPIEZA Y LUBRICACIÓN DEL CLUTCH DE ARRANQUE,0.8
ADVANCE II LF,LIMPIEZA Y LUBRICACIÓN DEL CLUTCH DE ARRANQUE,0.8
ZONTES 155,LIMPIEZA Y LUBRICACIÓN DEL CLUTCH DE ARRANQUE,2
ZONTES 310M,LIMPIEZA Y LUBRICACIÓN DEL CLUTCH DE ARRANQUE,2
SHOCK,LIMPIEZA Y LUBRICACIÓN DEL CLUTCH DE ARRANQUE,0.8
TOP BOY,TENSION Y LUBRICACION DE CABLES (clutch. choke. acelerador y freno),0.7
AGILITY,TENSION Y LUBRICACION DE CABLES (clutch. choke. acelerador y freno),0.5
AGILITY RS,TENSION Y LUBRICACION DE CABLES (clutch. choke. acelerador y freno),0.5
AGILITY CITY 150,TENSION Y LUBRICACION DE CABLES (clutch. choke. acelerador y freno),0.5
BET & WIN,TENSION Y LUBRICACION DE CABLES (clutch. choke. acelerador y freno),0.5
ACTIV,TENSION Y LUBRICACION DE CABLES (clutch. choke. acelerador y freno),0.7
SPIKE,TENSION Y LUBRICACION DE CABLES (clutch. choke. acelerador y freno),0.7
AGILITY RS  NAKED,TENSION Y LUBRICACION DE CABLES (clutch. choke. acelerador y freno),0.5
SUPER 8,TENSION Y LUBRICACION DE CABLES (clutch. choke. acelerador y freno),0.5
GACELA,TENSION Y LUBRICACION DE CABLES (clutch. choke. acelerador y freno),0.5
CRUCERO             x-town 300,TENSION Y LUBRICACION DE CABLES (clutch. choke. acelerador y freno),0.5
ROCKET,TENSION Y LUBRICACION DE CABLES (clutch. choke. acelerador y freno),0.5
FLY 125,TENSION Y LUBRICACION DE CABLES (clutch. choke. acelerador y freno),0.5
TWIST,TENSION Y LUBRICACION DE CABLES (clutch. choke. acelerador y freno),0.5
JETIX,TENSION Y LUBRICACION DE CABLES (clutch. choke. acelerador y freno),0.7
UNI-K 110,TENSION Y LUBRICACION DE CABLES (clutch. choke. acelerador y freno),0.7
TRACK,TENSION Y LUBRICACION DE CABLES (clutch. choke. acelerador y freno),0.7
PULSAR 135,TENSION Y LUBRICACION DE CABLES (clutch. choke. acelerador y freno),0.5
Perseo,TENSION Y LUBRICACION DE CABLES (clutch. choke. acelerador y freno),0.5
PULSAR,TENSION Y LUBRICACION DE CABLES (clutch. choke. acelerador y freno),0.7
PULSAR 180 UG,TENSION Y LUBRICACION DE CABLES (clutch. choke. acelerador y freno),0.7
PULSAR 150,TENSION Y LUBRICACION DE CABLES (clutch. choke. acelerador y freno),0.7
THOR 160,TENSION Y LUBRICACION DE CABLES (clutch. choke. acelerador y freno),0.7
PULSAR 200,TENSION Y LUBRICACION DE CABLES (clutch. choke. acelerador y freno),0.7
PULSAR 150 NS,TENSION Y LUBRICACION DE CABLES (clutch. choke. acelerador y freno),0.7
PULSAR 150 AS,TENSION Y LUBRICACION DE CABLES (clutch. choke. acelerador y freno),0.7
PULSAR 200 AS,TENSION Y LUBRICACION DE CABLES (clutch. choke. acelerador y freno),0.7
PULSAR 200 NS,TENSION Y LUBRICACION DE CABLES (clutch. choke. acelerador y freno),0.7
TITAN,TENSION Y LUBRICACION DE CABLES (clutch. choke. acelerador y freno),0.7
PULSAR  RS 200,TENSION Y LUBRICACION DE CABLES (clutch. choke. acelerador y freno),0.7
PULSAR 220,TENSION Y LUBRICACION DE CABLES (clutch. choke. acelerador y freno),0.7
AVENGER 220,TENSION Y LUBRICACION DE CABLES (clutch. choke. acelerador y freno),0.7
XCD,TENSION Y LUBRICACION DE CABLES (clutch. choke. acelerador y freno),0.5
DISCOVER 100,TENSION Y LUBRICACION DE CABLES (clutch. choke. acelerador y freno),0.5
DISCOVER 135,TENSION Y LUBRICACION DE CABLES (clutch. choke. acelerador y freno),0.5
BOXER,TENSION Y LUBRICACION DE CABLES (clutch. choke. acelerador y freno),0.5
LEXUS,TENSION Y LUBRICACION DE CABLES (clutch. choke. acelerador y freno),0.5
DISCOVER 100 5S,TENSION Y LUBRICACION DE CABLES (clutch. choke. acelerador y freno),0.5
DISCOVER 150,TENSION Y LUBRICACION DE CABLES (clutch. choke. acelerador y freno),0.5
CHAMPION,TENSION Y LUBRICACION DE CABLES (clutch. choke. acelerador y freno),0.5
DISCOVER 125 ST,TENSION Y LUBRICACION DE CABLES (clutch. choke. acelerador y freno),0.5
BOXER BM 100,TENSION Y LUBRICACION DE CABLES (clutch. choke. acelerador y freno),0.5
BOXER BM 150,TENSION Y LUBRICACION DE CABLES (clutch. choke. acelerador y freno),0.5
BOXER BM 100 ES,TENSION Y LUBRICACION DE CABLES (clutch. choke. acelerador y freno),0.5
PLATINO 125,TENSION Y LUBRICACION DE CABLES (clutch. choke. acelerador y freno),0.5
PLATINO 125 - 5S,TENSION Y LUBRICACION DE CABLES (clutch. choke. acelerador y freno),0.5
PLATINO 100,TENSION Y LUBRICACION DE CABLES (clutch. choke. acelerador y freno),0.7
PLATINO 110,TENSION Y LUBRICACION DE CABLES (clutch. choke. acelerador y freno),0.5
FAMILLY,TENSION Y LUBRICACION DE CABLES (clutch. choke. acelerador y freno),0.5
MOTOCARRO 4T,TENSION Y LUBRICACION DE CABLES (clutch. choke. acelerador y freno),1
TORITO,TENSION Y LUBRICACION DE CABLES (clutch. choke. acelerador y freno),1
KAZE MAX II,TENSION Y LUBRICACION DE CABLES (clutch. choke. acelerador y freno),0.7
ZX 130- MAGIC II,TENSION Y LUBRICACION DE CABLES (clutch. choke. acelerador y freno),0.7
KMX,TENSION Y LUBRICACION DE CABLES (clutch. choke. acelerador y freno),0.7
KLX 150,TENSION Y LUBRICACION DE CABLES (clutch. choke. acelerador y freno),0.7
KLX150  L,TENSION Y LUBRICACION DE CABLES (clutch. choke. acelerador y freno),0.7
KLX 250,TENSION Y LUBRICACION DE CABLES (clutch. choke. acelerador y freno),0.7
NINJA 250,TENSION Y LUBRICACION DE CABLES (clutch. choke. acelerador y freno),0.7
NINJA 250 FI,TENSION Y LUBRICACION DE CABLES (clutch. choke. acelerador y freno),0.7
Z250,TENSION Y LUBRICACION DE CABLES (clutch. choke. acelerador y freno),0.7
Z250 SL,TENSION Y LUBRICACION DE CABLES (clutch. choke. acelerador y freno),0.7
ER-6n,TENSION Y LUBRICACION DE CABLES (clutch. choke. acelerador y freno),0.7
TRANS-SPORT,TENSION Y LUBRICACION DE CABLES (clutch. choke. acelerador y freno),0.7
MRX 150,TENSION Y LUBRICACION DE CABLES (clutch. choke. acelerador y freno),0.7
FURAX,TENSION Y LUBRICACION DE CABLES (clutch. choke. acelerador y freno),0.7
BOMBER 125,TENSION Y LUBRICACION DE CABLES (clutch. choke. acelerador y freno),0.5
BOMBER 250,TENSION Y LUBRICACION DE CABLES (clutch. choke. acelerador y freno),0.4
COMBAT 125,TENSION Y LUBRICACION DE CABLES (clutch. choke. acelerador y freno),0.5
ZS,TENSION Y LUBRICACION DE CABLES (clutch. choke. acelerador y freno),0.5
LIFE,TENSION Y LUBRICACION DE CABLES (clutch. choke. acelerador y freno),0.5
VENOM 400,TENSION Y LUBRICACION DE CABLES (clutch. choke. acelerador y freno),0.5
VENOM 250,TENSION Y LUBRICACION DE CABLES (clutch. choke. acelerador y freno),0.7
ONE,TENSION Y LUBRICACION DE CABLES (clutch. choke. acelerador y freno),0.7
FLOW,TENSION Y LUBRICACION DE CABLES (clutch. choke. acelerador y freno),0.7
ADVANCE II LF,TENSION Y LUBRICACION DE CABLES (clutch. choke. acelerador y freno),0.7
ZONTES 155,TENSION Y LUBRICACION DE CABLES (clutch. choke. acelerador y freno),0.7
SHOCK,TENSION Y LUBRICACION DE CABLES (clutch. choke. acelerador y freno),0.7
TNT150i,TENSION Y LUBRICACION DE CABLES (clutch. choke. acelerador y freno),0.7
180S,TENSION Y LUBRICACION DE CABLES (clutch. choke. acelerador y freno),0.7
TNT25N,TENSION Y LUBRICACION DE CABLES (clutch. choke. acelerador y freno),0.7
LEONCINO 500,TENSION Y LUBRICACION DE CABLES (clutch. choke. acelerador y freno),0.7
LEONCINO 250,TENSION Y LUBRICACION DE CABLES (clutch. choke. acelerador y freno),0.7
TRK 500X,TENSION Y LUBRICACION DE CABLES (clutch. choke. acelerador y freno),0.7
TRK 251,TENSION Y LUBRICACION DE CABLES (clutch. choke. acelerador y freno),0.7
302 S,TENSION Y LUBRICACION DE CABLES (clutch. choke. acelerador y freno),0.7
TOP BOY,NO APLICA,0.01
AGILITY,NO APLICA,0.01
AGILITY RS,NO APLICA,0.01
AGILITY CITY 150,NO APLICA,0.01
BET & WIN,NO APLICA,0.01
ACTIV,NO APLICA,0.01
SPIKE,NO APLICA,0.01
AGILITY RS  NAKED,NO APLICA,0.01
SUPER 8,NO APLICA,0
GACELA,NO APLICA,0
CRUCERO             x-town 300,NO APLICA,0
ROCKET,NO APLICA,0.01
FLY 125,NO APLICA,0.01
TWIST,NO APLICA,0.01
JETIX,NO APLICA,0.01
UNI-K 110,NO APLICA,0.01
TRACK,NO APLICA,0.01
PULSAR 135,NO APLICA,0.01
Perseo,NO APLICA,0.01
PULSAR,NO APLICA,0.01
PULSAR 180 UG,NO APLICA,0.01
PULSAR 150,NO APLICA,0.01
THOR 160,NO APLICA,0.01
PULSAR 200,NO APLICA,0.01
PULSAR 150 NS,NO APLICA,0.01
PULSAR 150 AS,NO APLICA,0.01
PULSAR 200 AS,NO APLICA,0.01
TITAN,NO APLICA,0
PULSAR 220,NO APLICA,0.01
AVENGER 220,NO APLICA,0.01
XCD,NO APLICA,0.01
DISCOVER 100,NO APLICA,0.01
DISCOVER 135,NO APLICA,0.01
BOXER,NO APLICA,0.01
LEXUS,NO APLICA,0
DISCOVER 100 5S,NO APLICA,0.01
DISCOVER 150,NO APLICA,0.01
CHAMPION,NO APLICA,0
DISCOVER 125 ST,NO APLICA,0.01
BOXER BM 100,NO APLICA,0.01
BOXER BM 150,NO APLICA,0.01
BOXER BM 100 ES,NO APLICA,0.01
PLATINO 125,NO APLICA,0.01
PLATINO 125 - 5S,NO APLICA,0.01
PLATINO 100,NO APLICA,0.01
PLATINO 110,NO APLICA,0.01
FAMILLY,NO APLICA,0
MOTOCARRO 4T,NO APLICA,0.01
TORITO,NO APLICA,0.01
MOTOCARRO DIESEL,NO APLICA,0.01
KAZE MAX II,NO APLICA,0.01
ZX 130- MAGIC II,NO APLICA,0.01
KMX,NO APLICA,0.01
KLX 150,NO APLICA,0.01
KLX150  L,NO APLICA,0.01
NINJA 250,NO APLICA,0.01
NINJA 250 FI,NO APLICA,0.01
Z250,NO APLICA,0.01
Z250 SL,NO APLICA,0.01
ER-6n,NO APLICA,0.01
TRANS-SPORT,NO APLICA,0.01
MRX 150,NO APLICA,0.01
FURAX,NO APLICA,0.01
BOMBER 125,NO APLICA,0
BOMBER 250,NO APLICA,0
COMBAT 125,NO APLICA,0
ZS,NO APLICA,0
HUNTER,NO APLICA,0
BLACK,NO APLICA,0
ONE,NO APLICA,0.01
FLOW,NO APLICA,0.01
ADVANCE II LF,NO APLICA,0.01
ZONTES 155,NO APLICA,0.01
ZONTES 310M,NO APLICA,0
SHOCK,NO APLICA,0.01
TNT150i,NO APLICA,0.01
180S,NO APLICA,0.01
TNT25N,NO APLICA,0.01
LEONCINO 500,NO APLICA,0.01
LEONCINO 250,NO APLICA,0.01
TRK 500X,NO APLICA,0.01
TRK 251,NO APLICA,0.01
302 S,NO APLICA,0.01
TOP BOY,CAMBIO CULATA,1
AGILITY,CAMBIO CULATA,2.5
AGILITY RS,CAMBIO CULATA,2.5
AGILITY CITY 150,CAMBIO CULATA,2.5
BET & WIN,CAMBIO CULATA,3
ACTIV,CAMBIO CULATA,2
SPIKE,CAMBIO CULATA,2
AGILITY RS  NAKED,CAMBIO CULATA,2.5
SUPER 8,CAMBIO CULATA,2.5
GACELA,CAMBIO CULATA,2.5
CRUCERO             x-town 300,CAMBIO CULATA,3.5
ROCKET,CAMBIO CULATA,2.5
FLY 125,CAMBIO CULATA,2.5
TWIST,CAMBIO CULATA,2.5
JETIX,CAMBIO CULATA,2
UNI-K 110,CAMBIO CULATA,2
TRACK,CAMBIO CULATA,2
PULSAR 135,CAMBIO CULATA,2.5
Perseo,CAMBIO CULATA,2.5
PULSAR,CAMBIO CULATA,2
PULSAR 180 UG,CAMBIO CULATA,2
PULSAR 150,CAMBIO CULATA,2
THOR 160,CAMBIO CULATA,2
PULSAR 200,CAMBIO CULATA,3
PULSAR 150 NS,CAMBIO CULATA,2
PULSAR 150 AS,CAMBIO CULATA,3.5
PULSAR 200 AS,CAMBIO CULATA,3.5
PULSAR 200 NS,CAMBIO CULATA,3.2
TITAN,CAMBIO CULATA,3.5
PULSAR  RS 200,CAMBIO CULATA,3.7
PULSAR 220,CAMBIO CULATA,2
AVENGER 220,CAMBIO CULATA,2.3
XCD,CAMBIO CULATA,2
DISCOVER 100,CAMBIO CULATA,2
DISCOVER 135,CAMBIO CULATA,2
BOXER,CAMBIO CULATA,2
LEXUS,CAMBIO CULATA,2
DISCOVER 100 5S,CAMBIO CULATA,2.5
DISCOVER 150,CAMBIO CULATA,2.5
CHAMPION,CAMBIO CULATA,2
DISCOVER 125 ST,CAMBIO CULATA,2.5
BOXER BM 100,CAMBIO CULATA,2
BOXER BM 150,CAMBIO CULATA,2
BOXER BM 100 ES,CAMBIO CULATA,2
PLATINO 125,CAMBIO CULATA,2
PLATINO 125 - 5S,CAMBIO CULATA,2
PLATINO 100,CAMBIO CULATA,2
PLATINO 110,CAMBIO CULATA,2
FAMILLY,CAMBIO CULATA,2
MOTOCARRO 4T,CAMBIO CULATA,3
TORITO,CAMBIO CULATA,3
KAZE MAX II,CAMBIO CULATA,2
ZX 130- MAGIC II,CAMBIO CULATA,2
KMX,CAMBIO CULATA,1
KLX 150,CAMBIO CULATA,2
KLX150  L,CAMBIO CULATA,2
KLX 250,CAMBIO CULATA,3.5
NINJA 250,CAMBIO CULATA,3.5
NINJA 250 FI,CAMBIO CULATA,3.5
Z250,CAMBIO CULATA,3.5
Z250 SL,CAMBIO CULATA,3.2
ER-6n,CAMBIO CULATA,4
TRANS-SPORT,CAMBIO CULATA,2
MRX 150,CAMBIO CULATA,2
FURAX,CAMBIO CULATA,3
BOMBER 125,CAMBIO CULATA,2.5
BOMBER 250,CAMBIO CULATA,3.7
COMBAT 125,CAMBIO CULATA,2.5
ZS,CAMBIO CULATA,2.5
LIFE,CAMBIO CULATA,2.5
HUNTER,CAMBIO CULATA,3.5
BLACK,CAMBIO CULATA,3.5
VENOM 400,CAMBIO CULATA,3
VENOM 250,CAMBIO CULATA,3.2
ONE,CAMBIO CULATA,2
FLOW,CAMBIO CULATA,2
ADVANCE II LF,CAMBIO CULATA,2
ZONTES 155,CAMBIO CULATA,3.5
ZONTES 310M,CAMBIO CULATA,4
SHOCK,CAMBIO CULATA,2
TNT150i,CAMBIO CULATA,3.5
180S,CAMBIO CULATA,3
TNT25N,CAMBIO CULATA,3.5
LEONCINO 500,CAMBIO CULATA,4
LEONCINO 250,CAMBIO CULATA,3.5
TRK 500X,CAMBIO CULATA,4
TRK 251,CAMBIO CULATA,3.5
302 S,CAMBIO CULATA,3.5
TOP BOY,CAMBIO DE CILINDRO,1.5
AGILITY,CAMBIO DE CILINDRO,2
AGILITY RS,CAMBIO DE CILINDRO,2
AGILITY CITY 150,CAMBIO DE CILINDRO,2
BET & WIN,CAMBIO DE CILINDRO,2.5
ACTIV,CAMBIO DE CILINDRO,2
SPIKE,CAMBIO DE CILINDRO,2
AGILITY RS  NAKED,CAMBIO DE CILINDRO,2
SUPER 8,CAMBIO DE CILINDRO,2
GACELA,CAMBIO DE CILINDRO,2
CRUCERO             x-town 300,CAMBIO DE CILINDRO,3
ROCKET,CAMBIO DE CILINDRO,2
FLY 125,CAMBIO DE CILINDRO,2
TWIST,CAMBIO DE CILINDRO,2
JETIX,CAMBIO DE CILINDRO,2
UNI-K 110,CAMBIO DE CILINDRO,2
TRACK,CAMBIO DE CILINDRO,2
PULSAR 135,CAMBIO DE CILINDRO,2
Perseo,CAMBIO DE CILINDRO,2
PULSAR,CAMBIO DE CILINDRO,2
PULSAR 180 UG,CAMBIO DE CILINDRO,2
PULSAR 150,CAMBIO DE CILINDRO,2
THOR 160,CAMBIO DE CILINDRO,2
PULSAR 200,CAMBIO DE CILINDRO,3
PULSAR 150 NS,CAMBIO DE CILINDRO,2
PULSAR 150 AS,CAMBIO DE CILINDRO,3.5
PULSAR 200 AS,CAMBIO DE CILINDRO,3.5
PULSAR 200 NS,CAMBIO DE CILINDRO,3.2
TITAN,CAMBIO DE CILINDRO,3.5
PULSAR  RS 200,CAMBIO DE CILINDRO,3.7
PULSAR 220,CAMBIO DE CILINDRO,2
AVENGER 220,CAMBIO DE CILINDRO,2.3
XCD,CAMBIO DE CILINDRO,2
DISCOVER 100,CAMBIO DE CILINDRO,2
DISCOVER 135,CAMBIO DE CILINDRO,2
BOXER,CAMBIO DE CILINDRO,2
LEXUS,CAMBIO DE CILINDRO,2
DISCOVER 100 5S,CAMBIO DE CILINDRO,2
DISCOVER 150,CAMBIO DE CILINDRO,2
CHAMPION,CAMBIO DE CILINDRO,2
DISCOVER 125 ST,CAMBIO DE CILINDRO,2
BOXER BM 100,CAMBIO DE CILINDRO,2
BOXER BM 150,CAMBIO DE CILINDRO,2
BOXER BM 100 ES,CAMBIO DE CILINDRO,2
PLATINO 125,CAMBIO DE CILINDRO,2
PLATINO 125 - 5S,CAMBIO DE CILINDRO,2
PLATINO 100,CAMBIO DE CILINDRO,2
PLATINO 110,CAMBIO DE CILINDRO,2
FAMILLY,CAMBIO DE CILINDRO,2
MOTOCARRO 4T,CAMBIO DE CILINDRO,3
TORITO,CAMBIO DE CILINDRO,3
KAZE MAX II,CAMBIO DE CILINDRO,2
ZX 130- MAGIC II,CAMBIO DE CILINDRO,2
KMX,CAMBIO DE CILINDRO,2
KLX 150,CAMBIO DE CILINDRO,2
KLX150  L,CAMBIO DE CILINDRO,2
KLX 250,CAMBIO DE CILINDRO,2.7
NINJA 250,CAMBIO DE CILINDRO,3
NINJA 250 FI,CAMBIO DE CILINDRO,3
Z250,CAMBIO DE CILINDRO,3
Z250 SL,CAMBIO DE CILINDRO,2.7
ER-6n,CAMBIO DE CILINDRO,3.5
TRANS-SPORT,CAMBIO DE CILINDRO,2
MRX 150,CAMBIO DE CILINDRO,2
FURAX,CAMBIO DE CILINDRO,3
BOMBER 125,CAMBIO DE CILINDRO,2.5
BOMBER 250,CAMBIO DE CILINDRO,3.5
COMBAT 125,CAMBIO DE CILINDRO,2.5
ZS,CAMBIO DE CILINDRO,2
LIFE,CAMBIO DE CILINDRO,2
HUNTER,CAMBIO DE CILINDRO,3
BLACK,CAMBIO DE CILINDRO,3
VENOM 400,CAMBIO DE CILINDRO,3.5
VENOM 250,CAMBIO DE CILINDRO,3.2
ONE,CAMBIO DE CILINDRO,2
FLOW,CAMBIO DE CILINDRO,2
ADVANCE II LF,CAMBIO DE CILINDRO,2
ZONTES 155,CAMBIO DE CILINDRO,3
ZONTES 310M,CAMBIO DE CILINDRO,4.5
SHOCK,CAMBIO DE CILINDRO,2
TNT150i,CAMBIO DE CILINDRO,3
180S,CAMBIO DE CILINDRO,2.5
TNT25N,CAMBIO DE CILINDRO,3
LEONCINO 500,CAMBIO DE CILINDRO,3.5
LEONCINO 250,CAMBIO DE CILINDRO,3
TRK 500X,CAMBIO DE CILINDRO,3.5
TRK 251,CAMBIO DE CILINDRO,3
302 S,CAMBIO DE CILINDRO,4
AGILITY,CAMBIO VÁLVULAS (ADMISION Y ESCAPE),2
AGILITY RS,CAMBIO VÁLVULAS (ADMISION Y ESCAPE),2
AGILITY CITY 150,CAMBIO VÁLVULAS (ADMISION Y ESCAPE),2
BET & WIN,CAMBIO VÁLVULAS (ADMISION Y ESCAPE),2.5
ACTIV,CAMBIO VÁLVULAS (ADMISION Y ESCAPE),1.7
SPIKE,CAMBIO VÁLVULAS (ADMISION Y ESCAPE),1.7
AGILITY RS  NAKED,CAMBIO VÁLVULAS (ADMISION Y ESCAPE),2
SUPER 8,CAMBIO VÁLVULAS (ADMISION Y ESCAPE),2
GACELA,CAMBIO VÁLVULAS (ADMISION Y ESCAPE),2
CRUCERO             x-town 300,CAMBIO VÁLVULAS (ADMISION Y ESCAPE),3
ROCKET,CAMBIO VÁLVULAS (ADMISION Y ESCAPE),2
FLY 125,CAMBIO VÁLVULAS (ADMISION Y ESCAPE),2
TWIST,CAMBIO VÁLVULAS (ADMISION Y ESCAPE),2
JETIX,CAMBIO VÁLVULAS (ADMISION Y ESCAPE),1.7
UNI-K 110,CAMBIO VÁLVULAS (ADMISION Y ESCAPE),1.7
TRACK,CAMBIO VÁLVULAS (ADMISION Y ESCAPE),1.7
PULSAR 135,CAMBIO VÁLVULAS (ADMISION Y ESCAPE),1.9
Perseo,CAMBIO VÁLVULAS (ADMISION Y ESCAPE),1.9
PULSAR,CAMBIO VÁLVULAS (ADMISION Y ESCAPE),1.7
PULSAR 180 UG,CAMBIO VÁLVULAS (ADMISION Y ESCAPE),1.7
PULSAR 150,CAMBIO VÁLVULAS (ADMISION Y ESCAPE),1.7
THOR 160,CAMBIO VÁLVULAS (ADMISION Y ESCAPE),1.7
PULSAR 200,CAMBIO VÁLVULAS (ADMISION Y ESCAPE),2
PULSAR 150 NS,CAMBIO VÁLVULAS (ADMISION Y ESCAPE),1.7
PULSAR 150 AS,CAMBIO VÁLVULAS (ADMISION Y ESCAPE),3.1
PULSAR 200 AS,CAMBIO VÁLVULAS (ADMISION Y ESCAPE),3.1
PULSAR 200 NS,CAMBIO VÁLVULAS (ADMISION Y ESCAPE),2.8
TITAN,CAMBIO VÁLVULAS (ADMISION Y ESCAPE),3
PULSAR  RS 200,CAMBIO VÁLVULAS (ADMISION Y ESCAPE),3.3
PULSAR 220,CAMBIO VÁLVULAS (ADMISION Y ESCAPE),1.7
AVENGER 220,CAMBIO VÁLVULAS (ADMISION Y ESCAPE),2
XCD,CAMBIO VÁLVULAS (ADMISION Y ESCAPE),1.7
DISCOVER 100,CAMBIO VÁLVULAS (ADMISION Y ESCAPE),1.7
DISCOVER 135,CAMBIO VÁLVULAS (ADMISION Y ESCAPE),1.7
BOXER,CAMBIO VÁLVULAS (ADMISION Y ESCAPE),1.7
LEXUS,CAMBIO VÁLVULAS (ADMISION Y ESCAPE),1.7
DISCOVER 100 5S,CAMBIO VÁLVULAS (ADMISION Y ESCAPE),1.9
DISCOVER 150,CAMBIO VÁLVULAS (ADMISION Y ESCAPE),1.9
CHAMPION,CAMBIO VÁLVULAS (ADMISION Y ESCAPE),1.7
DISCOVER 125 ST,CAMBIO VÁLVULAS (ADMISION Y ESCAPE),1.9
BOXER BM 100,CAMBIO VÁLVULAS (ADMISION Y ESCAPE),1.7
BOXER BM 150,CAMBIO VÁLVULAS (ADMISION Y ESCAPE),1.7
BOXER BM 100 ES,CAMBIO VÁLVULAS (ADMISION Y ESCAPE),1.7
PLATINO 125,CAMBIO VÁLVULAS (ADMISION Y ESCAPE),1.7
PLATINO 125 - 5S,CAMBIO VÁLVULAS (ADMISION Y ESCAPE),1.7
PLATINO 100,CAMBIO VÁLVULAS (ADMISION Y ESCAPE),2
PLATINO 110,CAMBIO VÁLVULAS (ADMISION Y ESCAPE),1.7
FAMILLY,CAMBIO VÁLVULAS (ADMISION Y ESCAPE),1.7
MOTOCARRO 4T,CAMBIO VÁLVULAS (ADMISION Y ESCAPE),3
TORITO,CAMBIO VÁLVULAS (ADMISION Y ESCAPE),3
KAZE MAX II,CAMBIO VÁLVULAS (ADMISION Y ESCAPE),2
ZX 130- MAGIC II,CAMBIO VÁLVULAS (ADMISION Y ESCAPE),1.7
KLX 150,CAMBIO VÁLVULAS (ADMISION Y ESCAPE),2
KLX150  L,CAMBIO VÁLVULAS (ADMISION Y ESCAPE),2
KLX 250,CAMBIO VÁLVULAS (ADMISION Y ESCAPE),3
NINJA 250,CAMBIO VÁLVULAS (ADMISION Y ESCAPE),3
NINJA 250 FI,CAMBIO VÁLVULAS (ADMISION Y ESCAPE),3
Z250,CAMBIO VÁLVULAS (ADMISION Y ESCAPE),3
Z250 SL,CAMBIO VÁLVULAS (ADMISION Y ESCAPE),2.7
ER-6n,CAMBIO VÁLVULAS (ADMISION Y ESCAPE),3.7
TRANS-SPORT,CAMBIO VÁLVULAS (ADMISION Y ESCAPE),2
MRX 150,CAMBIO VÁLVULAS (ADMISION Y ESCAPE),2
FURAX,CAMBIO VÁLVULAS (ADMISION Y ESCAPE),3
BOMBER 125,CAMBIO VÁLVULAS (ADMISION Y ESCAPE),2
BOMBER 250,CAMBIO VÁLVULAS (ADMISION Y ESCAPE),3.7
COMBAT 125,CAMBIO VÁLVULAS (ADMISION Y ESCAPE),2
ZS,CAMBIO VÁLVULAS (ADMISION Y ESCAPE),2
LIFE,CAMBIO VÁLVULAS (ADMISION Y ESCAPE),2
HUNTER,CAMBIO VÁLVULAS (ADMISION Y ESCAPE),3
BLACK,CAMBIO VÁLVULAS (ADMISION Y ESCAPE),3
VENOM 400,CAMBIO VÁLVULAS (ADMISION Y ESCAPE),3.8
VENOM 250,CAMBIO VÁLVULAS (ADMISION Y ESCAPE),2.8
ONE,CAMBIO VÁLVULAS (ADMISION Y ESCAPE),1.7
FLOW,CAMBIO VÁLVULAS (ADMISION Y ESCAPE),3
ADVANCE II LF,CAMBIO VÁLVULAS (ADMISION Y ESCAPE),1.7
ZONTES 155,CAMBIO VÁLVULAS (ADMISION Y ESCAPE),3
ZONTES 310M,CAMBIO VÁLVULAS (ADMISION Y ESCAPE),3
SHOCK,CAMBIO VÁLVULAS (ADMISION Y ESCAPE),1.7
TNT150i,CAMBIO VÁLVULAS (ADMISION Y ESCAPE),3
180S,CAMBIO VÁLVULAS (ADMISION Y ESCAPE),2.5
TNT25N,CAMBIO VÁLVULAS (ADMISION Y ESCAPE),3
LEONCINO 500,CAMBIO VÁLVULAS (ADMISION Y ESCAPE),3.7
LEONCINO 250,CAMBIO VÁLVULAS (ADMISION Y ESCAPE),3
TRK 500X,CAMBIO VÁLVULAS (ADMISION Y ESCAPE),3.7
TRK 251,CAMBIO VÁLVULAS (ADMISION Y ESCAPE),3
302 S,CAMBIO VÁLVULAS (ADMISION Y ESCAPE),3
AGILITY,CAMBIO EJE LEVAS O PIÑON CON EJE DE LEVA,1.5
AGILITY RS,CAMBIO EJE LEVAS O PIÑON CON EJE DE LEVA,1.5
AGILITY CITY 150,CAMBIO EJE LEVAS O PIÑON CON EJE DE LEVA,1.5
BET & WIN,CAMBIO EJE LEVAS O PIÑON CON EJE DE LEVA,2
ACTIV,CAMBIO EJE LEVAS O PIÑON CON EJE DE LEVA,1.5
SPIKE,CAMBIO EJE LEVAS O PIÑON CON EJE DE LEVA,1.5
AGILITY RS  NAKED,CAMBIO EJE LEVAS O PIÑON CON EJE DE LEVA,1.5
SUPER 8,CAMBIO EJE LEVAS O PIÑON CON EJE DE LEVA,1.5
GACELA,CAMBIO EJE LEVAS O PIÑON CON EJE DE LEVA,1.5
CRUCERO             x-town 300,CAMBIO EJE LEVAS O PIÑON CON EJE DE LEVA,2.5
ROCKET,CAMBIO EJE LEVAS O PIÑON CON EJE DE LEVA,1.5
FLY 125,CAMBIO EJE LEVAS O PIÑON CON EJE DE LEVA,1.5
TWIST,CAMBIO EJE LEVAS O PIÑON CON EJE DE LEVA,1.5
JETIX,CAMBIO EJE LEVAS O PIÑON CON EJE DE LEVA,1.5
UNI-K 110,CAMBIO EJE LEVAS O PIÑON CON EJE DE LEVA,1.5
TRACK,CAMBIO EJE LEVAS O PIÑON CON EJE DE LEVA,1.5
PULSAR 135,CAMBIO EJE LEVAS O PIÑON CON EJE DE LEVA,1.5
Perseo,CAMBIO EJE LEVAS O PIÑON CON EJE DE LEVA,1.5
PULSAR,CAMBIO EJE LEVAS O PIÑON CON EJE DE LEVA,1.5
PULSAR 180 UG,CAMBIO EJE LEVAS O PIÑON CON EJE DE LEVA,1.5
PULSAR 150,CAMBIO EJE LEVAS O PIÑON CON EJE DE LEVA,1.5
THOR 160,CAMBIO EJE LEVAS O PIÑON CON EJE DE LEVA,1.5
PULSAR 200,CAMBIO EJE LEVAS O PIÑON CON EJE DE LEVA,2
PULSAR 150 NS,CAMBIO EJE LEVAS O PIÑON CON EJE DE LEVA,1.5
PULSAR 150 AS,CAMBIO EJE LEVAS O PIÑON CON EJE DE LEVA,2.3
PULSAR 200 AS,CAMBIO EJE LEVAS O PIÑON CON EJE DE LEVA,2.3
PULSAR 200 NS,CAMBIO EJE LEVAS O PIÑON CON EJE DE LEVA,2
TITAN,CAMBIO EJE LEVAS O PIÑON CON EJE DE LEVA,2.5
PULSAR  RS 200,CAMBIO EJE LEVAS O PIÑON CON EJE DE LEVA,2.5
PULSAR 220,CAMBIO EJE LEVAS O PIÑON CON EJE DE LEVA,1.5
AVENGER 220,CAMBIO EJE LEVAS O PIÑON CON EJE DE LEVA,1.7
XCD,CAMBIO EJE LEVAS O PIÑON CON EJE DE LEVA,1.5
DISCOVER 100,CAMBIO EJE LEVAS O PIÑON CON EJE DE LEVA,1.5
DISCOVER 135,CAMBIO EJE LEVAS O PIÑON CON EJE DE LEVA,1.5
BOXER,CAMBIO EJE LEVAS O PIÑON CON EJE DE LEVA,1.5
LEXUS,CAMBIO EJE LEVAS O PIÑON CON EJE DE LEVA,1.5
DISCOVER 100 5S,CAMBIO EJE LEVAS O PIÑON CON EJE DE LEVA,1.5
DISCOVER 150,CAMBIO EJE LEVAS O PIÑON CON EJE DE LEVA,1.5
CHAMPION,CAMBIO EJE LEVAS O PIÑON CON EJE DE LEVA,1.5
DISCOVER 125 ST,CAMBIO EJE LEVAS O PIÑON CON EJE DE LEVA,1.5
BOXER BM 100,CAMBIO EJE LEVAS O PIÑON CON EJE DE LEVA,1.5
BOXER BM 150,CAMBIO EJE LEVAS O PIÑON CON EJE DE LEVA,1.5
BOXER BM 100 ES,CAMBIO EJE LEVAS O PIÑON CON EJE DE LEVA,1.5
PLATINO 125,CAMBIO EJE LEVAS O PIÑON CON EJE DE LEVA,1.5
PLATINO 125 - 5S,CAMBIO EJE LEVAS O PIÑON CON EJE DE LEVA,1.5
PLATINO 100,CAMBIO EJE LEVAS O PIÑON CON EJE DE LEVA,1.5
PLATINO 110,CAMBIO EJE LEVAS O PIÑON CON EJE DE LEVA,1.5
FAMILLY,CAMBIO EJE LEVAS O PIÑON CON EJE DE LEVA,1.5
MOTOCARRO 4T,CAMBIO EJE LEVAS O PIÑON CON EJE DE LEVA,2.5
TORITO,CAMBIO EJE LEVAS O PIÑON CON EJE DE LEVA,2.5
KAZE MAX II,CAMBIO EJE LEVAS O PIÑON CON EJE DE LEVA,1.5
ZX 130- MAGIC II,CAMBIO EJE LEVAS O PIÑON CON EJE DE LEVA,1.5
KLX 150,CAMBIO EJE LEVAS O PIÑON CON EJE DE LEVA,1.5
KLX150  L,CAMBIO EJE LEVAS O PIÑON CON EJE DE LEVA,1.5
KLX 250,CAMBIO EJE LEVAS O PIÑON CON EJE DE LEVA,2
NINJA 250,CAMBIO EJE LEVAS O PIÑON CON EJE DE LEVA,2
NINJA 250 FI,CAMBIO EJE LEVAS O PIÑON CON EJE DE LEVA,2
Z250,CAMBIO EJE LEVAS O PIÑON CON EJE DE LEVA,2
Z250 SL,CAMBIO EJE LEVAS O PIÑON CON EJE DE LEVA,1.7
ER-6n,CAMBIO EJE LEVAS O PIÑON CON EJE DE LEVA,3
TRANS-SPORT,CAMBIO EJE LEVAS O PIÑON CON EJE DE LEVA,1.5
MRX 150,CAMBIO EJE LEVAS O PIÑON CON EJE DE LEVA,1.5
FURAX,CAMBIO EJE LEVAS O PIÑON CON EJE DE LEVA,3.5
BOMBER 125,CAMBIO EJE LEVAS O PIÑON CON EJE DE LEVA,2
BOMBER 250,CAMBIO EJE LEVAS O PIÑON CON EJE DE LEVA,1
COMBAT 125,CAMBIO EJE LEVAS O PIÑON CON EJE DE LEVA,2
ZS,CAMBIO EJE LEVAS O PIÑON CON EJE DE LEVA,1.5
LIFE,CAMBIO EJE LEVAS O PIÑON CON EJE DE LEVA,1.5
HUNTER,CAMBIO EJE LEVAS O PIÑON CON EJE DE LEVA,2.5
BLACK,CAMBIO EJE LEVAS O PIÑON CON EJE DE LEVA,2.5
VENOM 400,CAMBIO EJE LEVAS O PIÑON CON EJE DE LEVA,3.5
VENOM 250,CAMBIO EJE LEVAS O PIÑON CON EJE DE LEVA,2
ONE,CAMBIO EJE LEVAS O PIÑON CON EJE DE LEVA,1.5
FLOW,CAMBIO EJE LEVAS O PIÑON CON EJE DE LEVA,1.5
ADVANCE II LF,CAMBIO EJE LEVAS O PIÑON CON EJE DE LEVA,1.5
ZONTES 155,CAMBIO EJE LEVAS O PIÑON CON EJE DE LEVA,2.5
ZONTES 310M,CAMBIO EJE LEVAS O PIÑON CON EJE DE LEVA,3
SHOCK,CAMBIO EJE LEVAS O PIÑON CON EJE DE LEVA,1.5
TNT150i,CAMBIO EJE LEVAS O PIÑON CON EJE DE LEVA,2
180S,CAMBIO EJE LEVAS O PIÑON CON EJE DE LEVA,2
TNT25N,CAMBIO EJE LEVAS O PIÑON CON EJE DE LEVA,2
LEONCINO 500,CAMBIO EJE LEVAS O PIÑON CON EJE DE LEVA,3
LEONCINO 250,CAMBIO EJE LEVAS O PIÑON CON EJE DE LEVA,2
TRK 500X,CAMBIO EJE LEVAS O PIÑON CON EJE DE LEVA,3
TRK 251,CAMBIO EJE LEVAS O PIÑON CON EJE DE LEVA,2
302 S,CAMBIO EJE LEVAS O PIÑON CON EJE DE LEVA,2
AGILITY,CAMBIO DE BALANCINES SUPERIORES,1.5
AGILITY RS,CAMBIO DE BALANCINES SUPERIORES,1.5
AGILITY CITY 150,CAMBIO DE BALANCINES SUPERIORES,1.5
BET & WIN,CAMBIO DE BALANCINES SUPERIORES,1.5
ACTIV,CAMBIO DE BALANCINES SUPERIORES,1.5
SPIKE,CAMBIO DE BALANCINES SUPERIORES,1.5
AGILITY RS  NAKED,CAMBIO DE BALANCINES SUPERIORES,1.5
SUPER 8,CAMBIO DE BALANCINES SUPERIORES,1.5
GACELA,CAMBIO DE BALANCINES SUPERIORES,1.5
CRUCERO             x-town 300,CAMBIO DE BALANCINES SUPERIORES,2
ROCKET,CAMBIO DE BALANCINES SUPERIORES,1.5
FLY 125,CAMBIO DE BALANCINES SUPERIORES,1.5
TWIST,CAMBIO DE BALANCINES SUPERIORES,1.5
JETIX,CAMBIO DE BALANCINES SUPERIORES,1.5
UNI-K 110,CAMBIO DE BALANCINES SUPERIORES,1.5
TRACK,CAMBIO DE BALANCINES SUPERIORES,1.5
PULSAR 135,CAMBIO DE BALANCINES SUPERIORES,1.5
Perseo,CAMBIO DE BALANCINES SUPERIORES,1.5
PULSAR,CAMBIO DE BALANCINES SUPERIORES,1.5
PULSAR 180 UG,CAMBIO DE BALANCINES SUPERIORES,1.5
PULSAR 150,CAMBIO DE BALANCINES SUPERIORES,1.5
THOR 160,CAMBIO DE BALANCINES SUPERIORES,1.5
PULSAR 200,CAMBIO DE BALANCINES SUPERIORES,2
PULSAR 150 NS,CAMBIO DE BALANCINES SUPERIORES,1.5
PULSAR 150 AS,CAMBIO DE BALANCINES SUPERIORES,2.3
PULSAR 200 AS,CAMBIO DE BALANCINES SUPERIORES,2.3
PULSAR 200 NS,CAMBIO DE BALANCINES SUPERIORES,2
TITAN,CAMBIO DE BALANCINES SUPERIORES,2.5
PULSAR  RS 200,CAMBIO DE BALANCINES SUPERIORES,2.5
PULSAR 220,CAMBIO DE BALANCINES SUPERIORES,1.5
AVENGER 220,CAMBIO DE BALANCINES SUPERIORES,1.7
XCD,CAMBIO DE BALANCINES SUPERIORES,1.5
DISCOVER 100,CAMBIO DE BALANCINES SUPERIORES,1.5
DISCOVER 135,CAMBIO DE BALANCINES SUPERIORES,1.5
BOXER,CAMBIO DE BALANCINES SUPERIORES,1.5
LEXUS,CAMBIO DE BALANCINES SUPERIORES,1.5
DISCOVER 100 5S,CAMBIO DE BALANCINES SUPERIORES,1.5
DISCOVER 150,CAMBIO DE BALANCINES SUPERIORES,1.5
CHAMPION,CAMBIO DE BALANCINES SUPERIORES,1.5
DISCOVER 125 ST,CAMBIO DE BALANCINES SUPERIORES,1.5
BOXER BM 100,CAMBIO DE BALANCINES SUPERIORES,1.5
BOXER BM 150,CAMBIO DE BALANCINES SUPERIORES,1.5
BOXER BM 100 ES,CAMBIO DE BALANCINES SUPERIORES,1.5
PLATINO 125,CAMBIO DE BALANCINES SUPERIORES,1.5
PLATINO 125 - 5S,CAMBIO DE BALANCINES SUPERIORES,1.5
PLATINO 100,CAMBIO DE BALANCINES SUPERIORES,1
PLATINO 110,CAMBIO DE BALANCINES SUPERIORES,1.5
FAMILLY,CAMBIO DE BALANCINES SUPERIORES,1.5
MOTOCARRO 4T,CAMBIO DE BALANCINES SUPERIORES,2
TORITO,CAMBIO DE BALANCINES SUPERIORES,2
KAZE MAX II,CAMBIO DE BALANCINES SUPERIORES,1.5
ZX 130- MAGIC II,CAMBIO DE BALANCINES SUPERIORES,1.5
KLX 150,CAMBIO DE BALANCINES SUPERIORES,1.5
KLX150  L,CAMBIO DE BALANCINES SUPERIORES,1.5
TRANS-SPORT,CAMBIO DE BALANCINES SUPERIORES,1.5
MRX 150,CAMBIO DE BALANCINES SUPERIORES,1.5
FURAX,CAMBIO DE BALANCINES SUPERIORES,1.5
BOMBER 125,CAMBIO DE BALANCINES SUPERIORES,2
BOMBER 250,CAMBIO DE BALANCINES SUPERIORES,1
COMBAT 125,CAMBIO DE BALANCINES SUPERIORES,2
ZS,CAMBIO DE BALANCINES SUPERIORES,1.5
LIFE,CAMBIO DE BALANCINES SUPERIORES,1.5
HUNTER,CAMBIO DE BALANCINES SUPERIORES,2
BLACK,CAMBIO DE BALANCINES SUPERIORES,2
VENOM 400,CAMBIO DE BALANCINES SUPERIORES,3.5
VENOM 250,CAMBIO DE BALANCINES SUPERIORES,2
ONE,CAMBIO DE BALANCINES SUPERIORES,1.5
FLOW,CAMBIO DE BALANCINES SUPERIORES,1.5
ADVANCE II LF,CAMBIO DE BALANCINES SUPERIORES,1.5
ZONTES 155,CAMBIO DE BALANCINES SUPERIORES,2.5
ZONTES 310M,CAMBIO DE BALANCINES SUPERIORES,3
SHOCK,CAMBIO DE BALANCINES SUPERIORES,1.5
AGILITY,CAMBIO CADENILLA DISTRIBUCIÓN,5
AGILITY RS,CAMBIO CADENILLA DISTRIBUCIÓN,5
AGILITY CITY 150,CAMBIO CADENILLA DISTRIBUCIÓN,5
BET & WIN,CAMBIO CADENILLA DISTRIBUCIÓN,5
ACTIV,CAMBIO CADENILLA DISTRIBUCIÓN,1.5
SPIKE,CAMBIO CADENILLA DISTRIBUCIÓN,1.5
AGILITY RS  NAKED,CAMBIO CADENILLA DISTRIBUCIÓN,5
SUPER 8,CAMBIO CADENILLA DISTRIBUCIÓN,5
GACELA,CAMBIO CADENILLA DISTRIBUCIÓN,5
CRUCERO             x-town 300,CAMBIO CADENILLA DISTRIBUCIÓN,5.5
ROCKET,CAMBIO CADENILLA DISTRIBUCIÓN,5
FLY 125,CAMBIO CADENILLA DISTRIBUCIÓN,5
TWIST,CAMBIO CADENILLA DISTRIBUCIÓN,5
JETIX,CAMBIO CADENILLA DISTRIBUCIÓN,1.5
UNI-K 110,CAMBIO CADENILLA DISTRIBUCIÓN,1.5
TRACK,CAMBIO CADENILLA DISTRIBUCIÓN,1.5
PULSAR 135,CAMBIO CADENILLA DISTRIBUCIÓN,2.5
Perseo,CAMBIO CADENILLA DISTRIBUCIÓN,2.5
PULSAR,CAMBIO CADENILLA DISTRIBUCIÓN,2.5
PULSAR 180 UG,CAMBIO CADENILLA DISTRIBUCIÓN,2.5
PULSAR 150,CAMBIO CADENILLA DISTRIBUCIÓN,2.5
THOR 160,CAMBIO CADENILLA DISTRIBUCIÓN,2.5
PULSAR 200,CAMBIO CADENILLA DISTRIBUCIÓN,3
PULSAR 150 NS,CAMBIO CADENILLA DISTRIBUCIÓN,2.5
PULSAR 150 AS,CAMBIO CADENILLA DISTRIBUCIÓN,2.8
PULSAR 200 AS,CAMBIO CADENILLA DISTRIBUCIÓN,2.8
PULSAR 200 NS,CAMBIO CADENILLA DISTRIBUCIÓN,2.5
TITAN,CAMBIO CADENILLA DISTRIBUCIÓN,3
PULSAR  RS 200,CAMBIO CADENILLA DISTRIBUCIÓN,3
PULSAR 220,CAMBIO CADENILLA DISTRIBUCIÓN,2.5
AVENGER 220,CAMBIO CADENILLA DISTRIBUCIÓN,2.7
XCD,CAMBIO CADENILLA DISTRIBUCIÓN,2.5
DISCOVER 100,CAMBIO CADENILLA DISTRIBUCIÓN,2.5
DISCOVER 135,CAMBIO CADENILLA DISTRIBUCIÓN,2.5
BOXER,CAMBIO CADENILLA DISTRIBUCIÓN,2.5
LEXUS,CAMBIO CADENILLA DISTRIBUCIÓN,2.5
DISCOVER 100 5S,CAMBIO CADENILLA DISTRIBUCIÓN,2.5
DISCOVER 150,CAMBIO CADENILLA DISTRIBUCIÓN,2.5
CHAMPION,CAMBIO CADENILLA DISTRIBUCIÓN,2.5
DISCOVER 125 ST,CAMBIO CADENILLA DISTRIBUCIÓN,2.5
BOXER BM 100,CAMBIO CADENILLA DISTRIBUCIÓN,2.5
BOXER BM 150,CAMBIO CADENILLA DISTRIBUCIÓN,2.5
BOXER BM 100 ES,CAMBIO CADENILLA DISTRIBUCIÓN,2.5
PLATINO 125,CAMBIO CADENILLA DISTRIBUCIÓN,2.5
PLATINO 125 - 5S,CAMBIO CADENILLA DISTRIBUCIÓN,2.5
PLATINO 100,CAMBIO CADENILLA DISTRIBUCIÓN,1.5
PLATINO 110,CAMBIO CADENILLA DISTRIBUCIÓN,2.5
FAMILLY,CAMBIO CADENILLA DISTRIBUCIÓN,2.5
MOTOCARRO 4T,CAMBIO CADENILLA DISTRIBUCIÓN,3
TORITO,CAMBIO CADENILLA DISTRIBUCIÓN,3
KAZE MAX II,CAMBIO CADENILLA DISTRIBUCIÓN,1.5
ZX 130- MAGIC II,CAMBIO CADENILLA DISTRIBUCIÓN,1.5
KLX 150,CAMBIO CADENILLA DISTRIBUCIÓN,2.5
KLX150  L,CAMBIO CADENILLA DISTRIBUCIÓN,2.5
KLX 250,CAMBIO CADENILLA DISTRIBUCIÓN,3
NINJA 250,CAMBIO CADENILLA DISTRIBUCIÓN,7
NINJA 250 FI,CAMBIO CADENILLA DISTRIBUCIÓN,7
Z250,CAMBIO CADENILLA DISTRIBUCIÓN,7
Z250 SL,CAMBIO CADENILLA DISTRIBUCIÓN,6.7
ER-6n,CAMBIO CADENILLA DISTRIBUCIÓN,9
TRANS-SPORT,CAMBIO CADENILLA DISTRIBUCIÓN,1.5
MRX 150,CAMBIO CADENILLA DISTRIBUCIÓN,2.5
BOMBER 125,CAMBIO CADENILLA DISTRIBUCIÓN,2.5
BOMBER 250,CAMBIO CADENILLA DISTRIBUCIÓN,1.5
COMBAT 125,CAMBIO CADENILLA DISTRIBUCIÓN,2.5
ZS,CAMBIO CADENILLA DISTRIBUCIÓN,5
LIFE,CAMBIO CADENILLA DISTRIBUCIÓN,5
HUNTER,CAMBIO CADENILLA DISTRIBUCIÓN,5.5
BLACK,CAMBIO CADENILLA DISTRIBUCIÓN,5.5
VENOM 400,CAMBIO CADENILLA DISTRIBUCIÓN,7.5
VENOM 250,CAMBIO CADENILLA DISTRIBUCIÓN,2.5
ONE,CAMBIO CADENILLA DISTRIBUCIÓN,1.5
FLOW,CAMBIO CADENILLA DISTRIBUCIÓN,1.5
ADVANCE II LF,CAMBIO CADENILLA DISTRIBUCIÓN,1.5
ZONTES 155,CAMBIO CADENILLA DISTRIBUCIÓN,4
ZONTES 310M,CAMBIO CADENILLA DISTRIBUCIÓN,5.5
SHOCK,CAMBIO CADENILLA DISTRIBUCIÓN,1.5
TNT150i,CAMBIO CADENILLA DISTRIBUCIÓN,7
180S,CAMBIO CADENILLA DISTRIBUCIÓN,7
TNT25N,CAMBIO CADENILLA DISTRIBUCIÓN,7
LEONCINO 500,CAMBIO CADENILLA DISTRIBUCIÓN,9
LEONCINO 250,CAMBIO CADENILLA DISTRIBUCIÓN,7
TRK 500X,CAMBIO CADENILLA DISTRIBUCIÓN,10
TRK 251,CAMBIO CADENILLA DISTRIBUCIÓN,7
302 S,CAMBIO CADENILLA DISTRIBUCIÓN,7
TOP BOY,CAMBIO PISTÓN Y ANILLOS,1.5
AGILITY,CAMBIO PISTÓN Y ANILLOS,2
AGILITY RS,CAMBIO PISTÓN Y ANILLOS,2
AGILITY CITY 150,CAMBIO PISTÓN Y ANILLOS,2
BET & WIN,CAMBIO PISTÓN Y ANILLOS,2.5
ACTIV,CAMBIO PISTÓN Y ANILLOS,2
SPIKE,CAMBIO PISTÓN Y ANILLOS,2
AGILITY RS  NAKED,CAMBIO PISTÓN Y ANILLOS,2
SUPER 8,CAMBIO PISTÓN Y ANILLOS,2
GACELA,CAMBIO PISTÓN Y ANILLOS,2
CRUCERO             x-town 300,CAMBIO PISTÓN Y ANILLOS,3
ROCKET,CAMBIO PISTÓN Y ANILLOS,2
FLY 125,CAMBIO PISTÓN Y ANILLOS,2
TWIST,CAMBIO PISTÓN Y ANILLOS,2
JETIX,CAMBIO PISTÓN Y ANILLOS,2
UNI-K 110,CAMBIO PISTÓN Y ANILLOS,2
TRACK,CAMBIO PISTÓN Y ANILLOS,2
PULSAR 135,CAMBIO PISTÓN Y ANILLOS,2
Perseo,CAMBIO PISTÓN Y ANILLOS,2
PULSAR,CAMBIO PISTÓN Y ANILLOS,2
PULSAR 180 UG,CAMBIO PISTÓN Y ANILLOS,2
PULSAR 150,CAMBIO PISTÓN Y ANILLOS,2
THOR 160,CAMBIO PISTÓN Y ANILLOS,2
PULSAR 200,CAMBIO PISTÓN Y ANILLOS,2.5
PULSAR 150 NS,CAMBIO PISTÓN Y ANILLOS,2
PULSAR 150 AS,CAMBIO PISTÓN Y ANILLOS,3.5
PULSAR 200 AS,CAMBIO PISTÓN Y ANILLOS,3.5
PULSAR 200 NS,CAMBIO PISTÓN Y ANILLOS,3.2
TITAN,CAMBIO PISTÓN Y ANILLOS,3.7
PULSAR  RS 200,CAMBIO PISTÓN Y ANILLOS,3.7
PULSAR 220,CAMBIO PISTÓN Y ANILLOS,2
AVENGER 220,CAMBIO PISTÓN Y ANILLOS,2.3
XCD,CAMBIO PISTÓN Y ANILLOS,2
DISCOVER 100,CAMBIO PISTÓN Y ANILLOS,2
DISCOVER 135,CAMBIO PISTÓN Y ANILLOS,2
BOXER,CAMBIO PISTÓN Y ANILLOS,2
LEXUS,CAMBIO PISTÓN Y ANILLOS,2
DISCOVER 100 5S,CAMBIO PISTÓN Y ANILLOS,2
DISCOVER 150,CAMBIO PISTÓN Y ANILLOS,2
CHAMPION,CAMBIO PISTÓN Y ANILLOS,2
DISCOVER 125 ST,CAMBIO PISTÓN Y ANILLOS,2
BOXER BM 100,CAMBIO PISTÓN Y ANILLOS,2
BOXER BM 150,CAMBIO PISTÓN Y ANILLOS,2
BOXER BM 100 ES,CAMBIO PISTÓN Y ANILLOS,2
PLATINO 125,CAMBIO PISTÓN Y ANILLOS,2
PLATINO 125 - 5S,CAMBIO PISTÓN Y ANILLOS,2
PLATINO 100,CAMBIO PISTÓN Y ANILLOS,2
PLATINO 110,CAMBIO PISTÓN Y ANILLOS,2
FAMILLY,CAMBIO PISTÓN Y ANILLOS,2
MOTOCARRO 4T,CAMBIO PISTÓN Y ANILLOS,3
TORITO,CAMBIO PISTÓN Y ANILLOS,3
KAZE MAX II,CAMBIO PISTÓN Y ANILLOS,2
ZX 130- MAGIC II,CAMBIO PISTÓN Y ANILLOS,2
KMX,CAMBIO PISTÓN Y ANILLOS,2
KLX 150,CAMBIO PISTÓN Y ANILLOS,2
KLX150  L,CAMBIO PISTÓN Y ANILLOS,2
KLX 250,CAMBIO PISTÓN Y ANILLOS,3
NINJA 250,CAMBIO PISTÓN Y ANILLOS,3
NINJA 250 FI,CAMBIO PISTÓN Y ANILLOS,3
Z250,CAMBIO PISTÓN Y ANILLOS,3
Z250 SL,CAMBIO PISTÓN Y ANILLOS,2.7
ER-6n,CAMBIO PISTÓN Y ANILLOS,3.5
TRANS-SPORT,CAMBIO PISTÓN Y ANILLOS,2
MRX 150,CAMBIO PISTÓN Y ANILLOS,2
FURAX,CAMBIO PISTÓN Y ANILLOS,3
BOMBER 125,CAMBIO PISTÓN Y ANILLOS,2
BOMBER 250,CAMBIO PISTÓN Y ANILLOS,3.5
COMBAT 125,CAMBIO PISTÓN Y ANILLOS,2
ZS,CAMBIO PISTÓN Y ANILLOS,2
LIFE,CAMBIO PISTÓN Y ANILLOS,2
HUNTER,CAMBIO PISTÓN Y ANILLOS,3
BLACK,CAMBIO PISTÓN Y ANILLOS,3
VENOM 400,CAMBIO PISTÓN Y ANILLOS,4.5
VENOM 250,CAMBIO PISTÓN Y ANILLOS,3.2
ONE,CAMBIO PISTÓN Y ANILLOS,2
FLOW,CAMBIO PISTÓN Y ANILLOS,2
ADVANCE II LF,CAMBIO PISTÓN Y ANILLOS,2
ZONTES 155,CAMBIO PISTÓN Y ANILLOS,3
ZONTES 310M,CAMBIO PISTÓN Y ANILLOS,3
SHOCK,CAMBIO PISTÓN Y ANILLOS,2
TNT150i,CAMBIO PISTÓN Y ANILLOS,3
180S,CAMBIO PISTÓN Y ANILLOS,2.5
TNT25N,CAMBIO PISTÓN Y ANILLOS,3
LEONCINO 500,CAMBIO PISTÓN Y ANILLOS,3.5
LEONCINO 250,CAMBIO PISTÓN Y ANILLOS,3
TRK 500X,CAMBIO PISTÓN Y ANILLOS,3.5
TRK 251,CAMBIO PISTÓN Y ANILLOS,3
302 S,CAMBIO PISTÓN Y ANILLOS,3
KMX,LIMPIEZA DE KIPS,2.5
AGILITY,CAMBIO DE O´RING Y/O TAPAS DE VÁLVULAS,0.3
AGILITY RS,CAMBIO DE O´RING Y/O TAPAS DE VÁLVULAS,0.3
AGILITY CITY 150,CAMBIO DE O´RING Y/O TAPAS DE VÁLVULAS,0.3
BET & WIN,CAMBIO DE O´RING Y/O TAPAS DE VÁLVULAS,0.3
ACTIV,CAMBIO DE O´RING Y/O TAPAS DE VÁLVULAS,0.3
SPIKE,CAMBIO DE O´RING Y/O TAPAS DE VÁLVULAS,0.3
AGILITY RS  NAKED,CAMBIO DE O´RING Y/O TAPAS DE VÁLVULAS,0.3
SUPER 8,CAMBIO DE O´RING Y/O TAPAS DE VÁLVULAS,0.3
GACELA,CAMBIO DE O´RING Y/O TAPAS DE VÁLVULAS,0.3
CRUCERO             x-town 300,CAMBIO DE O´RING Y/O TAPAS DE VÁLVULAS,0.4
ROCKET,CAMBIO DE O´RING Y/O TAPAS DE VÁLVULAS,0.3
FLY 125,CAMBIO DE O´RING Y/O TAPAS DE VÁLVULAS,0.3
TWIST,CAMBIO DE O´RING Y/O TAPAS DE VÁLVULAS,0.3
JETIX,CAMBIO DE O´RING Y/O TAPAS DE VÁLVULAS,0.3
UNI-K 110,CAMBIO DE O´RING Y/O TAPAS DE VÁLVULAS,0.3
TRACK,CAMBIO DE O´RING Y/O TAPAS DE VÁLVULAS,0.3
PULSAR,CAMBIO DE O´RING Y/O TAPAS DE VÁLVULAS,0.3
PULSAR 180 UG,CAMBIO DE O´RING Y/O TAPAS DE VÁLVULAS,0.3
PULSAR 150,CAMBIO DE O´RING Y/O TAPAS DE VÁLVULAS,0.3
THOR 160,CAMBIO DE O´RING Y/O TAPAS DE VÁLVULAS,0.3
PULSAR 220,CAMBIO DE O´RING Y/O TAPAS DE VÁLVULAS,0.3
AVENGER 220,CAMBIO DE O´RING Y/O TAPAS DE VÁLVULAS,0.3
DISCOVER 135,CAMBIO DE O´RING Y/O TAPAS DE VÁLVULAS,0.3
BOXER,CAMBIO DE O´RING Y/O TAPAS DE VÁLVULAS,0.3
CHAMPION,CAMBIO DE O´RING Y/O TAPAS DE VÁLVULAS,0.3
BOXER BM 100,CAMBIO DE O´RING Y/O TAPAS DE VÁLVULAS,0.3
PLATINO 100,CAMBIO DE O´RING Y/O TAPAS DE VÁLVULAS,0.3
MOTOCARRO 4T,CAMBIO DE O´RING Y/O TAPAS DE VÁLVULAS,0.3
KAZE MAX II,CAMBIO DE O´RING Y/O TAPAS DE VÁLVULAS,0.3
ZX 130- MAGIC II,CAMBIO DE O´RING Y/O TAPAS DE VÁLVULAS,0.3
KLX 150,CAMBIO DE O´RING Y/O TAPAS DE VÁLVULAS,0.3
KLX150  L,CAMBIO DE O´RING Y/O TAPAS DE VÁLVULAS,0.3
KLX 250,CAMBIO DE O´RING Y/O TAPAS DE VÁLVULAS,0.7
NINJA 250,CAMBIO DE O´RING Y/O TAPAS DE VÁLVULAS,1
ER-6n,CAMBIO DE O´RING Y/O TAPAS DE VÁLVULAS,1
TRANS-SPORT,CAMBIO DE O´RING Y/O TAPAS DE VÁLVULAS,0.3
BOMBER 250,CAMBIO DE O´RING Y/O TAPAS DE VÁLVULAS,0.3
ZS,CAMBIO DE O´RING Y/O TAPAS DE VÁLVULAS,0.3
LIFE,CAMBIO DE O´RING Y/O TAPAS DE VÁLVULAS,0.3
HUNTER,CAMBIO DE O´RING Y/O TAPAS DE VÁLVULAS,0.4
BLACK,CAMBIO DE O´RING Y/O TAPAS DE VÁLVULAS,0.4
VENOM 400,CAMBIO DE O´RING Y/O TAPAS DE VÁLVULAS,2.5
ONE,CAMBIO DE O´RING Y/O TAPAS DE VÁLVULAS,0.3
FLOW,CAMBIO DE O´RING Y/O TAPAS DE VÁLVULAS,0.3
ADVANCE II LF,CAMBIO DE O´RING Y/O TAPAS DE VÁLVULAS,0.3
ZONTES 155,CAMBIO DE O´RING Y/O TAPAS DE VÁLVULAS,1
ZONTES 310M,CAMBIO DE O´RING Y/O TAPAS DE VÁLVULAS,0.4
SHOCK,CAMBIO DE O´RING Y/O TAPAS DE VÁLVULAS,0.3
ACTIV,CAMBIO TAPA PIÑON CADENILLA Y/O EMPAQUE,0.5
SPIKE,CAMBIO TAPA PIÑON CADENILLA Y/O EMPAQUE,0.5
JETIX,CAMBIO TAPA PIÑON CADENILLA Y/O EMPAQUE,0.5
UNI-K 110,CAMBIO TAPA PIÑON CADENILLA Y/O EMPAQUE,0.5
TRACK,CAMBIO TAPA PIÑON CADENILLA Y/O EMPAQUE,0.5
BOXER,CAMBIO TAPA PIÑON CADENILLA Y/O EMPAQUE,0.2
CHAMPION,CAMBIO TAPA PIÑON CADENILLA Y/O EMPAQUE,0.2
BOXER BM 100,CAMBIO TAPA PIÑON CADENILLA Y/O EMPAQUE,0.2
PLATINO 100,CAMBIO TAPA PIÑON CADENILLA Y/O EMPAQUE,0.2
MOTOCARRO 4T,CAMBIO TAPA PIÑON CADENILLA Y/O EMPAQUE,1
KAZE MAX II,CAMBIO TAPA PIÑON CADENILLA Y/O EMPAQUE,0.5
ZX 130- MAGIC II,CAMBIO TAPA PIÑON CADENILLA Y/O EMPAQUE,0.5
KLX 150,CAMBIO TAPA PIÑON CADENILLA Y/O EMPAQUE,0.3
KLX150  L,CAMBIO TAPA PIÑON CADENILLA Y/O EMPAQUE,0.3
TRANS-SPORT,CAMBIO TAPA PIÑON CADENILLA Y/O EMPAQUE,0.5
BOMBER 125,CAMBIO TAPA PIÑON CADENILLA Y/O EMPAQUE,0.5
BOMBER 250,CAMBIO TAPA PIÑON CADENILLA Y/O EMPAQUE,0.1
COMBAT 125,CAMBIO TAPA PIÑON CADENILLA Y/O EMPAQUE,0.5
VENOM 400,CAMBIO TAPA PIÑON CADENILLA Y/O EMPAQUE,2
ONE,CAMBIO TAPA PIÑON CADENILLA Y/O EMPAQUE,0.5
FLOW,CAMBIO TAPA PIÑON CADENILLA Y/O EMPAQUE,0.5
ADVANCE II LF,CAMBIO TAPA PIÑON CADENILLA Y/O EMPAQUE,0.5
SHOCK,CAMBIO TAPA PIÑON CADENILLA Y/O EMPAQUE,0.5
AGILITY,CAMBIO TAPA  CULATA O CULATIN Y/O EMPAQUE,1
AGILITY RS,CAMBIO TAPA  CULATA O CULATIN Y/O EMPAQUE,1
AGILITY CITY 150,CAMBIO TAPA  CULATA O CULATIN Y/O EMPAQUE,1
BET & WIN,CAMBIO TAPA  CULATA O CULATIN Y/O EMPAQUE,1
AGILITY RS  NAKED,CAMBIO TAPA  CULATA O CULATIN Y/O EMPAQUE,1
SUPER 8,CAMBIO TAPA  CULATA O CULATIN Y/O EMPAQUE,1
GACELA,CAMBIO TAPA  CULATA O CULATIN Y/O EMPAQUE,1
CRUCERO             x-town 300,CAMBIO TAPA  CULATA O CULATIN Y/O EMPAQUE,1.5
ROCKET,CAMBIO TAPA  CULATA O CULATIN Y/O EMPAQUE,1
FLY 125,CAMBIO TAPA  CULATA O CULATIN Y/O EMPAQUE,1
TWIST,CAMBIO TAPA  CULATA O CULATIN Y/O EMPAQUE,1
UNI-K 110,CAMBIO TAPA  CULATA O CULATIN Y/O EMPAQUE,0.3
TRACK,CAMBIO TAPA  CULATA O CULATIN Y/O EMPAQUE,0.3
PULSAR 135,CAMBIO TAPA  CULATA O CULATIN Y/O EMPAQUE,0.3
Perseo,CAMBIO TAPA  CULATA O CULATIN Y/O EMPAQUE,0.3
PULSAR,CAMBIO TAPA  CULATA O CULATIN Y/O EMPAQUE,1.5
PULSAR 180 UG,CAMBIO TAPA  CULATA O CULATIN Y/O EMPAQUE,1.5
PULSAR 150,CAMBIO TAPA  CULATA O CULATIN Y/O EMPAQUE,1.5
THOR 160,CAMBIO TAPA  CULATA O CULATIN Y/O EMPAQUE,1.5
PULSAR 200,CAMBIO TAPA  CULATA O CULATIN Y/O EMPAQUE,0.8
PULSAR 150 NS,CAMBIO TAPA  CULATA O CULATIN Y/O EMPAQUE,0.8
PULSAR 150 AS,CAMBIO TAPA  CULATA O CULATIN Y/O EMPAQUE,1.1
PULSAR 200 AS,CAMBIO TAPA  CULATA O CULATIN Y/O EMPAQUE,1.1
PULSAR 200 NS,CAMBIO TAPA  CULATA O CULATIN Y/O EMPAQUE,0.8
TITAN,CAMBIO TAPA  CULATA O CULATIN Y/O EMPAQUE,1
PULSAR  RS 200,CAMBIO TAPA  CULATA O CULATIN Y/O EMPAQUE,1.3
PULSAR 220,CAMBIO TAPA  CULATA O CULATIN Y/O EMPAQUE,1.5
AVENGER 220,CAMBIO TAPA  CULATA O CULATIN Y/O EMPAQUE,1.7
XCD,CAMBIO TAPA  CULATA O CULATIN Y/O EMPAQUE,0.3
DISCOVER 100,CAMBIO TAPA  CULATA O CULATIN Y/O EMPAQUE,0.3
DISCOVER 135,CAMBIO TAPA  CULATA O CULATIN Y/O EMPAQUE,1.5
DISCOVER 100 5S,CAMBIO TAPA  CULATA O CULATIN Y/O EMPAQUE,0.3
DISCOVER 150,CAMBIO TAPA  CULATA O CULATIN Y/O EMPAQUE,0.3
DISCOVER 125 ST,CAMBIO TAPA  CULATA O CULATIN Y/O EMPAQUE,0.3
BOXER BM 150,CAMBIO TAPA  CULATA O CULATIN Y/O EMPAQUE,0.3
BOXER BM 100 ES,CAMBIO TAPA  CULATA O CULATIN Y/O EMPAQUE,0.3
PLATINO 125,CAMBIO TAPA  CULATA O CULATIN Y/O EMPAQUE,0.3
PLATINO 125 - 5S,CAMBIO TAPA  CULATA O CULATIN Y/O EMPAQUE,0.3
PLATINO 110,CAMBIO TAPA  CULATA O CULATIN Y/O EMPAQUE,0.3
FAMILLY,CAMBIO TAPA  CULATA O CULATIN Y/O EMPAQUE,0.3
TORITO,CAMBIO TAPA  CULATA O CULATIN Y/O EMPAQUE,0.3
KLX 250,CAMBIO TAPA  CULATA O CULATIN Y/O EMPAQUE,1
NINJA 250,CAMBIO TAPA  CULATA O CULATIN Y/O EMPAQUE,1
NINJA 250 FI,CAMBIO TAPA  CULATA O CULATIN Y/O EMPAQUE,1
Z250,CAMBIO TAPA  CULATA O CULATIN Y/O EMPAQUE,1
Z250 SL,CAMBIO TAPA  CULATA O CULATIN Y/O EMPAQUE,0.7
ER-6n,CAMBIO TAPA  CULATA O CULATIN Y/O EMPAQUE,1
MRX 150,CAMBIO TAPA  CULATA O CULATIN Y/O EMPAQUE,0.5
FURAX,CAMBIO TAPA  CULATA O CULATIN Y/O EMPAQUE,1.8
BOMBER 125,CAMBIO TAPA  CULATA O CULATIN Y/O EMPAQUE,0.5
COMBAT 125,CAMBIO TAPA  CULATA O CULATIN Y/O EMPAQUE,0.5
ZS,CAMBIO TAPA  CULATA O CULATIN Y/O EMPAQUE,1
LIFE,CAMBIO TAPA  CULATA O CULATIN Y/O EMPAQUE,1
HUNTER,CAMBIO TAPA  CULATA O CULATIN Y/O EMPAQUE,1.5
BLACK,CAMBIO TAPA  CULATA O CULATIN Y/O EMPAQUE,1.5
VENOM 400,CAMBIO TAPA  CULATA O CULATIN Y/O EMPAQUE,1.5
VENOM 250,CAMBIO TAPA  CULATA O CULATIN Y/O EMPAQUE,0.8
ONE,CAMBIO TAPA  CULATA O CULATIN Y/O EMPAQUE,0.3
ZONTES 155,CAMBIO TAPA  CULATA O CULATIN Y/O EMPAQUE,1.5
ZONTES 310M,CAMBIO TAPA  CULATA O CULATIN Y/O EMPAQUE,2
TNT150i,CAMBIO TAPA  CULATA O CULATIN Y/O EMPAQUE,1
180S,CAMBIO TAPA  CULATA O CULATIN Y/O EMPAQUE,1
TNT25N,CAMBIO TAPA  CULATA O CULATIN Y/O EMPAQUE,1
LEONCINO 500,CAMBIO TAPA  CULATA O CULATIN Y/O EMPAQUE,1
LEONCINO 250,CAMBIO TAPA  CULATA O CULATIN Y/O EMPAQUE,1
TRK 500X,CAMBIO TAPA  CULATA O CULATIN Y/O EMPAQUE,1
TRK 251,CAMBIO TAPA  CULATA O CULATIN Y/O EMPAQUE,1
302 S,CAMBIO TAPA  CULATA O CULATIN Y/O EMPAQUE,1
AGILITY,CAMBIO EMPAQUE TAPA CULATA O CULATIN,1
AGILITY RS,CAMBIO EMPAQUE TAPA CULATA O CULATIN,1
AGILITY CITY 150,CAMBIO EMPAQUE TAPA CULATA O CULATIN,1
BET & WIN,CAMBIO EMPAQUE TAPA CULATA O CULATIN,1.3
AGILITY RS  NAKED,CAMBIO EMPAQUE TAPA CULATA O CULATIN,1
SUPER 8,CAMBIO EMPAQUE TAPA CULATA O CULATIN,1
GACELA,CAMBIO EMPAQUE TAPA CULATA O CULATIN,1
CRUCERO             x-town 300,CAMBIO EMPAQUE TAPA CULATA O CULATIN,1.5
ROCKET,CAMBIO EMPAQUE TAPA CULATA O CULATIN,1
FLY 125,CAMBIO EMPAQUE TAPA CULATA O CULATIN,1
TWIST,CAMBIO EMPAQUE TAPA CULATA O CULATIN,1
UNI-K 110,CAMBIO EMPAQUE TAPA CULATA O CULATIN,0.3
TRACK,CAMBIO EMPAQUE TAPA CULATA O CULATIN,0.3
PULSAR 135,CAMBIO EMPAQUE TAPA CULATA O CULATIN,0.3
Perseo,CAMBIO EMPAQUE TAPA CULATA O CULATIN,0.3
PULSAR,CAMBIO EMPAQUE TAPA CULATA O CULATIN,1
PULSAR 180 UG,CAMBIO EMPAQUE TAPA CULATA O CULATIN,1
PULSAR 150,CAMBIO EMPAQUE TAPA CULATA O CULATIN,1
THOR 160,CAMBIO EMPAQUE TAPA CULATA O CULATIN,1
PULSAR 200,CAMBIO EMPAQUE TAPA CULATA O CULATIN,0.8
PULSAR 150 NS,CAMBIO EMPAQUE TAPA CULATA O CULATIN,0.8
PULSAR 150 AS,CAMBIO EMPAQUE TAPA CULATA O CULATIN,1.1
PULSAR 200 AS,CAMBIO EMPAQUE TAPA CULATA O CULATIN,1.1
PULSAR 200 NS,CAMBIO EMPAQUE TAPA CULATA O CULATIN,0.8
TITAN,CAMBIO EMPAQUE TAPA CULATA O CULATIN,1
PULSAR  RS 200,CAMBIO EMPAQUE TAPA CULATA O CULATIN,1.3
PULSAR 220,CAMBIO EMPAQUE TAPA CULATA O CULATIN,1
AVENGER 220,CAMBIO EMPAQUE TAPA CULATA O CULATIN,1.3
XCD,CAMBIO EMPAQUE TAPA CULATA O CULATIN,0.3
DISCOVER 100,CAMBIO EMPAQUE TAPA CULATA O CULATIN,0.3
DISCOVER 135,CAMBIO EMPAQUE TAPA CULATA O CULATIN,1
DISCOVER 100 5S,CAMBIO EMPAQUE TAPA CULATA O CULATIN,0.3
DISCOVER 150,CAMBIO EMPAQUE TAPA CULATA O CULATIN,0.3
DISCOVER 125 ST,CAMBIO EMPAQUE TAPA CULATA O CULATIN,0.3
BOXER BM 150,CAMBIO EMPAQUE TAPA CULATA O CULATIN,0.3
BOXER BM 100 ES,CAMBIO EMPAQUE TAPA CULATA O CULATIN,0.3
PLATINO 125,CAMBIO EMPAQUE TAPA CULATA O CULATIN,0.3
PLATINO 125 - 5S,CAMBIO EMPAQUE TAPA CULATA O CULATIN,0.3
PLATINO 110,CAMBIO EMPAQUE TAPA CULATA O CULATIN,0.3
FAMILLY,CAMBIO EMPAQUE TAPA CULATA O CULATIN,0.3
TORITO,CAMBIO EMPAQUE TAPA CULATA O CULATIN,0.3
KLX 250,CAMBIO EMPAQUE TAPA CULATA O CULATIN,0.5
NINJA 250,CAMBIO EMPAQUE TAPA CULATA O CULATIN,0.5
NINJA 250 FI,CAMBIO EMPAQUE TAPA CULATA O CULATIN,1
Z250,CAMBIO EMPAQUE TAPA CULATA O CULATIN,1
Z250 SL,CAMBIO EMPAQUE TAPA CULATA O CULATIN,0.7
ER-6n,CAMBIO EMPAQUE TAPA CULATA O CULATIN,1.5
MRX 150,CAMBIO EMPAQUE TAPA CULATA O CULATIN,0.5
FURAX,CAMBIO EMPAQUE TAPA CULATA O CULATIN,1.8
BOMBER 125,CAMBIO EMPAQUE TAPA CULATA O CULATIN,0.5
COMBAT 125,CAMBIO EMPAQUE TAPA CULATA O CULATIN,0.5
ZS,CAMBIO EMPAQUE TAPA CULATA O CULATIN,1
LIFE,CAMBIO EMPAQUE TAPA CULATA O CULATIN,1
HUNTER,CAMBIO EMPAQUE TAPA CULATA O CULATIN,1.5
BLACK,CAMBIO EMPAQUE TAPA CULATA O CULATIN,1.5
VENOM 400,CAMBIO EMPAQUE TAPA CULATA O CULATIN,1.5
VENOM 250,CAMBIO EMPAQUE TAPA CULATA O CULATIN,0.8
ONE,CAMBIO EMPAQUE TAPA CULATA O CULATIN,0.3
ZONTES 155,CAMBIO EMPAQUE TAPA CULATA O CULATIN,1
ZONTES 310M,CAMBIO EMPAQUE TAPA CULATA O CULATIN,1.5
TNT150i,CAMBIO EMPAQUE TAPA CULATA O CULATIN,1
180S,CAMBIO EMPAQUE TAPA CULATA O CULATIN,1
TNT25N,CAMBIO EMPAQUE TAPA CULATA O CULATIN,1
LEONCINO 500,CAMBIO EMPAQUE TAPA CULATA O CULATIN,1.5
LEONCINO 250,CAMBIO EMPAQUE TAPA CULATA O CULATIN,1
TRK 500X,CAMBIO EMPAQUE TAPA CULATA O CULATIN,1.5
TRK 251,CAMBIO EMPAQUE TAPA CULATA O CULATIN,1
302 S,CAMBIO EMPAQUE TAPA CULATA O CULATIN,1
TOP BOY,CAMBIO EMPAQUE CULATA,1
AGILITY,CAMBIO EMPAQUE CULATA,1.5
AGILITY RS,CAMBIO EMPAQUE CULATA,1.5
AGILITY CITY 150,CAMBIO EMPAQUE CULATA,1.5
BET & WIN,CAMBIO EMPAQUE CULATA,2.5
ACTIV,CAMBIO EMPAQUE CULATA,1
SPIKE,CAMBIO EMPAQUE CULATA,1
AGILITY RS  NAKED,CAMBIO EMPAQUE CULATA,1.5
SUPER 8,CAMBIO EMPAQUE CULATA,1.5
GACELA,CAMBIO EMPAQUE CULATA,1.5
CRUCERO             x-town 300,CAMBIO EMPAQUE CULATA,3
ROCKET,CAMBIO EMPAQUE CULATA,1.5
FLY 125,CAMBIO EMPAQUE CULATA,1.5
TWIST,CAMBIO EMPAQUE CULATA,1.5
JETIX,CAMBIO EMPAQUE CULATA,1
UNI-K 110,CAMBIO EMPAQUE CULATA,1
TRACK,CAMBIO EMPAQUE CULATA,1
PULSAR 135,CAMBIO EMPAQUE CULATA,1
Perseo,CAMBIO EMPAQUE CULATA,1
PULSAR,CAMBIO EMPAQUE CULATA,1
PULSAR 180 UG,CAMBIO EMPAQUE CULATA,1
PULSAR 150,CAMBIO EMPAQUE CULATA,1
THOR 160,CAMBIO EMPAQUE CULATA,1
PULSAR 200,CAMBIO EMPAQUE CULATA,1.5
PULSAR 150 NS,CAMBIO EMPAQUE CULATA,1
PULSAR 150 AS,CAMBIO EMPAQUE CULATA,2.3
PULSAR 200 AS,CAMBIO EMPAQUE CULATA,2.3
PULSAR 200 NS,CAMBIO EMPAQUE CULATA,2
TITAN,CAMBIO EMPAQUE CULATA,2.3
PULSAR  RS 200,CAMBIO EMPAQUE CULATA,2.5
PULSAR 220,CAMBIO EMPAQUE CULATA,1
AVENGER 220,CAMBIO EMPAQUE CULATA,1.5
XCD,CAMBIO EMPAQUE CULATA,1
DISCOVER 100,CAMBIO EMPAQUE CULATA,1
DISCOVER 135,CAMBIO EMPAQUE CULATA,1
BOXER,CAMBIO EMPAQUE CULATA,1
LEXUS,CAMBIO EMPAQUE CULATA,1
DISCOVER 100 5S,CAMBIO EMPAQUE CULATA,1
DISCOVER 150,CAMBIO EMPAQUE CULATA,1
CHAMPION,CAMBIO EMPAQUE CULATA,1
DISCOVER 125 ST,CAMBIO EMPAQUE CULATA,1
BOXER BM 100,CAMBIO EMPAQUE CULATA,1
BOXER BM 150,CAMBIO EMPAQUE CULATA,1
BOXER BM 100 ES,CAMBIO EMPAQUE CULATA,1
PLATINO 125,CAMBIO EMPAQUE CULATA,1
PLATINO 125 - 5S,CAMBIO EMPAQUE CULATA,1
PLATINO 100,CAMBIO EMPAQUE CULATA,1
PLATINO 110,CAMBIO EMPAQUE CULATA,1
FAMILLY,CAMBIO EMPAQUE CULATA,1
MOTOCARRO 4T,CAMBIO EMPAQUE CULATA,2
TORITO,CAMBIO EMPAQUE CULATA,2
KAZE MAX II,CAMBIO EMPAQUE CULATA,1.5
ZX 130- MAGIC II,CAMBIO EMPAQUE CULATA,1
KMX,CAMBIO EMPAQUE CULATA,1
KLX 250,CAMBIO EMPAQUE CULATA,2
NINJA 250,CAMBIO EMPAQUE CULATA,2.5
NINJA 250 FI,CAMBIO EMPAQUE CULATA,2.5
Z250,CAMBIO EMPAQUE CULATA,2.5
Z250 SL,CAMBIO EMPAQUE CULATA,2.2
ER-6n,CAMBIO EMPAQUE CULATA,3
TRANS-SPORT,CAMBIO EMPAQUE CULATA,1
MRX 150,CAMBIO EMPAQUE CULATA,1
FURAX,CAMBIO EMPAQUE CULATA,1
BOMBER 125,CAMBIO EMPAQUE CULATA,1
BOMBER 250,CAMBIO EMPAQUE CULATA,3
COMBAT 125,CAMBIO EMPAQUE CULATA,1
ZS,CAMBIO EMPAQUE CULATA,1.5
LIFE,CAMBIO EMPAQUE CULATA,1.5
HUNTER,CAMBIO EMPAQUE CULATA,3
BLACK,CAMBIO EMPAQUE CULATA,3
VENOM 400,CAMBIO EMPAQUE CULATA,3.5
VENOM 250,CAMBIO EMPAQUE CULATA,2
ONE,CAMBIO EMPAQUE CULATA,1
FLOW,CAMBIO EMPAQUE CULATA,1
ADVANCE II LF,CAMBIO EMPAQUE CULATA,1
ZONTES 155,CAMBIO EMPAQUE CULATA,3
ZONTES 310M,CAMBIO EMPAQUE CULATA,3
SHOCK,CAMBIO EMPAQUE CULATA,1
TNT150i,CAMBIO EMPAQUE CULATA,2.5
180S,CAMBIO EMPAQUE CULATA,2
TNT25N,CAMBIO EMPAQUE CULATA,2.5
LEONCINO 500,CAMBIO EMPAQUE CULATA,3
LEONCINO 250,CAMBIO EMPAQUE CULATA,2.5
TRK 500X,CAMBIO EMPAQUE CULATA,3
TRK 251,CAMBIO EMPAQUE CULATA,2.5
302 S,CAMBIO EMPAQUE CULATA,2.5
TOP BOY,CAMBIO EMPAQUE CILINDRO,1.5
AGILITY,CAMBIO EMPAQUE CILINDRO,2
AGILITY RS,CAMBIO EMPAQUE CILINDRO,2
AGILITY CITY 150,CAMBIO EMPAQUE CILINDRO,2
BET & WIN,CAMBIO EMPAQUE CILINDRO,2.5
ACTIV,CAMBIO EMPAQUE CILINDRO,2
SPIKE,CAMBIO EMPAQUE CILINDRO,2
AGILITY RS  NAKED,CAMBIO EMPAQUE CILINDRO,2
SUPER 8,CAMBIO EMPAQUE CILINDRO,2
GACELA,CAMBIO EMPAQUE CILINDRO,2
CRUCERO             x-town 300,CAMBIO EMPAQUE CILINDRO,3
ROCKET,CAMBIO EMPAQUE CILINDRO,2
FLY 125,CAMBIO EMPAQUE CILINDRO,2
TWIST,CAMBIO EMPAQUE CILINDRO,2
JETIX,CAMBIO EMPAQUE CILINDRO,2
UNI-K 110,CAMBIO EMPAQUE CILINDRO,2
TRACK,CAMBIO EMPAQUE CILINDRO,2
PULSAR 135,CAMBIO EMPAQUE CILINDRO,2
Perseo,CAMBIO EMPAQUE CILINDRO,2
PULSAR,CAMBIO EMPAQUE CILINDRO,2
PULSAR 180 UG,CAMBIO EMPAQUE CILINDRO,2
PULSAR 150,CAMBIO EMPAQUE CILINDRO,2
THOR 160,CAMBIO EMPAQUE CILINDRO,2
PULSAR 200,CAMBIO EMPAQUE CILINDRO,2.5
PULSAR 150 NS,CAMBIO EMPAQUE CILINDRO,2
PULSAR 150 AS,CAMBIO EMPAQUE CILINDRO,3.1
PULSAR 200 AS,CAMBIO EMPAQUE CILINDRO,3.1
PULSAR 200 NS,CAMBIO EMPAQUE CILINDRO,2.8
TITAN,CAMBIO EMPAQUE CILINDRO,3
PULSAR  RS 200,CAMBIO EMPAQUE CILINDRO,3.3
PULSAR 220,CAMBIO EMPAQUE CILINDRO,2
AVENGER 220,CAMBIO EMPAQUE CILINDRO,2.3
XCD,CAMBIO EMPAQUE CILINDRO,2
DISCOVER 100,CAMBIO EMPAQUE CILINDRO,2
DISCOVER 135,CAMBIO EMPAQUE CILINDRO,2
BOXER,CAMBIO EMPAQUE CILINDRO,2
LEXUS,CAMBIO EMPAQUE CILINDRO,2
DISCOVER 100 5S,CAMBIO EMPAQUE CILINDRO,2
DISCOVER 150,CAMBIO EMPAQUE CILINDRO,2
CHAMPION,CAMBIO EMPAQUE CILINDRO,2
DISCOVER 125 ST,CAMBIO EMPAQUE CILINDRO,2
BOXER BM 100,CAMBIO EMPAQUE CILINDRO,2
BOXER BM 150,CAMBIO EMPAQUE CILINDRO,2
BOXER BM 100 ES,CAMBIO EMPAQUE CILINDRO,2
PLATINO 125,CAMBIO EMPAQUE CILINDRO,2
PLATINO 125 - 5S,CAMBIO EMPAQUE CILINDRO,2
PLATINO 100,CAMBIO EMPAQUE CILINDRO,2
PLATINO 110,CAMBIO EMPAQUE CILINDRO,2
FAMILLY,CAMBIO EMPAQUE CILINDRO,2
MOTOCARRO 4T,CAMBIO EMPAQUE CILINDRO,3
TORITO,CAMBIO EMPAQUE CILINDRO,3
KAZE MAX II,CAMBIO EMPAQUE CILINDRO,2
ZX 130- MAGIC II,CAMBIO EMPAQUE CILINDRO,2
KMX,CAMBIO EMPAQUE CILINDRO,2
KLX 150,CAMBIO EMPAQUE CILINDRO,2
KLX150  L,CAMBIO EMPAQUE CILINDRO,2
KLX 250,CAMBIO EMPAQUE CILINDRO,2.5
NINJA 250,CAMBIO EMPAQUE CILINDRO,3
NINJA 250 FI,CAMBIO EMPAQUE CILINDRO,3
Z250,CAMBIO EMPAQUE CILINDRO,3
Z250 SL,CAMBIO EMPAQUE CILINDRO,2.7
ER-6n,CAMBIO EMPAQUE CILINDRO,3.5
TRANS-SPORT,CAMBIO EMPAQUE CILINDRO,1.8
MRX 150,CAMBIO EMPAQUE CILINDRO,2
FURAX,CAMBIO EMPAQUE CILINDRO,3
BOMBER 125,CAMBIO EMPAQUE CILINDRO,2
BOMBER 250,CAMBIO EMPAQUE CILINDRO,3.5
COMBAT 125,CAMBIO EMPAQUE CILINDRO,2
ZS,CAMBIO EMPAQUE CILINDRO,2
LIFE,CAMBIO EMPAQUE CILINDRO,2
HUNTER,CAMBIO EMPAQUE CILINDRO,3
BLACK,CAMBIO EMPAQUE CILINDRO,3
VENOM 400,CAMBIO EMPAQUE CILINDRO,4
VENOM 250,CAMBIO EMPAQUE CILINDRO,2.8
ONE,CAMBIO EMPAQUE CILINDRO,2
FLOW,CAMBIO EMPAQUE CILINDRO,2
ADVANCE II LF,CAMBIO EMPAQUE CILINDRO,2
ZONTES 155,CAMBIO EMPAQUE CILINDRO,3.5
ZONTES 310M,CAMBIO EMPAQUE CILINDRO,3.5
SHOCK,CAMBIO EMPAQUE CILINDRO,2
TNT150i,CAMBIO EMPAQUE CILINDRO,3
180S,CAMBIO EMPAQUE CILINDRO,2.5
TNT25N,CAMBIO EMPAQUE CILINDRO,3
LEONCINO 500,CAMBIO EMPAQUE CILINDRO,3.5
LEONCINO 250,CAMBIO EMPAQUE CILINDRO,3
TRK 500X,CAMBIO EMPAQUE CILINDRO,3.5
TRK 251,CAMBIO EMPAQUE CILINDRO,3
302 S,CAMBIO EMPAQUE CILINDRO,3
AGILITY,CAMBIO SELLOS DE VÁLVULAS,2
AGILITY RS,CAMBIO SELLOS DE VÁLVULAS,2
AGILITY CITY 150,CAMBIO SELLOS DE VÁLVULAS,2
BET & WIN,CAMBIO SELLOS DE VÁLVULAS,2.5
ACTIV,CAMBIO SELLOS DE VÁLVULAS,2
SPIKE,CAMBIO SELLOS DE VÁLVULAS,2
AGILITY RS  NAKED,CAMBIO SELLOS DE VÁLVULAS,2
SUPER 8,CAMBIO SELLOS DE VÁLVULAS,2
GACELA,CAMBIO SELLOS DE VÁLVULAS,2
CRUCERO             x-town 300,CAMBIO SELLOS DE VÁLVULAS,3
ROCKET,CAMBIO SELLOS DE VÁLVULAS,2
FLY 125,CAMBIO SELLOS DE VÁLVULAS,2
TWIST,CAMBIO SELLOS DE VÁLVULAS,2
JETIX,CAMBIO SELLOS DE VÁLVULAS,2
UNI-K 110,CAMBIO SELLOS DE VÁLVULAS,2
TRACK,CAMBIO SELLOS DE VÁLVULAS,2
PULSAR 135,CAMBIO SELLOS DE VÁLVULAS,2.5
Perseo,CAMBIO SELLOS DE VÁLVULAS,2.5
PULSAR,CAMBIO SELLOS DE VÁLVULAS,2
PULSAR 180 UG,CAMBIO SELLOS DE VÁLVULAS,2
PULSAR 150,CAMBIO SELLOS DE VÁLVULAS,2
THOR 160,CAMBIO SELLOS DE VÁLVULAS,2
PULSAR 200,CAMBIO SELLOS DE VÁLVULAS,2.5
PULSAR 150 NS,CAMBIO SELLOS DE VÁLVULAS,2
PULSAR 150 AS,CAMBIO SELLOS DE VÁLVULAS,2.8
PULSAR 200 AS,CAMBIO SELLOS DE VÁLVULAS,2.8
PULSAR 200 NS,CAMBIO SELLOS DE VÁLVULAS,2.5
TITAN,CAMBIO SELLOS DE VÁLVULAS,3
PULSAR  RS 200,CAMBIO SELLOS DE VÁLVULAS,3
PULSAR 220,CAMBIO SELLOS DE VÁLVULAS,2
AVENGER 220,CAMBIO SELLOS DE VÁLVULAS,2.3
XCD,CAMBIO SELLOS DE VÁLVULAS,2
DISCOVER 100,CAMBIO SELLOS DE VÁLVULAS,2
DISCOVER 135,CAMBIO SELLOS DE VÁLVULAS,2
BOXER,CAMBIO SELLOS DE VÁLVULAS,2
LEXUS,CAMBIO SELLOS DE VÁLVULAS,2
DISCOVER 100 5S,CAMBIO SELLOS DE VÁLVULAS,2.5
DISCOVER 150,CAMBIO SELLOS DE VÁLVULAS,2.5
CHAMPION,CAMBIO SELLOS DE VÁLVULAS,2
DISCOVER 125 ST,CAMBIO SELLOS DE VÁLVULAS,2.5
BOXER BM 100,CAMBIO SELLOS DE VÁLVULAS,2
BOXER BM 150,CAMBIO SELLOS DE VÁLVULAS,2
BOXER BM 100 ES,CAMBIO SELLOS DE VÁLVULAS,2
PLATINO 125,CAMBIO SELLOS DE VÁLVULAS,2
PLATINO 125 - 5S,CAMBIO SELLOS DE VÁLVULAS,2
PLATINO 100,CAMBIO SELLOS DE VÁLVULAS,2
PLATINO 110,CAMBIO SELLOS DE VÁLVULAS,2
FAMILLY,CAMBIO SELLOS DE VÁLVULAS,2
MOTOCARRO 4T,CAMBIO SELLOS DE VÁLVULAS,3
TORITO,CAMBIO SELLOS DE VÁLVULAS,3
KAZE MAX II,CAMBIO SELLOS DE VÁLVULAS,2
ZX 130- MAGIC II,CAMBIO SELLOS DE VÁLVULAS,1.7
KLX 150,CAMBIO SELLOS DE VÁLVULAS,2
KLX150  L,CAMBIO SELLOS DE VÁLVULAS,2
KLX 250,CAMBIO SELLOS DE VÁLVULAS,3
NINJA 250,CAMBIO SELLOS DE VÁLVULAS,3
NINJA 250 FI,CAMBIO SELLOS DE VÁLVULAS,3
Z250,CAMBIO SELLOS DE VÁLVULAS,3
Z250 SL,CAMBIO SELLOS DE VÁLVULAS,2.7
ER-6n,CAMBIO SELLOS DE VÁLVULAS,4
TRANS-SPORT,CAMBIO SELLOS DE VÁLVULAS,2
MRX 150,CAMBIO SELLOS DE VÁLVULAS,2
FURAX,CAMBIO SELLOS DE VÁLVULAS,3
BOMBER 125,CAMBIO SELLOS DE VÁLVULAS,2
BOMBER 250,CAMBIO SELLOS DE VÁLVULAS,3.7
COMBAT 125,CAMBIO SELLOS DE VÁLVULAS,2
ZS,CAMBIO SELLOS DE VÁLVULAS,2
LIFE,CAMBIO SELLOS DE VÁLVULAS,2
HUNTER,CAMBIO SELLOS DE VÁLVULAS,3
BLACK,CAMBIO SELLOS DE VÁLVULAS,3
VENOM 400,CAMBIO SELLOS DE VÁLVULAS,3.5
VENOM 250,CAMBIO SELLOS DE VÁLVULAS,2.5
ONE,CAMBIO SELLOS DE VÁLVULAS,2
FLOW,CAMBIO SELLOS DE VÁLVULAS,2
ADVANCE II LF,CAMBIO SELLOS DE VÁLVULAS,2
ZONTES 155,CAMBIO SELLOS DE VÁLVULAS,3
ZONTES 310M,CAMBIO SELLOS DE VÁLVULAS,3.5
SHOCK,CAMBIO SELLOS DE VÁLVULAS,2
TNT150i,CAMBIO SELLOS DE VÁLVULAS,3
180S,CAMBIO SELLOS DE VÁLVULAS,5.2
TNT25N,CAMBIO SELLOS DE VÁLVULAS,3
LEONCINO 500,CAMBIO SELLOS DE VÁLVULAS,4
LEONCINO 250,CAMBIO SELLOS DE VÁLVULAS,3
TRK 500X,CAMBIO SELLOS DE VÁLVULAS,4
TRK 251,CAMBIO SELLOS DE VÁLVULAS,3
302 S,CAMBIO SELLOS DE VÁLVULAS,3
MOTOCARRO 4T,CAMBIO DE GUIAS DE VALVULAS,3
TORITO,CAMBIO DE GUIAS DE VALVULAS,3
KAZE MAX II,CAMBIO DE GUIAS DE VALVULAS,2
ZX 130- MAGIC II,CAMBIO DE GUIAS DE VALVULAS,2
KLX 150,CAMBIO DE GUIAS DE VALVULAS,2
KLX150  L,CAMBIO DE GUIAS DE VALVULAS,2
KLX 250,CAMBIO DE GUIAS DE VALVULAS,3.2
NINJA 250,CAMBIO DE GUIAS DE VALVULAS,3.5
NINJA 250 FI,CAMBIO DE GUIAS DE VALVULAS,3.5
Z250,CAMBIO DE GUIAS DE VALVULAS,3.5
Z250 SL,CAMBIO DE GUIAS DE VALVULAS,3.2
ER-6n,CAMBIO DE GUIAS DE VALVULAS,4
TRANS-SPORT,CAMBIO DE GUIAS DE VALVULAS,2
MRX 150,CAMBIO DE GUIAS DE VALVULAS,2
FURAX,CAMBIO DE GUIAS DE VALVULAS,3
BOMBER 250,CAMBIO DE GUIAS DE VALVULAS,4
VENOM 400,CAMBIO DE GUIAS DE VALVULAS,3.5
ZONTES 155,CAMBIO DE GUIAS DE VALVULAS,3.5
ZONTES 310M,CAMBIO DE GUIAS DE VALVULAS,3
TNT150i,CAMBIO DE GUIAS DE VALVULAS,3.5
180S,CAMBIO DE GUIAS DE VALVULAS,3
TNT25N,CAMBIO DE GUIAS DE VALVULAS,3.5
LEONCINO 500,CAMBIO DE GUIAS DE VALVULAS,4
LEONCINO 250,CAMBIO DE GUIAS DE VALVULAS,3.5
TRK 500X,CAMBIO DE GUIAS DE VALVULAS,4
TRK 251,CAMBIO DE GUIAS DE VALVULAS,3.5
302 S,CAMBIO DE GUIAS DE VALVULAS,3.5
TOP BOY,CAMBIO DE CILINDRO CON OPERACIÓN EN LA CULATA (CAMBIO SELLOS.RESORTES. ETC),1.5
AGILITY,CAMBIO DE CILINDRO CON OPERACIÓN EN LA CULATA (CAMBIO SELLOS.RESORTES. ETC),2.5
AGILITY RS,CAMBIO DE CILINDRO CON OPERACIÓN EN LA CULATA (CAMBIO SELLOS.RESORTES. ETC),2.5
AGILITY CITY 150,CAMBIO DE CILINDRO CON OPERACIÓN EN LA CULATA (CAMBIO SELLOS.RESORTES. ETC),2.5
BET & WIN,CAMBIO DE CILINDRO CON OPERACIÓN EN LA CULATA (CAMBIO SELLOS.RESORTES. ETC),3
ACTIV,CAMBIO DE CILINDRO CON OPERACIÓN EN LA CULATA (CAMBIO SELLOS.RESORTES. ETC),2.5
SPIKE,CAMBIO DE CILINDRO CON OPERACIÓN EN LA CULATA (CAMBIO SELLOS.RESORTES. ETC),2.5
AGILITY RS  NAKED,CAMBIO DE CILINDRO CON OPERACIÓN EN LA CULATA (CAMBIO SELLOS.RESORTES. ETC),2.5
SUPER 8,CAMBIO DE CILINDRO CON OPERACIÓN EN LA CULATA (CAMBIO SELLOS.RESORTES. ETC),2.5
GACELA,CAMBIO DE CILINDRO CON OPERACIÓN EN LA CULATA (CAMBIO SELLOS.RESORTES. ETC),2.5
CRUCERO             x-town 300,CAMBIO DE CILINDRO CON OPERACIÓN EN LA CULATA (CAMBIO SELLOS.RESORTES. ETC),3.5
ROCKET,CAMBIO DE CILINDRO CON OPERACIÓN EN LA CULATA (CAMBIO SELLOS.RESORTES. ETC),2.5
FLY 125,CAMBIO DE CILINDRO CON OPERACIÓN EN LA CULATA (CAMBIO SELLOS.RESORTES. ETC),2.5
TWIST,CAMBIO DE CILINDRO CON OPERACIÓN EN LA CULATA (CAMBIO SELLOS.RESORTES. ETC),2.5
JETIX,CAMBIO DE CILINDRO CON OPERACIÓN EN LA CULATA (CAMBIO SELLOS.RESORTES. ETC),2.5
UNI-K 110,CAMBIO DE CILINDRO CON OPERACIÓN EN LA CULATA (CAMBIO SELLOS.RESORTES. ETC),2.5
TRACK,CAMBIO DE CILINDRO CON OPERACIÓN EN LA CULATA (CAMBIO SELLOS.RESORTES. ETC),2.5
PULSAR 135,CAMBIO DE CILINDRO CON OPERACIÓN EN LA CULATA (CAMBIO SELLOS.RESORTES. ETC),2.5
Perseo,CAMBIO DE CILINDRO CON OPERACIÓN EN LA CULATA (CAMBIO SELLOS.RESORTES. ETC),2.5
PULSAR,CAMBIO DE CILINDRO CON OPERACIÓN EN LA CULATA (CAMBIO SELLOS.RESORTES. ETC),2.5
PULSAR 180 UG,CAMBIO DE CILINDRO CON OPERACIÓN EN LA CULATA (CAMBIO SELLOS.RESORTES. ETC),2.5
PULSAR 150,CAMBIO DE CILINDRO CON OPERACIÓN EN LA CULATA (CAMBIO SELLOS.RESORTES. ETC),2.5
THOR 160,CAMBIO DE CILINDRO CON OPERACIÓN EN LA CULATA (CAMBIO SELLOS.RESORTES. ETC),2.5
PULSAR 200,CAMBIO DE CILINDRO CON OPERACIÓN EN LA CULATA (CAMBIO SELLOS.RESORTES. ETC),3
PULSAR 150 NS,CAMBIO DE CILINDRO CON OPERACIÓN EN LA CULATA (CAMBIO SELLOS.RESORTES. ETC),2.5
PULSAR 150 AS,CAMBIO DE CILINDRO CON OPERACIÓN EN LA CULATA (CAMBIO SELLOS.RESORTES. ETC),4.3
PULSAR 200 AS,CAMBIO DE CILINDRO CON OPERACIÓN EN LA CULATA (CAMBIO SELLOS.RESORTES. ETC),4.3
PULSAR 200 NS,CAMBIO DE CILINDRO CON OPERACIÓN EN LA CULATA (CAMBIO SELLOS.RESORTES. ETC),4
TITAN,CAMBIO DE CILINDRO CON OPERACIÓN EN LA CULATA (CAMBIO SELLOS.RESORTES. ETC),4.3
PULSAR  RS 200,CAMBIO DE CILINDRO CON OPERACIÓN EN LA CULATA (CAMBIO SELLOS.RESORTES. ETC),4.5
PULSAR 220,CAMBIO DE CILINDRO CON OPERACIÓN EN LA CULATA (CAMBIO SELLOS.RESORTES. ETC),2.5
AVENGER 220,CAMBIO DE CILINDRO CON OPERACIÓN EN LA CULATA (CAMBIO SELLOS.RESORTES. ETC),2.8
XCD,CAMBIO DE CILINDRO CON OPERACIÓN EN LA CULATA (CAMBIO SELLOS.RESORTES. ETC),2.5
DISCOVER 100,CAMBIO DE CILINDRO CON OPERACIÓN EN LA CULATA (CAMBIO SELLOS.RESORTES. ETC),2.5
DISCOVER 135,CAMBIO DE CILINDRO CON OPERACIÓN EN LA CULATA (CAMBIO SELLOS.RESORTES. ETC),2.5
BOXER,CAMBIO DE CILINDRO CON OPERACIÓN EN LA CULATA (CAMBIO SELLOS.RESORTES. ETC),2.5
LEXUS,CAMBIO DE CILINDRO CON OPERACIÓN EN LA CULATA (CAMBIO SELLOS.RESORTES. ETC),2.5
DISCOVER 100 5S,CAMBIO DE CILINDRO CON OPERACIÓN EN LA CULATA (CAMBIO SELLOS.RESORTES. ETC),2.5
DISCOVER 150,CAMBIO DE CILINDRO CON OPERACIÓN EN LA CULATA (CAMBIO SELLOS.RESORTES. ETC),2.5
CHAMPION,CAMBIO DE CILINDRO CON OPERACIÓN EN LA CULATA (CAMBIO SELLOS.RESORTES. ETC),2.5
DISCOVER 125 ST,CAMBIO DE CILINDRO CON OPERACIÓN EN LA CULATA (CAMBIO SELLOS.RESORTES. ETC),2.5
BOXER BM 100,CAMBIO DE CILINDRO CON OPERACIÓN EN LA CULATA (CAMBIO SELLOS.RESORTES. ETC),2.5
BOXER BM 150,CAMBIO DE CILINDRO CON OPERACIÓN EN LA CULATA (CAMBIO SELLOS.RESORTES. ETC),2.5
BOXER BM 100 ES,CAMBIO DE CILINDRO CON OPERACIÓN EN LA CULATA (CAMBIO SELLOS.RESORTES. ETC),2.5
PLATINO 125,CAMBIO DE CILINDRO CON OPERACIÓN EN LA CULATA (CAMBIO SELLOS.RESORTES. ETC),2.5
PLATINO 125 - 5S,CAMBIO DE CILINDRO CON OPERACIÓN EN LA CULATA (CAMBIO SELLOS.RESORTES. ETC),2.5
PLATINO 100,CAMBIO DE CILINDRO CON OPERACIÓN EN LA CULATA (CAMBIO SELLOS.RESORTES. ETC),2.5
PLATINO 110,CAMBIO DE CILINDRO CON OPERACIÓN EN LA CULATA (CAMBIO SELLOS.RESORTES. ETC),2.5
FAMILLY,CAMBIO DE CILINDRO CON OPERACIÓN EN LA CULATA (CAMBIO SELLOS.RESORTES. ETC),2.5
MOTOCARRO 4T,CAMBIO DE CILINDRO CON OPERACIÓN EN LA CULATA (CAMBIO SELLOS.RESORTES. ETC),3.5
TORITO,CAMBIO DE CILINDRO CON OPERACIÓN EN LA CULATA (CAMBIO SELLOS.RESORTES. ETC),3.5
MOTOCARRO DIESEL,CAMBIO DE CILINDRO CON OPERACIÓN EN LA CULATA (CAMBIO SELLOS.RESORTES. ETC),4
KAZE MAX II,CAMBIO DE CILINDRO CON OPERACIÓN EN LA CULATA (CAMBIO SELLOS.RESORTES. ETC),2.5
ZX 130- MAGIC II,CAMBIO DE CILINDRO CON OPERACIÓN EN LA CULATA (CAMBIO SELLOS.RESORTES. ETC),2.5
KMX,CAMBIO DE CILINDRO CON OPERACIÓN EN LA CULATA (CAMBIO SELLOS.RESORTES. ETC),2.5
KLX 150,CAMBIO DE CILINDRO CON OPERACIÓN EN LA CULATA (CAMBIO SELLOS.RESORTES. ETC),2.5
KLX150  L,CAMBIO DE CILINDRO CON OPERACIÓN EN LA CULATA (CAMBIO SELLOS.RESORTES. ETC),2.5
KLX 250,CAMBIO DE CILINDRO CON OPERACIÓN EN LA CULATA (CAMBIO SELLOS.RESORTES. ETC),3.2
NINJA 250,CAMBIO DE CILINDRO CON OPERACIÓN EN LA CULATA (CAMBIO SELLOS.RESORTES. ETC),3.5
NINJA 250 FI,CAMBIO DE CILINDRO CON OPERACIÓN EN LA CULATA (CAMBIO SELLOS.RESORTES. ETC),3.5
Z250,CAMBIO DE CILINDRO CON OPERACIÓN EN LA CULATA (CAMBIO SELLOS.RESORTES. ETC),3.5
Z250 SL,CAMBIO DE CILINDRO CON OPERACIÓN EN LA CULATA (CAMBIO SELLOS.RESORTES. ETC),3.2
ER-6n,CAMBIO DE CILINDRO CON OPERACIÓN EN LA CULATA (CAMBIO SELLOS.RESORTES. ETC),5
TRANS-SPORT,CAMBIO DE CILINDRO CON OPERACIÓN EN LA CULATA (CAMBIO SELLOS.RESORTES. ETC),2.5
MRX 150,CAMBIO DE CILINDRO CON OPERACIÓN EN LA CULATA (CAMBIO SELLOS.RESORTES. ETC),2.5
FURAX,CAMBIO DE CILINDRO CON OPERACIÓN EN LA CULATA (CAMBIO SELLOS.RESORTES. ETC),3
BOMBER 125,CAMBIO DE CILINDRO CON OPERACIÓN EN LA CULATA (CAMBIO SELLOS.RESORTES. ETC),3
BOMBER 250,CAMBIO DE CILINDRO CON OPERACIÓN EN LA CULATA (CAMBIO SELLOS.RESORTES. ETC),4
COMBAT 125,CAMBIO DE CILINDRO CON OPERACIÓN EN LA CULATA (CAMBIO SELLOS.RESORTES. ETC),3
ZS,CAMBIO DE CILINDRO CON OPERACIÓN EN LA CULATA (CAMBIO SELLOS.RESORTES. ETC),2.5
LIFE,CAMBIO DE CILINDRO CON OPERACIÓN EN LA CULATA (CAMBIO SELLOS.RESORTES. ETC),2.5
HUNTER,CAMBIO DE CILINDRO CON OPERACIÓN EN LA CULATA (CAMBIO SELLOS.RESORTES. ETC),3.5
BLACK,CAMBIO DE CILINDRO CON OPERACIÓN EN LA CULATA (CAMBIO SELLOS.RESORTES. ETC),3.5
VENOM 400,CAMBIO DE CILINDRO CON OPERACIÓN EN LA CULATA (CAMBIO SELLOS.RESORTES. ETC),5
VENOM 250,CAMBIO DE CILINDRO CON OPERACIÓN EN LA CULATA (CAMBIO SELLOS.RESORTES. ETC),4
ONE,CAMBIO DE CILINDRO CON OPERACIÓN EN LA CULATA (CAMBIO SELLOS.RESORTES. ETC),2.5
FLOW,CAMBIO DE CILINDRO CON OPERACIÓN EN LA CULATA (CAMBIO SELLOS.RESORTES. ETC),2.5
ADVANCE II LF,CAMBIO DE CILINDRO CON OPERACIÓN EN LA CULATA (CAMBIO SELLOS.RESORTES. ETC),2.5
ZONTES 155,CAMBIO DE CILINDRO CON OPERACIÓN EN LA CULATA (CAMBIO SELLOS.RESORTES. ETC),3.5
ZONTES 310M,CAMBIO DE CILINDRO CON OPERACIÓN EN LA CULATA (CAMBIO SELLOS.RESORTES. ETC),3.5
SHOCK,CAMBIO DE CILINDRO CON OPERACIÓN EN LA CULATA (CAMBIO SELLOS.RESORTES. ETC),2.5
TNT150i,CAMBIO DE CILINDRO CON OPERACIÓN EN LA CULATA (CAMBIO SELLOS.RESORTES. ETC),3.5
180S,CAMBIO DE CILINDRO CON OPERACIÓN EN LA CULATA (CAMBIO SELLOS.RESORTES. ETC),3
TNT25N,CAMBIO DE CILINDRO CON OPERACIÓN EN LA CULATA (CAMBIO SELLOS.RESORTES. ETC),3.5
LEONCINO 500,CAMBIO DE CILINDRO CON OPERACIÓN EN LA CULATA (CAMBIO SELLOS.RESORTES. ETC),5
LEONCINO 250,CAMBIO DE CILINDRO CON OPERACIÓN EN LA CULATA (CAMBIO SELLOS.RESORTES. ETC),3.5
TRK 500X,CAMBIO DE CILINDRO CON OPERACIÓN EN LA CULATA (CAMBIO SELLOS.RESORTES. ETC),5
TRK 251,CAMBIO DE CILINDRO CON OPERACIÓN EN LA CULATA (CAMBIO SELLOS.RESORTES. ETC),3.5
302 S,CAMBIO DE CILINDRO CON OPERACIÓN EN LA CULATA (CAMBIO SELLOS.RESORTES. ETC),3.5
FURAX,CAMBIO DE VARILLAS IMPULSADORAS,2
BOMBER 125,CAMBIO DE VARILLAS IMPULSADORAS,2.5
COMBAT 125,CAMBIO DE VARILLAS IMPULSADORAS,2.5
FURAX,CAMBIO DE  LEVAS IMPULSORAS INFERIORES,3
ACTIV,CAMBIO DE PIÑÓN DE DISTRIBUCIÓN SUPERIOR,0.8
SPIKE,CAMBIO DE PIÑÓN DE DISTRIBUCIÓN SUPERIOR,0.8
JETIX,CAMBIO DE PIÑÓN DE DISTRIBUCIÓN SUPERIOR,0.8
UNI-K 110,CAMBIO DE PIÑÓN DE DISTRIBUCIÓN SUPERIOR,0.8
TRACK,CAMBIO DE PIÑÓN DE DISTRIBUCIÓN SUPERIOR,0.8
PULSAR 135,CAMBIO DE PIÑÓN DE DISTRIBUCIÓN SUPERIOR,0.7
Perseo,CAMBIO DE PIÑÓN DE DISTRIBUCIÓN SUPERIOR,0.7
PULSAR,CAMBIO DE PIÑÓN DE DISTRIBUCIÓN SUPERIOR,1.5
PULSAR 180 UG,CAMBIO DE PIÑÓN DE DISTRIBUCIÓN SUPERIOR,1.5
PULSAR 150,CAMBIO DE PIÑÓN DE DISTRIBUCIÓN SUPERIOR,1.5
THOR 160,CAMBIO DE PIÑÓN DE DISTRIBUCIÓN SUPERIOR,1.5
PULSAR 200,CAMBIO DE PIÑÓN DE DISTRIBUCIÓN SUPERIOR,2
PULSAR 150 NS,CAMBIO DE PIÑÓN DE DISTRIBUCIÓN SUPERIOR,2
PULSAR 150 AS,CAMBIO DE PIÑÓN DE DISTRIBUCIÓN SUPERIOR,2.3
PULSAR 200 AS,CAMBIO DE PIÑÓN DE DISTRIBUCIÓN SUPERIOR,2.3
PULSAR 200 NS,CAMBIO DE PIÑÓN DE DISTRIBUCIÓN SUPERIOR,2
TITAN,CAMBIO DE PIÑÓN DE DISTRIBUCIÓN SUPERIOR,2.2
PULSAR  RS 200,CAMBIO DE PIÑÓN DE DISTRIBUCIÓN SUPERIOR,2.5
PULSAR 220,CAMBIO DE PIÑÓN DE DISTRIBUCIÓN SUPERIOR,1.5
AVENGER 220,CAMBIO DE PIÑÓN DE DISTRIBUCIÓN SUPERIOR,1.7
XCD,CAMBIO DE PIÑÓN DE DISTRIBUCIÓN SUPERIOR,0.7
DISCOVER 100,CAMBIO DE PIÑÓN DE DISTRIBUCIÓN SUPERIOR,0.7
DISCOVER 135,CAMBIO DE PIÑÓN DE DISTRIBUCIÓN SUPERIOR,1.5
BOXER,CAMBIO DE PIÑÓN DE DISTRIBUCIÓN SUPERIOR,0.5
LEXUS,CAMBIO DE PIÑÓN DE DISTRIBUCIÓN SUPERIOR,0.5
DISCOVER 100 5S,CAMBIO DE PIÑÓN DE DISTRIBUCIÓN SUPERIOR,7
DISCOVER 150,CAMBIO DE PIÑÓN DE DISTRIBUCIÓN SUPERIOR,0.7
CHAMPION,CAMBIO DE PIÑÓN DE DISTRIBUCIÓN SUPERIOR,0.7
DISCOVER 125 ST,CAMBIO DE PIÑÓN DE DISTRIBUCIÓN SUPERIOR,0.7
BOXER BM 100,CAMBIO DE PIÑÓN DE DISTRIBUCIÓN SUPERIOR,0.5
BOXER BM 150,CAMBIO DE PIÑÓN DE DISTRIBUCIÓN SUPERIOR,0.7
BOXER BM 100 ES,CAMBIO DE PIÑÓN DE DISTRIBUCIÓN SUPERIOR,0.7
PLATINO 125,CAMBIO DE PIÑÓN DE DISTRIBUCIÓN SUPERIOR,0.7
PLATINO 125 - 5S,CAMBIO DE PIÑÓN DE DISTRIBUCIÓN SUPERIOR,0.7
PLATINO 100,CAMBIO DE PIÑÓN DE DISTRIBUCIÓN SUPERIOR,0.5
PLATINO 110,CAMBIO DE PIÑÓN DE DISTRIBUCIÓN SUPERIOR,0.7
FAMILLY,CAMBIO DE PIÑÓN DE DISTRIBUCIÓN SUPERIOR,0.7
MOTOCARRO 4T,CAMBIO DE PIÑÓN DE DISTRIBUCIÓN SUPERIOR,1.5
TORITO,CAMBIO DE PIÑÓN DE DISTRIBUCIÓN SUPERIOR,1
KAZE MAX II,CAMBIO DE PIÑÓN DE DISTRIBUCIÓN SUPERIOR,1.5
ZX 130- MAGIC II,CAMBIO DE PIÑÓN DE DISTRIBUCIÓN SUPERIOR,0.8
KLX 150,CAMBIO DE PIÑÓN DE DISTRIBUCIÓN SUPERIOR,0.5
KLX150  L,CAMBIO DE PIÑÓN DE DISTRIBUCIÓN SUPERIOR,0.5
KLX 250,CAMBIO DE PIÑÓN DE DISTRIBUCIÓN SUPERIOR,1.2
NINJA 250,CAMBIO DE PIÑÓN DE DISTRIBUCIÓN SUPERIOR,1.5
NINJA 250 FI,CAMBIO DE PIÑÓN DE DISTRIBUCIÓN SUPERIOR,1.5
Z250,CAMBIO DE PIÑÓN DE DISTRIBUCIÓN SUPERIOR,1.5
Z250 SL,CAMBIO DE PIÑÓN DE DISTRIBUCIÓN SUPERIOR,1.2
ER-6n,CAMBIO DE PIÑÓN DE DISTRIBUCIÓN SUPERIOR,3
TRANS-SPORT,CAMBIO DE PIÑÓN DE DISTRIBUCIÓN SUPERIOR,1.5
MRX 150,CAMBIO DE PIÑÓN DE DISTRIBUCIÓN SUPERIOR,1
BOMBER 250,CAMBIO DE PIÑÓN DE DISTRIBUCIÓN SUPERIOR,0.6
VENOM 400,CAMBIO DE PIÑÓN DE DISTRIBUCIÓN SUPERIOR,2
VENOM 250,CAMBIO DE PIÑÓN DE DISTRIBUCIÓN SUPERIOR,2
ONE,CAMBIO DE PIÑÓN DE DISTRIBUCIÓN SUPERIOR,0.8
FLOW,CAMBIO DE PIÑÓN DE DISTRIBUCIÓN SUPERIOR,0.8
ADVANCE II LF,CAMBIO DE PIÑÓN DE DISTRIBUCIÓN SUPERIOR,0.8
ZONTES 155,CAMBIO DE PIÑÓN DE DISTRIBUCIÓN SUPERIOR,1.5
ZONTES 310M,CAMBIO DE PIÑÓN DE DISTRIBUCIÓN SUPERIOR,1.5
SHOCK,CAMBIO DE PIÑÓN DE DISTRIBUCIÓN SUPERIOR,0.8
TNT150i,CAMBIO DE PIÑÓN DE DISTRIBUCIÓN SUPERIOR,1.5
180S,CAMBIO DE PIÑÓN DE DISTRIBUCIÓN SUPERIOR,1.5
TNT25N,CAMBIO DE PIÑÓN DE DISTRIBUCIÓN SUPERIOR,1.5
LEONCINO 500,CAMBIO DE PIÑÓN DE DISTRIBUCIÓN SUPERIOR,3
LEONCINO 250,CAMBIO DE PIÑÓN DE DISTRIBUCIÓN SUPERIOR,1.5
TRK 500X,CAMBIO DE PIÑÓN DE DISTRIBUCIÓN SUPERIOR,3
TRK 251,CAMBIO DE PIÑÓN DE DISTRIBUCIÓN SUPERIOR,1.5
302 S,CAMBIO DE PIÑÓN DE DISTRIBUCIÓN SUPERIOR,1.5
AGILITY,CAMBIO DE GUÍAS DE CADENILLA,3
AGILITY RS,CAMBIO DE GUÍAS DE CADENILLA,3
AGILITY CITY 150,CAMBIO DE GUÍAS DE CADENILLA,3
BET & WIN,CAMBIO DE GUÍAS DE CADENILLA,4
ACTIV,CAMBIO DE GUÍAS DE CADENILLA,2
SPIKE,CAMBIO DE GUÍAS DE CADENILLA,2
AGILITY RS  NAKED,CAMBIO DE GUÍAS DE CADENILLA,3
SUPER 8,CAMBIO DE GUÍAS DE CADENILLA,3
GACELA,CAMBIO DE GUÍAS DE CADENILLA,3
CRUCERO             x-town 300,CAMBIO DE GUÍAS DE CADENILLA,4.5
ROCKET,CAMBIO DE GUÍAS DE CADENILLA,3
FLY 125,CAMBIO DE GUÍAS DE CADENILLA,3
TWIST,CAMBIO DE GUÍAS DE CADENILLA,3
JETIX,CAMBIO DE GUÍAS DE CADENILLA,2
UNI-K 110,CAMBIO DE GUÍAS DE CADENILLA,2
TRACK,CAMBIO DE GUÍAS DE CADENILLA,2
PULSAR 135,CAMBIO DE GUÍAS DE CADENILLA,2
Perseo,CAMBIO DE GUÍAS DE CADENILLA,2
PULSAR,CAMBIO DE GUÍAS DE CADENILLA,2
PULSAR 180 UG,CAMBIO DE GUÍAS DE CADENILLA,2
PULSAR 150,CAMBIO DE GUÍAS DE CADENILLA,2
THOR 160,CAMBIO DE GUÍAS DE CADENILLA,2
PULSAR 200,CAMBIO DE GUÍAS DE CADENILLA,2.5
PULSAR 150 NS,CAMBIO DE GUÍAS DE CADENILLA,3.5
PULSAR 150 AS,CAMBIO DE GUÍAS DE CADENILLA,3.8
PULSAR 200 AS,CAMBIO DE GUÍAS DE CADENILLA,3.8
PULSAR 200 NS,CAMBIO DE GUÍAS DE CADENILLA,3.5
TITAN,CAMBIO DE GUÍAS DE CADENILLA,3.8
PULSAR  RS 200,CAMBIO DE GUÍAS DE CADENILLA,4
PULSAR 220,CAMBIO DE GUÍAS DE CADENILLA,2
AVENGER 220,CAMBIO DE GUÍAS DE CADENILLA,2.3
XCD,CAMBIO DE GUÍAS DE CADENILLA,2
DISCOVER 100,CAMBIO DE GUÍAS DE CADENILLA,2
DISCOVER 135,CAMBIO DE GUÍAS DE CADENILLA,2
BOXER,CAMBIO DE GUÍAS DE CADENILLA,2
LEXUS,CAMBIO DE GUÍAS DE CADENILLA,2
DISCOVER 100 5S,CAMBIO DE GUÍAS DE CADENILLA,2
DISCOVER 150,CAMBIO DE GUÍAS DE CADENILLA,2
CHAMPION,CAMBIO DE GUÍAS DE CADENILLA,2
DISCOVER 125 ST,CAMBIO DE GUÍAS DE CADENILLA,2
BOXER BM 100,CAMBIO DE GUÍAS DE CADENILLA,2
BOXER BM 150,CAMBIO DE GUÍAS DE CADENILLA,2
BOXER BM 100 ES,CAMBIO DE GUÍAS DE CADENILLA,2
PLATINO 125,CAMBIO DE GUÍAS DE CADENILLA,2
PLATINO 125 - 5S,CAMBIO DE GUÍAS DE CADENILLA,2
PLATINO 100,CAMBIO DE GUÍAS DE CADENILLA,2
PLATINO 110,CAMBIO DE GUÍAS DE CADENILLA,2
FAMILLY,CAMBIO DE GUÍAS DE CADENILLA,2
MOTOCARRO 4T,CAMBIO DE GUÍAS DE CADENILLA,3
TORITO,CAMBIO DE GUÍAS DE CADENILLA,3
KAZE MAX II,CAMBIO DE GUÍAS DE CADENILLA,2
ZX 130- MAGIC II,CAMBIO DE GUÍAS DE CADENILLA,2
KLX 150,CAMBIO DE GUÍAS DE CADENILLA,2
KLX150  L,CAMBIO DE GUÍAS DE CADENILLA,2
KLX 250,CAMBIO DE GUÍAS DE CADENILLA,3.2
NINJA 250,CAMBIO DE GUÍAS DE CADENILLA,3.5
NINJA 250 FI,CAMBIO DE GUÍAS DE CADENILLA,3.5
Z250,CAMBIO DE GUÍAS DE CADENILLA,3.5
Z250 SL,CAMBIO DE GUÍAS DE CADENILLA,3.2
ER-6n,CAMBIO DE GUÍAS DE CADENILLA,4
TRANS-SPORT,CAMBIO DE GUÍAS DE CADENILLA,2.5
MRX 150,CAMBIO DE GUÍAS DE CADENILLA,2
BOMBER 250,CAMBIO DE GUÍAS DE CADENILLA,3.7
ZS,CAMBIO DE GUÍAS DE CADENILLA,3
LIFE,CAMBIO DE GUÍAS DE CADENILLA,3
HUNTER,CAMBIO DE GUÍAS DE CADENILLA,4
BLACK,CAMBIO DE GUÍAS DE CADENILLA,4
VENOM 400,CAMBIO DE GUÍAS DE CADENILLA,3.5
VENOM 250,CAMBIO DE GUÍAS DE CADENILLA,3.5
ONE,CAMBIO DE GUÍAS DE CADENILLA,2
FLOW,CAMBIO DE GUÍAS DE CADENILLA,2
ADVANCE II LF,CAMBIO DE GUÍAS DE CADENILLA,2
ZONTES 155,CAMBIO DE GUÍAS DE CADENILLA,3.5
ZONTES 310M,CAMBIO DE GUÍAS DE CADENILLA,4
SHOCK,CAMBIO DE GUÍAS DE CADENILLA,2
TNT150i,CAMBIO DE GUÍAS DE CADENILLA,3.5
180S,CAMBIO DE GUÍAS DE CADENILLA,3.5
TNT25N,CAMBIO DE GUÍAS DE CADENILLA,3.5
LEONCINO 500,CAMBIO DE GUÍAS DE CADENILLA,4
LEONCINO 250,CAMBIO DE GUÍAS DE CADENILLA,3.5
TRK 500X,CAMBIO DE GUÍAS DE CADENILLA,4
TRK 251,CAMBIO DE GUÍAS DE CADENILLA,3.5
302 S,CAMBIO DE GUÍAS DE CADENILLA,3.5
AGILITY,CAMBIO Y/O REVISION DE TENSOR DE CADENILLA,1.5
AGILITY RS,CAMBIO Y/O REVISION DE TENSOR DE CADENILLA,1.5
AGILITY CITY 150,CAMBIO Y/O REVISION DE TENSOR DE CADENILLA,1.5
BET & WIN,CAMBIO Y/O REVISION DE TENSOR DE CADENILLA,1
ACTIV,CAMBIO Y/O REVISION DE TENSOR DE CADENILLA,0.5
SPIKE,CAMBIO Y/O REVISION DE TENSOR DE CADENILLA,0.5
AGILITY RS  NAKED,CAMBIO Y/O REVISION DE TENSOR DE CADENILLA,1.5
SUPER 8,CAMBIO Y/O REVISION DE TENSOR DE CADENILLA,1.5
GACELA,CAMBIO Y/O REVISION DE TENSOR DE CADENILLA,1.5
CRUCERO             x-town 300,CAMBIO Y/O REVISION DE TENSOR DE CADENILLA,1.5
ROCKET,CAMBIO Y/O REVISION DE TENSOR DE CADENILLA,1.5
FLY 125,CAMBIO Y/O REVISION DE TENSOR DE CADENILLA,1.5
TWIST,CAMBIO Y/O REVISION DE TENSOR DE CADENILLA,1.5
JETIX,CAMBIO Y/O REVISION DE TENSOR DE CADENILLA,0.5
UNI-K 110,CAMBIO Y/O REVISION DE TENSOR DE CADENILLA,0.5
TRACK,CAMBIO Y/O REVISION DE TENSOR DE CADENILLA,0.5
PULSAR 135,CAMBIO Y/O REVISION DE TENSOR DE CADENILLA,0.3
Perseo,CAMBIO Y/O REVISION DE TENSOR DE CADENILLA,0.3
PULSAR,CAMBIO Y/O REVISION DE TENSOR DE CADENILLA,0.3
PULSAR 180 UG,CAMBIO Y/O REVISION DE TENSOR DE CADENILLA,0.3
PULSAR 150,CAMBIO Y/O REVISION DE TENSOR DE CADENILLA,0.3
THOR 160,CAMBIO Y/O REVISION DE TENSOR DE CADENILLA,0.3
PULSAR 200,CAMBIO Y/O REVISION DE TENSOR DE CADENILLA,0.5
PULSAR 150 NS,CAMBIO Y/O REVISION DE TENSOR DE CADENILLA,0.5
PULSAR 150 AS,CAMBIO Y/O REVISION DE TENSOR DE CADENILLA,1.3
PULSAR 200 AS,CAMBIO Y/O REVISION DE TENSOR DE CADENILLA,1.3
PULSAR 200 NS,CAMBIO Y/O REVISION DE TENSOR DE CADENILLA,1.1
TITAN,CAMBIO Y/O REVISION DE TENSOR DE CADENILLA,0.8
PULSAR  RS 200,CAMBIO Y/O REVISION DE TENSOR DE CADENILLA,1.6
PULSAR 220,CAMBIO Y/O REVISION DE TENSOR DE CADENILLA,0.3
AVENGER 220,CAMBIO Y/O REVISION DE TENSOR DE CADENILLA,0.3
XCD,CAMBIO Y/O REVISION DE TENSOR DE CADENILLA,0.3
DISCOVER 100,CAMBIO Y/O REVISION DE TENSOR DE CADENILLA,0.3
DISCOVER 135,CAMBIO Y/O REVISION DE TENSOR DE CADENILLA,0.3
BOXER,CAMBIO Y/O REVISION DE TENSOR DE CADENILLA,0.3
LEXUS,CAMBIO Y/O REVISION DE TENSOR DE CADENILLA,0.3
DISCOVER 100 5S,CAMBIO Y/O REVISION DE TENSOR DE CADENILLA,0.3
DISCOVER 150,CAMBIO Y/O REVISION DE TENSOR DE CADENILLA,0.3
CHAMPION,CAMBIO Y/O REVISION DE TENSOR DE CADENILLA,0.3
DISCOVER 125 ST,CAMBIO Y/O REVISION DE TENSOR DE CADENILLA,0.3
BOXER BM 100,CAMBIO Y/O REVISION DE TENSOR DE CADENILLA,0.3
BOXER BM 150,CAMBIO Y/O REVISION DE TENSOR DE CADENILLA,0.3
BOXER BM 100 ES,CAMBIO Y/O REVISION DE TENSOR DE CADENILLA,0.3
PLATINO 125,CAMBIO Y/O REVISION DE TENSOR DE CADENILLA,0.3
PLATINO 125 - 5S,CAMBIO Y/O REVISION DE TENSOR DE CADENILLA,0.3
PLATINO 100,CAMBIO Y/O REVISION DE TENSOR DE CADENILLA,0.3
PLATINO 110,CAMBIO Y/O REVISION DE TENSOR DE CADENILLA,0.3
FAMILLY,CAMBIO Y/O REVISION DE TENSOR DE CADENILLA,0.3
MOTOCARRO 4T,CAMBIO Y/O REVISION DE TENSOR DE CADENILLA,0.3
TORITO,CAMBIO Y/O REVISION DE TENSOR DE CADENILLA,0.3
KAZE MAX II,CAMBIO Y/O REVISION DE TENSOR DE CADENILLA,0.8
ZX 130- MAGIC II,CAMBIO Y/O REVISION DE TENSOR DE CADENILLA,1
KLX 150,CAMBIO Y/O REVISION DE TENSOR DE CADENILLA,0.3
KLX150  L,CAMBIO Y/O REVISION DE TENSOR DE CADENILLA,0.3
KLX 250,CAMBIO Y/O REVISION DE TENSOR DE CADENILLA,1
NINJA 250,CAMBIO Y/O REVISION DE TENSOR DE CADENILLA,1
NINJA 250 FI,CAMBIO Y/O REVISION DE TENSOR DE CADENILLA,1
Z250,CAMBIO Y/O REVISION DE TENSOR DE CADENILLA,1
Z250 SL,CAMBIO Y/O REVISION DE TENSOR DE CADENILLA,1
ER-6n,CAMBIO Y/O REVISION DE TENSOR DE CADENILLA,0.5
TRANS-SPORT,CAMBIO Y/O REVISION DE TENSOR DE CADENILLA,0.5
MRX 150,CAMBIO Y/O REVISION DE TENSOR DE CADENILLA,0.3
BOMBER 250,CAMBIO Y/O REVISION DE TENSOR DE CADENILLA,0.4
ZS,CAMBIO Y/O REVISION DE TENSOR DE CADENILLA,1.5
LIFE,CAMBIO Y/O REVISION DE TENSOR DE CADENILLA,1.5
HUNTER,CAMBIO Y/O REVISION DE TENSOR DE CADENILLA,1.5
BLACK,CAMBIO Y/O REVISION DE TENSOR DE CADENILLA,1.5
VENOM 400,CAMBIO Y/O REVISION DE TENSOR DE CADENILLA,1
VENOM 250,CAMBIO Y/O REVISION DE TENSOR DE CADENILLA,1.1
ONE,CAMBIO Y/O REVISION DE TENSOR DE CADENILLA,0.5
FLOW,CAMBIO Y/O REVISION DE TENSOR DE CADENILLA,0.5
ADVANCE II LF,CAMBIO Y/O REVISION DE TENSOR DE CADENILLA,0.5
ZONTES 155,CAMBIO Y/O REVISION DE TENSOR DE CADENILLA,1
ZONTES 310M,CAMBIO Y/O REVISION DE TENSOR DE CADENILLA,1.5
SHOCK,CAMBIO Y/O REVISION DE TENSOR DE CADENILLA,0.5
TNT150i,CAMBIO Y/O REVISION DE TENSOR DE CADENILLA,1
180S,CAMBIO Y/O REVISION DE TENSOR DE CADENILLA,1
TNT25N,CAMBIO Y/O REVISION DE TENSOR DE CADENILLA,1
LEONCINO 500,CAMBIO Y/O REVISION DE TENSOR DE CADENILLA,0.4
LEONCINO 250,CAMBIO Y/O REVISION DE TENSOR DE CADENILLA,1
TRK 500X,CAMBIO Y/O REVISION DE TENSOR DE CADENILLA,0.4
TRK 251,CAMBIO Y/O REVISION DE TENSOR DE CADENILLA,1
302 S,CAMBIO Y/O REVISION DE TENSOR DE CADENILLA,1
ACTIV,CAMBIO DE PIÑÓN DESLIZADOR DE CADENILLA,1
SPIKE,CAMBIO DE PIÑÓN DESLIZADOR DE CADENILLA,1
JETIX,CAMBIO DE PIÑÓN DESLIZADOR DE CADENILLA,1
UNI-K 110,CAMBIO DE PIÑÓN DESLIZADOR DE CADENILLA,1
TRACK,CAMBIO DE PIÑÓN DESLIZADOR DE CADENILLA,1
ZX 130- MAGIC II,CAMBIO DE PIÑÓN DESLIZADOR DE CADENILLA,1
TRANS-SPORT,CAMBIO DE PIÑÓN DESLIZADOR DE CADENILLA,1
ONE,CAMBIO DE PIÑÓN DESLIZADOR DE CADENILLA,1
FLOW,CAMBIO DE PIÑÓN DESLIZADOR DE CADENILLA,1
ADVANCE II LF,CAMBIO DE PIÑÓN DESLIZADOR DE CADENILLA,1
SHOCK,CAMBIO DE PIÑÓN DESLIZADOR DE CADENILLA,1
ACTIV,CAMBIO PIÑÓN TENSOR CADENILLA,1
SPIKE,CAMBIO PIÑÓN TENSOR CADENILLA,1
JETIX,CAMBIO PIÑÓN TENSOR CADENILLA,1
UNI-K 110,CAMBIO PIÑÓN TENSOR CADENILLA,1
TRACK,CAMBIO PIÑÓN TENSOR CADENILLA,1
TRANS-SPORT,CAMBIO PIÑÓN TENSOR CADENILLA,1
ONE,CAMBIO PIÑÓN TENSOR CADENILLA,1
FLOW,CAMBIO PIÑÓN TENSOR CADENILLA,1
ADVANCE II LF,CAMBIO PIÑÓN TENSOR CADENILLA,1
SHOCK,CAMBIO PIÑÓN TENSOR CADENILLA,1
ACTIV,CAMBIO LEVA PIÑÓN TENSOR CADENILLA,1
SPIKE,CAMBIO LEVA PIÑÓN TENSOR CADENILLA,1
JETIX,CAMBIO LEVA PIÑÓN TENSOR CADENILLA,1
UNI-K 110,CAMBIO LEVA PIÑÓN TENSOR CADENILLA,1
TRACK,CAMBIO LEVA PIÑÓN TENSOR CADENILLA,1
TRANS-SPORT,CAMBIO LEVA PIÑÓN TENSOR CADENILLA,1
ONE,CAMBIO LEVA PIÑÓN TENSOR CADENILLA,1
FLOW,CAMBIO LEVA PIÑÓN TENSOR CADENILLA,1
ADVANCE II LF,CAMBIO LEVA PIÑÓN TENSOR CADENILLA,1
SHOCK,CAMBIO LEVA PIÑÓN TENSOR CADENILLA,1
TOP BOY,CAMBIO BUJIA (C/U),0.1
AGILITY,CAMBIO BUJIA (C/U),0.4
AGILITY RS,CAMBIO BUJIA (C/U),0.4
AGILITY CITY 150,CAMBIO BUJIA (C/U),0.4
BET & WIN,CAMBIO BUJIA (C/U),0.5
ACTIV,CAMBIO BUJIA (C/U),0.1
SPIKE,CAMBIO BUJIA (C/U),0.1
AGILITY RS  NAKED,CAMBIO BUJIA (C/U),0.4
SUPER 8,CAMBIO BUJIA (C/U),0.4
GACELA,CAMBIO BUJIA (C/U),0.4
CRUCERO             x-town 300,CAMBIO BUJIA (C/U),0.5
ROCKET,CAMBIO BUJIA (C/U),0.4
FLY 125,CAMBIO BUJIA (C/U),0.4
TWIST,CAMBIO BUJIA (C/U),0.4
JETIX,CAMBIO BUJIA (C/U),0.1
UNI-K 110,CAMBIO BUJIA (C/U),0.1
TRACK,CAMBIO BUJIA (C/U),0.1
PULSAR 135,CAMBIO BUJIA (C/U),0.1
Perseo,CAMBIO BUJIA (C/U),0.1
PULSAR,CAMBIO BUJIA (C/U),0.1
PULSAR 180 UG,CAMBIO BUJIA (C/U),0.1
PULSAR 150,CAMBIO BUJIA (C/U),0.1
THOR 160,CAMBIO BUJIA (C/U),0.1
PULSAR 200,CAMBIO BUJIA (C/U),0.1
PULSAR 150 NS,CAMBIO BUJIA (C/U),0.1
PULSAR 150 AS,CAMBIO BUJIA (C/U),0.1
PULSAR 200 AS,CAMBIO BUJIA (C/U),0.1
PULSAR 200 NS,CAMBIO BUJIA (C/U),0.3
TITAN,CAMBIO BUJIA (C/U),0.3
PULSAR  RS 200,CAMBIO BUJIA (C/U),0.3
PULSAR 220,CAMBIO BUJIA (C/U),0.1
AVENGER 220,CAMBIO BUJIA (C/U),0.1
XCD,CAMBIO BUJIA (C/U),0.2
DISCOVER 100,CAMBIO BUJIA (C/U),0.1
DISCOVER 135,CAMBIO BUJIA (C/U),0.1
BOXER,CAMBIO BUJIA (C/U),0.1
LEXUS,CAMBIO BUJIA (C/U),0.1
DISCOVER 100 5S,CAMBIO BUJIA (C/U),0.1
DISCOVER 150,CAMBIO BUJIA (C/U),0.1
CHAMPION,CAMBIO BUJIA (C/U),0.1
DISCOVER 125 ST,CAMBIO BUJIA (C/U),0.1
BOXER BM 100,CAMBIO BUJIA (C/U),0.1
BOXER BM 150,CAMBIO BUJIA (C/U),0.1
BOXER BM 100 ES,CAMBIO BUJIA (C/U),0.1
PLATINO 125,CAMBIO BUJIA (C/U),0.2
PLATINO 125 - 5S,CAMBIO BUJIA (C/U),0.1
PLATINO 100,CAMBIO BUJIA (C/U),0.1
PLATINO 110,CAMBIO BUJIA (C/U),0.1
FAMILLY,CAMBIO BUJIA (C/U),0.1
MOTOCARRO 4T,CAMBIO BUJIA (C/U),0.1
TORITO,CAMBIO BUJIA (C/U),0.1
KAZE MAX II,CAMBIO BUJIA (C/U),0.1
ZX 130- MAGIC II,CAMBIO BUJIA (C/U),0.1
KMX,CAMBIO BUJIA (C/U),0.1
KLX 150,CAMBIO BUJIA (C/U),0.1
KLX150  L,CAMBIO BUJIA (C/U),0.1
KLX 250,CAMBIO BUJIA (C/U),0.5
NINJA 250,CAMBIO BUJIA (C/U),1
NINJA 250 FI,CAMBIO BUJIA (C/U),1
Z250,CAMBIO BUJIA (C/U),1
Z250 SL,CAMBIO BUJIA (C/U),0.1
ER-6n,CAMBIO BUJIA (C/U),1.3
TRANS-SPORT,CAMBIO BUJIA (C/U),0.1
MRX 150,CAMBIO BUJIA (C/U),0.1
FURAX,CAMBIO BUJIA (C/U),0.1
BOMBER 125,CAMBIO BUJIA (C/U),0.1
BOMBER 250,CAMBIO BUJIA (C/U),0.1
COMBAT 125,CAMBIO BUJIA (C/U),0.1
ZS,CAMBIO BUJIA (C/U),0.4
LIFE,CAMBIO BUJIA (C/U),0.4
HUNTER,CAMBIO BUJIA (C/U),0.4
BLACK,CAMBIO BUJIA (C/U),0.5
VENOM 400,CAMBIO BUJIA (C/U),0.5
VENOM 250,CAMBIO BUJIA (C/U),0.3
ONE,CAMBIO BUJIA (C/U),0.1
FLOW,CAMBIO BUJIA (C/U),0.1
ADVANCE II LF,CAMBIO BUJIA (C/U),0.1
ZONTES 155,CAMBIO BUJIA (C/U),0.5
ZONTES 310M,CAMBIO BUJIA (C/U),0.5
SHOCK,CAMBIO BUJIA (C/U),0.1
TNT150i,CAMBIO BUJIA (C/U),0.2
180S,CAMBIO BUJIA (C/U),0.2
TNT25N,CAMBIO BUJIA (C/U),1.2
LEONCINO 500,CAMBIO BUJIA (C/U),1.3
LEONCINO 250,CAMBIO BUJIA (C/U),1.2
TRK 500X,CAMBIO BUJIA (C/U),1.3
TRK 251,CAMBIO BUJIA (C/U),1.2
302 S,CAMBIO BUJIA (C/U),1.2
PULSAR 135,CAMBIO Y/O REPARACION DEL CONDUCTO BUJIA RH,0.3
Perseo,CAMBIO Y/O REPARACION DEL CONDUCTO BUJIA RH,0.3
PULSAR,CAMBIO Y/O REPARACION DEL CONDUCTO BUJIA RH,0.3
PULSAR 180 UG,CAMBIO Y/O REPARACION DEL CONDUCTO BUJIA RH,0.3
PULSAR 150,CAMBIO Y/O REPARACION DEL CONDUCTO BUJIA RH,0.3
THOR 160,CAMBIO Y/O REPARACION DEL CONDUCTO BUJIA RH,0.3
PULSAR 200,CAMBIO Y/O REPARACION DEL CONDUCTO BUJIA RH,0.3
PULSAR 150 NS,CAMBIO Y/O REPARACION DEL CONDUCTO BUJIA RH,0.3
PULSAR 150 AS,CAMBIO Y/O REPARACION DEL CONDUCTO BUJIA RH,0.3
PULSAR 200 AS,CAMBIO Y/O REPARACION DEL CONDUCTO BUJIA RH,0.3
PULSAR 200 NS,CAMBIO Y/O REPARACION DEL CONDUCTO BUJIA RH,0.3
TITAN,CAMBIO Y/O REPARACION DEL CONDUCTO BUJIA RH,0.5
PULSAR  RS 200,CAMBIO Y/O REPARACION DEL CONDUCTO BUJIA RH,0.5
PULSAR 220,CAMBIO Y/O REPARACION DEL CONDUCTO BUJIA RH,0.3
AVENGER 220,CAMBIO Y/O REPARACION DEL CONDUCTO BUJIA RH,0.3
DISCOVER 135,CAMBIO Y/O REPARACION DEL CONDUCTO BUJIA RH,0.3
DISCOVER 100 5S,CAMBIO Y/O REPARACION DEL CONDUCTO BUJIA RH,0.3
DISCOVER 150,CAMBIO Y/O REPARACION DEL CONDUCTO BUJIA RH,0.3
CHAMPION,CAMBIO Y/O REPARACION DEL CONDUCTO BUJIA RH,0.3
DISCOVER 125 ST,CAMBIO Y/O REPARACION DEL CONDUCTO BUJIA RH,0.3
TORITO,CAMBIO Y/O REPARACION DEL CONDUCTO BUJIA RH,0.3
VENOM 250,CAMBIO Y/O REPARACION DEL CONDUCTO BUJIA RH,0.3
PULSAR 135,CAMBIO  O´RING DEL CONDUCTO GUIA DE LA BUJIA RH,0.3
Perseo,CAMBIO  O´RING DEL CONDUCTO GUIA DE LA BUJIA RH,0.3
PULSAR,CAMBIO  O´RING DEL CONDUCTO GUIA DE LA BUJIA RH,0.3
PULSAR 180 UG,CAMBIO  O´RING DEL CONDUCTO GUIA DE LA BUJIA RH,0.3
PULSAR 150,CAMBIO  O´RING DEL CONDUCTO GUIA DE LA BUJIA RH,0.3
THOR 160,CAMBIO  O´RING DEL CONDUCTO GUIA DE LA BUJIA RH,0.3
PULSAR 200,CAMBIO  O´RING DEL CONDUCTO GUIA DE LA BUJIA RH,0.3
PULSAR 150 NS,CAMBIO  O´RING DEL CONDUCTO GUIA DE LA BUJIA RH,0.3
PULSAR 150 AS,CAMBIO  O´RING DEL CONDUCTO GUIA DE LA BUJIA RH,0.3
PULSAR 200 AS,CAMBIO  O´RING DEL CONDUCTO GUIA DE LA BUJIA RH,0.3
PULSAR 200 NS,CAMBIO  O´RING DEL CONDUCTO GUIA DE LA BUJIA RH,0.3
TITAN,CAMBIO  O´RING DEL CONDUCTO GUIA DE LA BUJIA RH,0.5
PULSAR  RS 200,CAMBIO  O´RING DEL CONDUCTO GUIA DE LA BUJIA RH,0.8
PULSAR 220,CAMBIO  O´RING DEL CONDUCTO GUIA DE LA BUJIA RH,0.3
AVENGER 220,CAMBIO  O´RING DEL CONDUCTO GUIA DE LA BUJIA RH,0.3
DISCOVER 135,CAMBIO  O´RING DEL CONDUCTO GUIA DE LA BUJIA RH,0.3
DISCOVER 100 5S,CAMBIO  O´RING DEL CONDUCTO GUIA DE LA BUJIA RH,0.3
DISCOVER 150,CAMBIO  O´RING DEL CONDUCTO GUIA DE LA BUJIA RH,0.3
CHAMPION,CAMBIO  O´RING DEL CONDUCTO GUIA DE LA BUJIA RH,0.3
DISCOVER 125 ST,CAMBIO  O´RING DEL CONDUCTO GUIA DE LA BUJIA RH,0.3
TORITO,CAMBIO  O´RING DEL CONDUCTO GUIA DE LA BUJIA RH,0.5
VENOM 250,CAMBIO  O´RING DEL CONDUCTO GUIA DE LA BUJIA RH,0.3
PULSAR 135,CAMBIO Y/O REPARACION DEL BUJE SOPORTE CULATIN CHASIS,1
Perseo,CAMBIO Y/O REPARACION DEL BUJE SOPORTE CULATIN CHASIS,1
PULSAR,CAMBIO Y/O REPARACION DEL BUJE SOPORTE CULATIN CHASIS,1
PULSAR 180 UG,CAMBIO Y/O REPARACION DEL BUJE SOPORTE CULATIN CHASIS,1
PULSAR 150,CAMBIO Y/O REPARACION DEL BUJE SOPORTE CULATIN CHASIS,1
THOR 160,CAMBIO Y/O REPARACION DEL BUJE SOPORTE CULATIN CHASIS,1
PULSAR 220,CAMBIO Y/O REPARACION DEL BUJE SOPORTE CULATIN CHASIS,1
AVENGER 220,CAMBIO Y/O REPARACION DEL BUJE SOPORTE CULATIN CHASIS,1
DISCOVER 135,CAMBIO Y/O REPARACION DEL BUJE SOPORTE CULATIN CHASIS,1
AGILITY,CAMBIO  DE LOS RESORTES VALVULAS,2
AGILITY RS,CAMBIO  DE LOS RESORTES VALVULAS,2
AGILITY CITY 150,CAMBIO  DE LOS RESORTES VALVULAS,2
BET & WIN,CAMBIO  DE LOS RESORTES VALVULAS,2.5
ACTIV,CAMBIO  DE LOS RESORTES VALVULAS,2
SPIKE,CAMBIO  DE LOS RESORTES VALVULAS,2
AGILITY RS  NAKED,CAMBIO  DE LOS RESORTES VALVULAS,2
SUPER 8,CAMBIO  DE LOS RESORTES VALVULAS,2
GACELA,CAMBIO  DE LOS RESORTES VALVULAS,2
CRUCERO             x-town 300,CAMBIO  DE LOS RESORTES VALVULAS,3
ROCKET,CAMBIO  DE LOS RESORTES VALVULAS,2
FLY 125,CAMBIO  DE LOS RESORTES VALVULAS,2
TWIST,CAMBIO  DE LOS RESORTES VALVULAS,2
JETIX,CAMBIO  DE LOS RESORTES VALVULAS,2
UNI-K 110,CAMBIO  DE LOS RESORTES VALVULAS,2
TRACK,CAMBIO  DE LOS RESORTES VALVULAS,2
PULSAR 135,CAMBIO  DE LOS RESORTES VALVULAS,2
Perseo,CAMBIO  DE LOS RESORTES VALVULAS,2
PULSAR,CAMBIO  DE LOS RESORTES VALVULAS,2
PULSAR 180 UG,CAMBIO  DE LOS RESORTES VALVULAS,2
PULSAR 150,CAMBIO  DE LOS RESORTES VALVULAS,2
THOR 160,CAMBIO  DE LOS RESORTES VALVULAS,2
PULSAR 200,CAMBIO  DE LOS RESORTES VALVULAS,2.5
PULSAR 150 NS,CAMBIO  DE LOS RESORTES VALVULAS,2.5
PULSAR 150 AS,CAMBIO  DE LOS RESORTES VALVULAS,2.8
PULSAR 200 AS,CAMBIO  DE LOS RESORTES VALVULAS,2.8
PULSAR 200 NS,CAMBIO  DE LOS RESORTES VALVULAS,2.5
TITAN,CAMBIO  DE LOS RESORTES VALVULAS,2.8
PULSAR  RS 200,CAMBIO  DE LOS RESORTES VALVULAS,3
PULSAR 220,CAMBIO  DE LOS RESORTES VALVULAS,2
AVENGER 220,CAMBIO  DE LOS RESORTES VALVULAS,2
XCD,CAMBIO  DE LOS RESORTES VALVULAS,2
DISCOVER 100,CAMBIO  DE LOS RESORTES VALVULAS,2
DISCOVER 135,CAMBIO  DE LOS RESORTES VALVULAS,2
BOXER,CAMBIO  DE LOS RESORTES VALVULAS,2
LEXUS,CAMBIO  DE LOS RESORTES VALVULAS,2
DISCOVER 100 5S,CAMBIO  DE LOS RESORTES VALVULAS,2
DISCOVER 150,CAMBIO  DE LOS RESORTES VALVULAS,2
CHAMPION,CAMBIO  DE LOS RESORTES VALVULAS,2
DISCOVER 125 ST,CAMBIO  DE LOS RESORTES VALVULAS,2
BOXER BM 100,CAMBIO  DE LOS RESORTES VALVULAS,2
BOXER BM 150,CAMBIO  DE LOS RESORTES VALVULAS,2
BOXER BM 100 ES,CAMBIO  DE LOS RESORTES VALVULAS,2
PLATINO 125,CAMBIO  DE LOS RESORTES VALVULAS,2
PLATINO 125 - 5S,CAMBIO  DE LOS RESORTES VALVULAS,2
PLATINO 100,CAMBIO  DE LOS RESORTES VALVULAS,2
PLATINO 110,CAMBIO  DE LOS RESORTES VALVULAS,2
FAMILLY,CAMBIO  DE LOS RESORTES VALVULAS,2
MOTOCARRO 4T,CAMBIO  DE LOS RESORTES VALVULAS,3
TORITO,CAMBIO  DE LOS RESORTES VALVULAS,3
KAZE MAX II,CAMBIO  DE LOS RESORTES VALVULAS,2
ZX 130- MAGIC II,CAMBIO  DE LOS RESORTES VALVULAS,1.7
KLX 150,CAMBIO  DE LOS RESORTES VALVULAS,2
KLX150  L,CAMBIO  DE LOS RESORTES VALVULAS,2
KLX 250,CAMBIO  DE LOS RESORTES VALVULAS,2.7
NINJA 250,CAMBIO  DE LOS RESORTES VALVULAS,3
NINJA 250 FI,CAMBIO  DE LOS RESORTES VALVULAS,3
Z250,CAMBIO  DE LOS RESORTES VALVULAS,3
Z250 SL,CAMBIO  DE LOS RESORTES VALVULAS,2.7
ER-6n,CAMBIO  DE LOS RESORTES VALVULAS,4
TRANS-SPORT,CAMBIO  DE LOS RESORTES VALVULAS,2
MRX 150,CAMBIO  DE LOS RESORTES VALVULAS,2
FURAX,CAMBIO  DE LOS RESORTES VALVULAS,3
BOMBER 125,CAMBIO  DE LOS RESORTES VALVULAS,2
BOMBER 250,CAMBIO  DE LOS RESORTES VALVULAS,3.7
COMBAT 125,CAMBIO  DE LOS RESORTES VALVULAS,2
ZS,CAMBIO  DE LOS RESORTES VALVULAS,2
LIFE,CAMBIO  DE LOS RESORTES VALVULAS,2
HUNTER,CAMBIO  DE LOS RESORTES VALVULAS,3
BLACK,CAMBIO  DE LOS RESORTES VALVULAS,3
VENOM 400,CAMBIO  DE LOS RESORTES VALVULAS,3.5
VENOM 250,CAMBIO  DE LOS RESORTES VALVULAS,2.5
ONE,CAMBIO  DE LOS RESORTES VALVULAS,2
FLOW,CAMBIO  DE LOS RESORTES VALVULAS,2
ADVANCE II LF,CAMBIO  DE LOS RESORTES VALVULAS,2
ZONTES 155,CAMBIO  DE LOS RESORTES VALVULAS,3
ZONTES 310M,CAMBIO  DE LOS RESORTES VALVULAS,3.5
SHOCK,CAMBIO  DE LOS RESORTES VALVULAS,2
TNT150i,CAMBIO  DE LOS RESORTES VALVULAS,3
180S,CAMBIO  DE LOS RESORTES VALVULAS,2.5
TNT25N,CAMBIO  DE LOS RESORTES VALVULAS,3
LEONCINO 500,CAMBIO  DE LOS RESORTES VALVULAS,4
LEONCINO 250,CAMBIO  DE LOS RESORTES VALVULAS,3
TRK 500X,CAMBIO  DE LOS RESORTES VALVULAS,4
TRK 251,CAMBIO  DE LOS RESORTES VALVULAS,3
302 S,CAMBIO  DE LOS RESORTES VALVULAS,3
ACTIV,CAMBIO Y/O REPARCION DEL DESCOMPRESIONADOR,1
JETIX,CAMBIO Y/O REPARCION DEL DESCOMPRESIONADOR,1
PULSAR,CAMBIO Y/O REPARCION DEL DESCOMPRESIONADOR,1.5
MOTOCARRO 4T,CAMBIO Y/O REPARCION DEL DESCOMPRESIONADOR,1.5
ZX 130- MAGIC II,CAMBIO Y/O REPARCION DEL DESCOMPRESIONADOR,1.5
BOMBER 250,CAMBIO Y/O REPARCION DEL DESCOMPRESIONADOR,0.8
FLOW,CAMBIO Y/O REPARCION DEL DESCOMPRESIONADOR,1
ADVANCE II LF,CAMBIO Y/O REPARCION DEL DESCOMPRESIONADOR,1
SHOCK,CAMBIO Y/O REPARCION DEL DESCOMPRESIONADOR,1
TOP BOY,LIMPIAR Y LUBRICACION DEL FILTRO DE AIRE,0.3
AGILITY,LIMPIAR Y LUBRICACION DEL FILTRO DE AIRE,0.3
AGILITY RS,LIMPIAR Y LUBRICACION DEL FILTRO DE AIRE,0.3
AGILITY CITY 150,LIMPIAR Y LUBRICACION DEL FILTRO DE AIRE,0.3
BET & WIN,LIMPIAR Y LUBRICACION DEL FILTRO DE AIRE,0.3
ACTIV,LIMPIAR Y LUBRICACION DEL FILTRO DE AIRE,0.5
SPIKE,LIMPIAR Y LUBRICACION DEL FILTRO DE AIRE,0.5
AGILITY RS  NAKED,LIMPIAR Y LUBRICACION DEL FILTRO DE AIRE,0.3
SUPER 8,LIMPIAR Y LUBRICACION DEL FILTRO DE AIRE,0.3
GACELA,LIMPIAR Y LUBRICACION DEL FILTRO DE AIRE,0.3
CRUCERO             x-town 300,LIMPIAR Y LUBRICACION DEL FILTRO DE AIRE,0.3
ROCKET,LIMPIAR Y LUBRICACION DEL FILTRO DE AIRE,0.3
FLY 125,LIMPIAR Y LUBRICACION DEL FILTRO DE AIRE,0.3
TWIST,LIMPIAR Y LUBRICACION DEL FILTRO DE AIRE,0.3
JETIX,LIMPIAR Y LUBRICACION DEL FILTRO DE AIRE,0.5
UNI-K 110,LIMPIAR Y LUBRICACION DEL FILTRO DE AIRE,0.5
TRACK,LIMPIAR Y LUBRICACION DEL FILTRO DE AIRE,0.5
PULSAR 135,LIMPIAR Y LUBRICACION DEL FILTRO DE AIRE,0.3
Perseo,LIMPIAR Y LUBRICACION DEL FILTRO DE AIRE,0.3
PULSAR,LIMPIAR Y LUBRICACION DEL FILTRO DE AIRE,0.3
PULSAR 180 UG,LIMPIAR Y LUBRICACION DEL FILTRO DE AIRE,0.3
PULSAR 150,LIMPIAR Y LUBRICACION DEL FILTRO DE AIRE,0.3
THOR 160,LIMPIAR Y LUBRICACION DEL FILTRO DE AIRE,0.3
PULSAR 220,LIMPIAR Y LUBRICACION DEL FILTRO DE AIRE,333
KLX 250,LIMPIAR Y LUBRICACION DEL FILTRO DE AIRE,7
BOMBER 125,LIMPIAR Y LUBRICACION DEL FILTRO DE AIRE,0.3
BOMBER 250,LIMPIAR Y LUBRICACION DEL FILTRO DE AIRE,0.3
COMBAT 125,LIMPIAR Y LUBRICACION DEL FILTRO DE AIRE,0.3
ZS,LIMPIAR Y LUBRICACION DEL FILTRO DE AIRE,0.3
LIFE,LIMPIAR Y LUBRICACION DEL FILTRO DE AIRE,0.3
HUNTER,LIMPIAR Y LUBRICACION DEL FILTRO DE AIRE,0.3
BLACK,LIMPIAR Y LUBRICACION DEL FILTRO DE AIRE,0.3
VENOM 400,LIMPIAR Y LUBRICACION DEL FILTRO DE AIRE,0.5
ZONTES 155,LIMPIAR Y LUBRICACION DEL FILTRO DE AIRE,0.3
ZONTES 310M,LIMPIAR Y LUBRICACION DEL FILTRO DE AIRE,0.3
TOP BOY,CAMBIO CAJA FILTRO,0.4
AGILITY,CAMBIO CAJA FILTRO,0.4
AGILITY RS,CAMBIO CAJA FILTRO,0.4
AGILITY CITY 150,CAMBIO CAJA FILTRO,0.4
BET & WIN,CAMBIO CAJA FILTRO,0.4
ACTIV,CAMBIO CAJA FILTRO,1
SPIKE,CAMBIO CAJA FILTRO,1
AGILITY RS  NAKED,CAMBIO CAJA FILTRO,0.4
SUPER 8,CAMBIO CAJA FILTRO,0.4
GACELA,CAMBIO CAJA FILTRO,0.4
CRUCERO             x-town 300,CAMBIO CAJA FILTRO,0.5
ROCKET,CAMBIO CAJA FILTRO,0.4
FLY 125,CAMBIO CAJA FILTRO,0.4
TWIST,CAMBIO CAJA FILTRO,0.4
JETIX,CAMBIO CAJA FILTRO,1
UNI-K 110,CAMBIO CAJA FILTRO,1
TRACK,CAMBIO CAJA FILTRO,1
PULSAR 135,CAMBIO CAJA FILTRO,1.5
Perseo,CAMBIO CAJA FILTRO,1.5
PULSAR,CAMBIO CAJA FILTRO,1.5
PULSAR 180 UG,CAMBIO CAJA FILTRO,1.5
PULSAR 150,CAMBIO CAJA FILTRO,1.5
THOR 160,CAMBIO CAJA FILTRO,1.5
PULSAR 200,CAMBIO CAJA FILTRO,1.5
PULSAR 150 NS,CAMBIO CAJA FILTRO,1.5
PULSAR 150 AS,CAMBIO CAJA FILTRO,1.8
PULSAR 200 AS,CAMBIO CAJA FILTRO,1.8
PULSAR 200 NS,CAMBIO CAJA FILTRO,1.5
TITAN,CAMBIO CAJA FILTRO,1.8
PULSAR  RS 200,CAMBIO CAJA FILTRO,2
PULSAR 220,CAMBIO CAJA FILTRO,0.3
AVENGER 220,CAMBIO CAJA FILTRO,0.3
XCD,CAMBIO CAJA FILTRO,0.3
DISCOVER 100,CAMBIO CAJA FILTRO,0.3
DISCOVER 135,CAMBIO CAJA FILTRO,0.3
BOXER,CAMBIO CAJA FILTRO,1
LEXUS,CAMBIO CAJA FILTRO,1
DISCOVER 100 5S,CAMBIO CAJA FILTRO,0.3
DISCOVER 150,CAMBIO CAJA FILTRO,0.3
CHAMPION,CAMBIO CAJA FILTRO,0.3
DISCOVER 125 ST,CAMBIO CAJA FILTRO,0.3
BOXER BM 100,CAMBIO CAJA FILTRO,1
BOXER BM 150,CAMBIO CAJA FILTRO,1
BOXER BM 100 ES,CAMBIO CAJA FILTRO,1
PLATINO 125,CAMBIO CAJA FILTRO,1
PLATINO 125 - 5S,CAMBIO CAJA FILTRO,1
PLATINO 100,CAMBIO CAJA FILTRO,1
PLATINO 110,CAMBIO CAJA FILTRO,1
FAMILLY,CAMBIO CAJA FILTRO,1
MOTOCARRO 4T,CAMBIO CAJA FILTRO,0.4
TORITO,CAMBIO CAJA FILTRO,0.4
KAZE MAX II,CAMBIO CAJA FILTRO,0.7
ZX 130- MAGIC II,CAMBIO CAJA FILTRO,1
KMX,CAMBIO CAJA FILTRO,0.3
KLX 150,CAMBIO CAJA FILTRO,0.3
KLX150  L,CAMBIO CAJA FILTRO,0.3
KLX 250,CAMBIO CAJA FILTRO,0.5
NINJA 250,CAMBIO CAJA FILTRO,0.3
NINJA 250 FI,CAMBIO CAJA FILTRO,0.3
Z250,CAMBIO CAJA FILTRO,0.3
Z250 SL,CAMBIO CAJA FILTRO,0.3
ER-6n,CAMBIO CAJA FILTRO,1
TRANS-SPORT,CAMBIO CAJA FILTRO,0.5
MRX 150,CAMBIO CAJA FILTRO,0.3
FURAX,CAMBIO CAJA FILTRO,0.3
BOMBER 125,CAMBIO CAJA FILTRO,1
BOMBER 250,CAMBIO CAJA FILTRO,0.8
COMBAT 125,CAMBIO CAJA FILTRO,1
ZS,CAMBIO CAJA FILTRO,0.4
LIFE,CAMBIO CAJA FILTRO,0.4
HUNTER,CAMBIO CAJA FILTRO,0.5
BLACK,CAMBIO CAJA FILTRO,0.4
VENOM 400,CAMBIO CAJA FILTRO,0.7
VENOM 250,CAMBIO CAJA FILTRO,1.5
ONE,CAMBIO CAJA FILTRO,0.5
FLOW,CAMBIO CAJA FILTRO,0.1
ADVANCE II LF,CAMBIO CAJA FILTRO,0.1
ZONTES 155,CAMBIO CAJA FILTRO,1.5
ZONTES 310M,CAMBIO CAJA FILTRO,0.5
SHOCK,CAMBIO CAJA FILTRO,0.1
TNT150i,CAMBIO CAJA FILTRO,1
180S,CAMBIO CAJA FILTRO,1.2
TNT25N,CAMBIO CAJA FILTRO,1.5
LEONCINO 500,CAMBIO CAJA FILTRO,1.2
LEONCINO 250,CAMBIO CAJA FILTRO,1.5
TRK 500X,CAMBIO CAJA FILTRO,1.2
TRK 251,CAMBIO CAJA FILTRO,1.5
302 S,CAMBIO CAJA FILTRO,1.6
TOP BOY,CAMBIO DE FILTRO DE AIRE,0.3
AGILITY,CAMBIO DE FILTRO DE AIRE,0.3
AGILITY RS,CAMBIO DE FILTRO DE AIRE,0.3
AGILITY CITY 150,CAMBIO DE FILTRO DE AIRE,0.3
BET & WIN,CAMBIO DE FILTRO DE AIRE,0.3
ACTIV,CAMBIO DE FILTRO DE AIRE,0.5
SPIKE,CAMBIO DE FILTRO DE AIRE,0.5
AGILITY RS  NAKED,CAMBIO DE FILTRO DE AIRE,0.3
SUPER 8,CAMBIO DE FILTRO DE AIRE,0.3
GACELA,CAMBIO DE FILTRO DE AIRE,0.3
CRUCERO             x-town 300,CAMBIO DE FILTRO DE AIRE,0.3
ROCKET,CAMBIO DE FILTRO DE AIRE,0.3
FLY 125,CAMBIO DE FILTRO DE AIRE,0.3
TWIST,CAMBIO DE FILTRO DE AIRE,0.3
JETIX,CAMBIO DE FILTRO DE AIRE,0.5
UNI-K 110,CAMBIO DE FILTRO DE AIRE,0.5
TRACK,CAMBIO DE FILTRO DE AIRE,0.5
PULSAR 135,CAMBIO DE FILTRO DE AIRE,0.3
Perseo,CAMBIO DE FILTRO DE AIRE,0.3
PULSAR,CAMBIO DE FILTRO DE AIRE,0.3
PULSAR 180 UG,CAMBIO DE FILTRO DE AIRE,0.3
PULSAR 150,CAMBIO DE FILTRO DE AIRE,0.3
THOR 160,CAMBIO DE FILTRO DE AIRE,0.3
PULSAR 200,CAMBIO DE FILTRO DE AIRE,0.7
PULSAR 150 NS,CAMBIO DE FILTRO DE AIRE,0.5
PULSAR 150 AS,CAMBIO DE FILTRO DE AIRE,0.8
PULSAR 200 AS,CAMBIO DE FILTRO DE AIRE,0.8
PULSAR 200 NS,CAMBIO DE FILTRO DE AIRE,0.5
TITAN,CAMBIO DE FILTRO DE AIRE,0.8
PULSAR  RS 200,CAMBIO DE FILTRO DE AIRE,1
PULSAR 220,CAMBIO DE FILTRO DE AIRE,1.5
AVENGER 220,CAMBIO DE FILTRO DE AIRE,1.5
XCD,CAMBIO DE FILTRO DE AIRE,1
DISCOVER 100,CAMBIO DE FILTRO DE AIRE,1
DISCOVER 135,CAMBIO DE FILTRO DE AIRE,1.5
BOXER,CAMBIO DE FILTRO DE AIRE,0.3
LEXUS,CAMBIO DE FILTRO DE AIRE,0.3
DISCOVER 100 5S,CAMBIO DE FILTRO DE AIRE,1.5
DISCOVER 150,CAMBIO DE FILTRO DE AIRE,1.5
CHAMPION,CAMBIO DE FILTRO DE AIRE,1.5
DISCOVER 125 ST,CAMBIO DE FILTRO DE AIRE,1.5
BOXER BM 100,CAMBIO DE FILTRO DE AIRE,0.3
BOXER BM 150,CAMBIO DE FILTRO DE AIRE,0.3
BOXER BM 100 ES,CAMBIO DE FILTRO DE AIRE,0.3
PLATINO 125,CAMBIO DE FILTRO DE AIRE,0.3
PLATINO 125 - 5S,CAMBIO DE FILTRO DE AIRE,0.3
PLATINO 100,CAMBIO DE FILTRO DE AIRE,0.3
PLATINO 110,CAMBIO DE FILTRO DE AIRE,0.3
FAMILLY,CAMBIO DE FILTRO DE AIRE,0.3
MOTOCARRO 4T,CAMBIO DE FILTRO DE AIRE,0.5
TORITO,CAMBIO DE FILTRO DE AIRE,0.5
KAZE MAX II,CAMBIO DE FILTRO DE AIRE,0.7
ZX 130- MAGIC II,CAMBIO DE FILTRO DE AIRE,1
KMX,CAMBIO DE FILTRO DE AIRE,2
KLX 150,CAMBIO DE FILTRO DE AIRE,2
KLX150  L,CAMBIO DE FILTRO DE AIRE,2
KLX 250,CAMBIO DE FILTRO DE AIRE,0.3
NINJA 250,CAMBIO DE FILTRO DE AIRE,1
NINJA 250 FI,CAMBIO DE FILTRO DE AIRE,1
Z250,CAMBIO DE FILTRO DE AIRE,1
Z250 SL,CAMBIO DE FILTRO DE AIRE,1
ER-6n,CAMBIO DE FILTRO DE AIRE,1.3
TRANS-SPORT,CAMBIO DE FILTRO DE AIRE,1
MRX 150,CAMBIO DE FILTRO DE AIRE,1
FURAX,CAMBIO DE FILTRO DE AIRE,2
BOMBER 125,CAMBIO DE FILTRO DE AIRE,0.3
BOMBER 250,CAMBIO DE FILTRO DE AIRE,0.3
COMBAT 125,CAMBIO DE FILTRO DE AIRE,0.3
ZS,CAMBIO DE FILTRO DE AIRE,0.3
LIFE,CAMBIO DE FILTRO DE AIRE,0.3
HUNTER,CAMBIO DE FILTRO DE AIRE,0.3
BLACK,CAMBIO DE FILTRO DE AIRE,0.3
VENOM 400,CAMBIO DE FILTRO DE AIRE,0.25
VENOM 250,CAMBIO DE FILTRO DE AIRE,0.5
ONE,CAMBIO DE FILTRO DE AIRE,1
FLOW,CAMBIO DE FILTRO DE AIRE,0.3
ADVANCE II LF,CAMBIO DE FILTRO DE AIRE,0.3
ZONTES 155,CAMBIO DE FILTRO DE AIRE,0.5
ZONTES 310M,CAMBIO DE FILTRO DE AIRE,0.3
SHOCK,CAMBIO DE FILTRO DE AIRE,0.3
TNT150i,CAMBIO DE FILTRO DE AIRE,0.3
180S,CAMBIO DE FILTRO DE AIRE,0.3
TNT25N,CAMBIO DE FILTRO DE AIRE,0.2
LEONCINO 500,CAMBIO DE FILTRO DE AIRE,1
LEONCINO 250,CAMBIO DE FILTRO DE AIRE,0.2
TRK 500X,CAMBIO DE FILTRO DE AIRE,1
TRK 251,CAMBIO DE FILTRO DE AIRE,0.2
302 S,CAMBIO DE FILTRO DE AIRE,1.4
TOP BOY,CAMBIO CONDUCTO FILTRO DEL AIRE CARBURADOR,0.4
AGILITY,CAMBIO CONDUCTO FILTRO DEL AIRE CARBURADOR,0.4
AGILITY RS,CAMBIO CONDUCTO FILTRO DEL AIRE CARBURADOR,0.4
AGILITY CITY 150,CAMBIO CONDUCTO FILTRO DEL AIRE CARBURADOR,0.4
BET & WIN,CAMBIO CONDUCTO FILTRO DEL AIRE CARBURADOR,0.4
ACTIV,CAMBIO CONDUCTO FILTRO DEL AIRE CARBURADOR,0.5
SPIKE,CAMBIO CONDUCTO FILTRO DEL AIRE CARBURADOR,0.5
AGILITY RS  NAKED,CAMBIO CONDUCTO FILTRO DEL AIRE CARBURADOR,0.4
SUPER 8,CAMBIO CONDUCTO FILTRO DEL AIRE CARBURADOR,0.4
GACELA,CAMBIO CONDUCTO FILTRO DEL AIRE CARBURADOR,0.4
CRUCERO             x-town 300,CAMBIO CONDUCTO FILTRO DEL AIRE CARBURADOR,0.5
ROCKET,CAMBIO CONDUCTO FILTRO DEL AIRE CARBURADOR,0.4
FLY 125,CAMBIO CONDUCTO FILTRO DEL AIRE CARBURADOR,0.4
TWIST,CAMBIO CONDUCTO FILTRO DEL AIRE CARBURADOR,0.4
JETIX,CAMBIO CONDUCTO FILTRO DEL AIRE CARBURADOR,0.5
UNI-K 110,CAMBIO CONDUCTO FILTRO DEL AIRE CARBURADOR,0.5
TRACK,CAMBIO CONDUCTO FILTRO DEL AIRE CARBURADOR,0.5
PULSAR 135,CAMBIO CONDUCTO FILTRO DEL AIRE CARBURADOR,0.5
Perseo,CAMBIO CONDUCTO FILTRO DEL AIRE CARBURADOR,0.5
PULSAR,CAMBIO CONDUCTO FILTRO DEL AIRE CARBURADOR,0.5
PULSAR 180 UG,CAMBIO CONDUCTO FILTRO DEL AIRE CARBURADOR,0.5
PULSAR 150,CAMBIO CONDUCTO FILTRO DEL AIRE CARBURADOR,0.5
THOR 160,CAMBIO CONDUCTO FILTRO DEL AIRE CARBURADOR,0.5
PULSAR 200,CAMBIO CONDUCTO FILTRO DEL AIRE CARBURADOR,1
PULSAR 150 NS,CAMBIO CONDUCTO FILTRO DEL AIRE CARBURADOR,1
PULSAR 150 AS,CAMBIO CONDUCTO FILTRO DEL AIRE CARBURADOR,1.3
PULSAR 200 AS,CAMBIO CONDUCTO FILTRO DEL AIRE CARBURADOR,1.3
PULSAR 200 NS,CAMBIO CONDUCTO FILTRO DEL AIRE CARBURADOR,1
PULSAR 220,CAMBIO CONDUCTO FILTRO DEL AIRE CARBURADOR,0.3
AVENGER 220,CAMBIO CONDUCTO FILTRO DEL AIRE CARBURADOR,0.3
XCD,CAMBIO CONDUCTO FILTRO DEL AIRE CARBURADOR,0.3
DISCOVER 100,CAMBIO CONDUCTO FILTRO DEL AIRE CARBURADOR,0.3
DISCOVER 135,CAMBIO CONDUCTO FILTRO DEL AIRE CARBURADOR,0.3
BOXER,CAMBIO CONDUCTO FILTRO DEL AIRE CARBURADOR,0.3
LEXUS,CAMBIO CONDUCTO FILTRO DEL AIRE CARBURADOR,0.3
DISCOVER 100 5S,CAMBIO CONDUCTO FILTRO DEL AIRE CARBURADOR,0.3
DISCOVER 150,CAMBIO CONDUCTO FILTRO DEL AIRE CARBURADOR,0.3
CHAMPION,CAMBIO CONDUCTO FILTRO DEL AIRE CARBURADOR,0.3
DISCOVER 125 ST,CAMBIO CONDUCTO FILTRO DEL AIRE CARBURADOR,0.3
BOXER BM 100,CAMBIO CONDUCTO FILTRO DEL AIRE CARBURADOR,0.3
BOXER BM 150,CAMBIO CONDUCTO FILTRO DEL AIRE CARBURADOR,0.3
BOXER BM 100 ES,CAMBIO CONDUCTO FILTRO DEL AIRE CARBURADOR,0.3
PLATINO 125,CAMBIO CONDUCTO FILTRO DEL AIRE CARBURADOR,0.3
PLATINO 125 - 5S,CAMBIO CONDUCTO FILTRO DEL AIRE CARBURADOR,0.3
PLATINO 100,CAMBIO CONDUCTO FILTRO DEL AIRE CARBURADOR,0.3
PLATINO 110,CAMBIO CONDUCTO FILTRO DEL AIRE CARBURADOR,0.3
FAMILLY,CAMBIO CONDUCTO FILTRO DEL AIRE CARBURADOR,0.3
MOTOCARRO 4T,CAMBIO CONDUCTO FILTRO DEL AIRE CARBURADOR,0.4
TORITO,CAMBIO CONDUCTO FILTRO DEL AIRE CARBURADOR,0.4
KAZE MAX II,CAMBIO CONDUCTO FILTRO DEL AIRE CARBURADOR,0.5
ZX 130- MAGIC II,CAMBIO CONDUCTO FILTRO DEL AIRE CARBURADOR,1
KMX,CAMBIO CONDUCTO FILTRO DEL AIRE CARBURADOR,0.3
KLX 150,CAMBIO CONDUCTO FILTRO DEL AIRE CARBURADOR,0.3
KLX150  L,CAMBIO CONDUCTO FILTRO DEL AIRE CARBURADOR,0.3
KLX 250,CAMBIO CONDUCTO FILTRO DEL AIRE CARBURADOR,0.3
NINJA 250,CAMBIO CONDUCTO FILTRO DEL AIRE CARBURADOR,0.3
NINJA 250 FI,CAMBIO CONDUCTO FILTRO DEL AIRE CARBURADOR,0.3
Z250,CAMBIO CONDUCTO FILTRO DEL AIRE CARBURADOR,0.3
Z250 SL,CAMBIO CONDUCTO FILTRO DEL AIRE CARBURADOR,0.3
ER-6n,CAMBIO CONDUCTO FILTRO DEL AIRE CARBURADOR,1
TRANS-SPORT,CAMBIO CONDUCTO FILTRO DEL AIRE CARBURADOR,0.4
MRX 150,CAMBIO CONDUCTO FILTRO DEL AIRE CARBURADOR,0.3
FURAX,CAMBIO CONDUCTO FILTRO DEL AIRE CARBURADOR,0.3
BOMBER 125,CAMBIO CONDUCTO FILTRO DEL AIRE CARBURADOR,0.3
BOMBER 250,CAMBIO CONDUCTO FILTRO DEL AIRE CARBURADOR,0.4
COMBAT 125,CAMBIO CONDUCTO FILTRO DEL AIRE CARBURADOR,0.3
ZS,CAMBIO CONDUCTO FILTRO DEL AIRE CARBURADOR,0.4
LIFE,CAMBIO CONDUCTO FILTRO DEL AIRE CARBURADOR,0.4
HUNTER,CAMBIO CONDUCTO FILTRO DEL AIRE CARBURADOR,0.5
BLACK,CAMBIO CONDUCTO FILTRO DEL AIRE CARBURADOR,0.5
VENOM 400,CAMBIO CONDUCTO FILTRO DEL AIRE CARBURADOR,1
VENOM 250,CAMBIO CONDUCTO FILTRO DEL AIRE CARBURADOR,1
ONE,CAMBIO CONDUCTO FILTRO DEL AIRE CARBURADOR,0.5
FLOW,CAMBIO CONDUCTO FILTRO DEL AIRE CARBURADOR,0.5
ADVANCE II LF,CAMBIO CONDUCTO FILTRO DEL AIRE CARBURADOR,0.5
ZONTES 155,CAMBIO CONDUCTO FILTRO DEL AIRE CARBURADOR,0.3
ZONTES 310M,CAMBIO CONDUCTO FILTRO DEL AIRE CARBURADOR,0.5
SHOCK,CAMBIO CONDUCTO FILTRO DEL AIRE CARBURADOR,0.5
TNT150i,CAMBIO CONDUCTO FILTRO DEL AIRE CARBURADOR,0.3
180S,CAMBIO CONDUCTO FILTRO DEL AIRE CARBURADOR,0.3
TNT25N,CAMBIO CONDUCTO FILTRO DEL AIRE CARBURADOR,0.3
LEONCINO 500,CAMBIO CONDUCTO FILTRO DEL AIRE CARBURADOR,1
LEONCINO 250,CAMBIO CONDUCTO FILTRO DEL AIRE CARBURADOR,0.3
TRK 500X,CAMBIO CONDUCTO FILTRO DEL AIRE CARBURADOR,1
TRK 251,CAMBIO CONDUCTO FILTRO DEL AIRE CARBURADOR,0.3
302 S,CAMBIO CONDUCTO FILTRO DEL AIRE CARBURADOR,0.3
TOP BOY,CAMBIO ABRASADERAS DEL CONDUCTO DEL AIRE,0.4
AGILITY,CAMBIO ABRASADERAS DEL CONDUCTO DEL AIRE,0.2
AGILITY RS,CAMBIO ABRASADERAS DEL CONDUCTO DEL AIRE,0.2
AGILITY CITY 150,CAMBIO ABRASADERAS DEL CONDUCTO DEL AIRE,0.2
BET & WIN,CAMBIO ABRASADERAS DEL CONDUCTO DEL AIRE,0.2
ACTIV,CAMBIO ABRASADERAS DEL CONDUCTO DEL AIRE,0.5
SPIKE,CAMBIO ABRASADERAS DEL CONDUCTO DEL AIRE,0.5
AGILITY RS  NAKED,CAMBIO ABRASADERAS DEL CONDUCTO DEL AIRE,0.2
SUPER 8,CAMBIO ABRASADERAS DEL CONDUCTO DEL AIRE,0.2
GACELA,CAMBIO ABRASADERAS DEL CONDUCTO DEL AIRE,0.2
CRUCERO             x-town 300,CAMBIO ABRASADERAS DEL CONDUCTO DEL AIRE,0.2
ROCKET,CAMBIO ABRASADERAS DEL CONDUCTO DEL AIRE,0.2
FLY 125,CAMBIO ABRASADERAS DEL CONDUCTO DEL AIRE,0.2
TWIST,CAMBIO ABRASADERAS DEL CONDUCTO DEL AIRE,0.2
JETIX,CAMBIO ABRASADERAS DEL CONDUCTO DEL AIRE,0.5
UNI-K 110,CAMBIO ABRASADERAS DEL CONDUCTO DEL AIRE,0.5
TRACK,CAMBIO ABRASADERAS DEL CONDUCTO DEL AIRE,0.5
PULSAR 135,CAMBIO ABRASADERAS DEL CONDUCTO DEL AIRE,0.2
Perseo,CAMBIO ABRASADERAS DEL CONDUCTO DEL AIRE,0.2
PULSAR,CAMBIO ABRASADERAS DEL CONDUCTO DEL AIRE,0.2
PULSAR 180 UG,CAMBIO ABRASADERAS DEL CONDUCTO DEL AIRE,0.2
PULSAR 150,CAMBIO ABRASADERAS DEL CONDUCTO DEL AIRE,0.2
THOR 160,CAMBIO ABRASADERAS DEL CONDUCTO DEL AIRE,0.2
PULSAR 200,CAMBIO ABRASADERAS DEL CONDUCTO DEL AIRE,0.4
PULSAR 150 NS,CAMBIO ABRASADERAS DEL CONDUCTO DEL AIRE,0.7
PULSAR 150 AS,CAMBIO ABRASADERAS DEL CONDUCTO DEL AIRE,1
PULSAR 200 AS,CAMBIO ABRASADERAS DEL CONDUCTO DEL AIRE,1
PULSAR 200 NS,CAMBIO ABRASADERAS DEL CONDUCTO DEL AIRE,0.7
TITAN,CAMBIO ABRASADERAS DEL CONDUCTO DEL AIRE,1
PULSAR  RS 200,CAMBIO ABRASADERAS DEL CONDUCTO DEL AIRE,1.2
PULSAR 220,CAMBIO ABRASADERAS DEL CONDUCTO DEL AIRE,0.5
AVENGER 220,CAMBIO ABRASADERAS DEL CONDUCTO DEL AIRE,0.5
XCD,CAMBIO ABRASADERAS DEL CONDUCTO DEL AIRE,0.5
DISCOVER 100,CAMBIO ABRASADERAS DEL CONDUCTO DEL AIRE,0.5
DISCOVER 135,CAMBIO ABRASADERAS DEL CONDUCTO DEL AIRE,0.5
BOXER,CAMBIO ABRASADERAS DEL CONDUCTO DEL AIRE,0.5
LEXUS,CAMBIO ABRASADERAS DEL CONDUCTO DEL AIRE,0.5
DISCOVER 100 5S,CAMBIO ABRASADERAS DEL CONDUCTO DEL AIRE,0.5
DISCOVER 150,CAMBIO ABRASADERAS DEL CONDUCTO DEL AIRE,0.5
CHAMPION,CAMBIO ABRASADERAS DEL CONDUCTO DEL AIRE,0.5
DISCOVER 125 ST,CAMBIO ABRASADERAS DEL CONDUCTO DEL AIRE,0.5
BOXER BM 100,CAMBIO ABRASADERAS DEL CONDUCTO DEL AIRE,0.5
BOXER BM 150,CAMBIO ABRASADERAS DEL CONDUCTO DEL AIRE,0.5
BOXER BM 100 ES,CAMBIO ABRASADERAS DEL CONDUCTO DEL AIRE,0.5
PLATINO 125,CAMBIO ABRASADERAS DEL CONDUCTO DEL AIRE,0.5
PLATINO 125 - 5S,CAMBIO ABRASADERAS DEL CONDUCTO DEL AIRE,0.5
PLATINO 100,CAMBIO ABRASADERAS DEL CONDUCTO DEL AIRE,0.5
PLATINO 110,CAMBIO ABRASADERAS DEL CONDUCTO DEL AIRE,0.5
FAMILLY,CAMBIO ABRASADERAS DEL CONDUCTO DEL AIRE,0.5
MOTOCARRO 4T,CAMBIO ABRASADERAS DEL CONDUCTO DEL AIRE,0.4
TORITO,CAMBIO ABRASADERAS DEL CONDUCTO DEL AIRE,0.4
KAZE MAX II,CAMBIO ABRASADERAS DEL CONDUCTO DEL AIRE,0.7
ZX 130- MAGIC II,CAMBIO ABRASADERAS DEL CONDUCTO DEL AIRE,1
KMX,CAMBIO ABRASADERAS DEL CONDUCTO DEL AIRE,0.5
KLX 150,CAMBIO ABRASADERAS DEL CONDUCTO DEL AIRE,0.5
KLX150  L,CAMBIO ABRASADERAS DEL CONDUCTO DEL AIRE,0.5
KLX 250,CAMBIO ABRASADERAS DEL CONDUCTO DEL AIRE,0.5
TRANS-SPORT,CAMBIO ABRASADERAS DEL CONDUCTO DEL AIRE,0.5
MRX 150,CAMBIO ABRASADERAS DEL CONDUCTO DEL AIRE,0.5
FURAX,CAMBIO ABRASADERAS DEL CONDUCTO DEL AIRE,0.5
BOMBER 125,CAMBIO ABRASADERAS DEL CONDUCTO DEL AIRE,0.3
BOMBER 250,CAMBIO ABRASADERAS DEL CONDUCTO DEL AIRE,0.1
COMBAT 125,CAMBIO ABRASADERAS DEL CONDUCTO DEL AIRE,0.3
ZS,CAMBIO ABRASADERAS DEL CONDUCTO DEL AIRE,0.2
LIFE,CAMBIO ABRASADERAS DEL CONDUCTO DEL AIRE,0.2
HUNTER,CAMBIO ABRASADERAS DEL CONDUCTO DEL AIRE,0.2
BLACK,CAMBIO ABRASADERAS DEL CONDUCTO DEL AIRE,0.2
VENOM 400,CAMBIO ABRASADERAS DEL CONDUCTO DEL AIRE,1
VENOM 250,CAMBIO ABRASADERAS DEL CONDUCTO DEL AIRE,0.7
ONE,CAMBIO ABRASADERAS DEL CONDUCTO DEL AIRE,0.5
FLOW,CAMBIO ABRASADERAS DEL CONDUCTO DEL AIRE,0.5
ADVANCE II LF,CAMBIO ABRASADERAS DEL CONDUCTO DEL AIRE,0.5
ZONTES 310M,CAMBIO ABRASADERAS DEL CONDUCTO DEL AIRE,0.2
SHOCK,CAMBIO ABRASADERAS DEL CONDUCTO DEL AIRE,0.5
PULSAR 180 UG,CAMBIO Y/O REVISION DEL SENSOR DE AIRE,1
PULSAR 220,CAMBIO Y/O REVISION DEL SENSOR DE AIRE,0.2
AVENGER 220,CAMBIO Y/O REVISION DEL SENSOR DE AIRE,0.2
XCD,CAMBIO Y/O REVISION DEL SENSOR DE AIRE,0.2
DISCOVER 100,CAMBIO Y/O REVISION DEL SENSOR DE AIRE,0.2
DISCOVER 135,CAMBIO Y/O REVISION DEL SENSOR DE AIRE,0.2
DISCOVER 100 5S,CAMBIO Y/O REVISION DEL SENSOR DE AIRE,0.2
DISCOVER 150,CAMBIO Y/O REVISION DEL SENSOR DE AIRE,0.2
CHAMPION,CAMBIO Y/O REVISION DEL SENSOR DE AIRE,0.2
DISCOVER 125 ST,CAMBIO Y/O REVISION DEL SENSOR DE AIRE,0.2
BOXER BM 100,CAMBIO Y/O REVISION DEL SENSOR DE AIRE,0.2
BOXER BM 150,CAMBIO Y/O REVISION DEL SENSOR DE AIRE,0.2
BOXER BM 100 ES,CAMBIO Y/O REVISION DEL SENSOR DE AIRE,0.2
PLATINO 125,CAMBIO Y/O REVISION DEL SENSOR DE AIRE,0.2
PLATINO 125 - 5S,CAMBIO Y/O REVISION DEL SENSOR DE AIRE,0.2
PLATINO 100,CAMBIO Y/O REVISION DEL SENSOR DE AIRE,0.2
PLATINO 110,CAMBIO Y/O REVISION DEL SENSOR DE AIRE,0.2
FAMILLY,CAMBIO Y/O REVISION DEL SENSOR DE AIRE,0.2
MOTOCARRO 4T,CAMBIO Y/O REVISION DEL SENSOR DE AIRE,0.2
TORITO,CAMBIO Y/O REVISION DEL SENSOR DE AIRE,0.2
KAZE MAX II,CAMBIO Y/O REVISION DEL SENSOR DE AIRE,0.7
ZX 130- MAGIC II,CAMBIO Y/O REVISION DEL SENSOR DE AIRE,0.5
KMX,CAMBIO Y/O REVISION DEL SENSOR DE AIRE,0.2
KLX 150,CAMBIO Y/O REVISION DEL SENSOR DE AIRE,0.2
KLX150  L,CAMBIO Y/O REVISION DEL SENSOR DE AIRE,0.2
KLX 250,CAMBIO Y/O REVISION DEL SENSOR DE AIRE,0.5
NINJA 250,CAMBIO Y/O REVISION DEL SENSOR DE AIRE,0.5
NINJA 250 FI,CAMBIO Y/O REVISION DEL SENSOR DE AIRE,0.5
Z250,CAMBIO Y/O REVISION DEL SENSOR DE AIRE,0.5
Z250 SL,CAMBIO Y/O REVISION DEL SENSOR DE AIRE,0.5
ER-6n,CAMBIO Y/O REVISION DEL SENSOR DE AIRE,1
TRANS-SPORT,CAMBIO Y/O REVISION DEL SENSOR DE AIRE,0.5
MRX 150,CAMBIO Y/O REVISION DEL SENSOR DE AIRE,0.3
FURAX,CAMBIO Y/O REVISION DEL SENSOR DE AIRE,0.3
ONE,CAMBIO Y/O REVISION DEL SENSOR DE AIRE,0.5
FLOW,CAMBIO Y/O REVISION DEL SENSOR DE AIRE,0.5
ADVANCE II LF,CAMBIO Y/O REVISION DEL SENSOR DE AIRE,0.5
SHOCK,CAMBIO Y/O REVISION DEL SENSOR DE AIRE,0.5
TNT150i,CAMBIO Y/O REVISION DEL SENSOR DE AIRE,0.5
180S,CAMBIO Y/O REVISION DEL SENSOR DE AIRE,0.5
TNT25N,CAMBIO Y/O REVISION DEL SENSOR DE AIRE,0.5
LEONCINO 500,CAMBIO Y/O REVISION DEL SENSOR DE AIRE,1
LEONCINO 250,CAMBIO Y/O REVISION DEL SENSOR DE AIRE,0.5
TRK 500X,CAMBIO Y/O REVISION DEL SENSOR DE AIRE,1
TRK 251,CAMBIO Y/O REVISION DEL SENSOR DE AIRE,0.5
302 S,CAMBIO Y/O REVISION DEL SENSOR DE AIRE,0.5
PULSAR 135,CAMBIO Y/O REVISION DEL SENSOR DE LA VALVULA SOLENOIDE,1
Perseo,CAMBIO Y/O REVISION DEL SENSOR DE LA VALVULA SOLENOIDE,1
PULSAR 220,CAMBIO Y/O REVISION DEL SENSOR DE LA VALVULA SOLENOIDE,1
Z250 SL,CAMBIO Y/O REVISION DEL SENSOR DE LA VALVULA SOLENOIDE,1
ER-6n,CAMBIO Y/O REVISION DEL SENSOR DE LA VALVULA SOLENOIDE,1.5
LEONCINO 500,CAMBIO Y/O REVISION DEL SENSOR DE LA VALVULA SOLENOIDE,1.5
TRK 500X,CAMBIO Y/O REVISION DEL SENSOR DE LA VALVULA SOLENOIDE,1.5
SUPER 8,CAMBIO VALVULA SAI,0.3
GACELA,CAMBIO VALVULA SAI,0.3
Perseo,CAMBIO VALVULA SAI,1
THOR 160,CAMBIO VALVULA SAI,1
CHAMPION,CAMBIO VALVULA SAI,1
KLX 250,CAMBIO VALVULA SAI,PTE
BOMBER 125,CAMBIO VALVULA SAI,0.3
COMBAT 125,CAMBIO VALVULA SAI,0.3
ZS,CAMBIO VALVULA SAI,0.3
LIFE,CAMBIO VALVULA SAI,0.3
ONE,CAMBIO VALVULA SAI,1
FLOW,CAMBIO VALVULA SAI,1
ADVANCE II LF,CAMBIO VALVULA SAI,1
SHOCK,CAMBIO VALVULA SAI,1
TOP BOY,LIMPIAR EXHOSTO O MOFLE ( DESCARBONADA ),0.5
KMX,LIMPIAR EXHOSTO O MOFLE ( DESCARBONADA ),0.5
TOP BOY,CAMBIO EMPAQUE(S) MOFLE,0.4
AGILITY,CAMBIO EMPAQUE(S) MOFLE,0.4
AGILITY RS,CAMBIO EMPAQUE(S) MOFLE,0.4
AGILITY CITY 150,CAMBIO EMPAQUE(S) MOFLE,0.4
BET & WIN,CAMBIO EMPAQUE(S) MOFLE,0.4
ACTIV,CAMBIO EMPAQUE(S) MOFLE,0.4
SPIKE,CAMBIO EMPAQUE(S) MOFLE,0.4
AGILITY RS  NAKED,CAMBIO EMPAQUE(S) MOFLE,0.4
SUPER 8,CAMBIO EMPAQUE(S) MOFLE,0.4
GACELA,CAMBIO EMPAQUE(S) MOFLE,0.4
CRUCERO             x-town 300,CAMBIO EMPAQUE(S) MOFLE,0.4
ROCKET,CAMBIO EMPAQUE(S) MOFLE,0.4
FLY 125,CAMBIO EMPAQUE(S) MOFLE,0.4
TWIST,CAMBIO EMPAQUE(S) MOFLE,0.4
JETIX,CAMBIO EMPAQUE(S) MOFLE,0.4
UNI-K 110,CAMBIO EMPAQUE(S) MOFLE,0.4
TRACK,CAMBIO EMPAQUE(S) MOFLE,0.4
PULSAR 135,CAMBIO EMPAQUE(S) MOFLE,0.4
Perseo,CAMBIO EMPAQUE(S) MOFLE,0.4
PULSAR,CAMBIO EMPAQUE(S) MOFLE,0.4
PULSAR 180 UG,CAMBIO EMPAQUE(S) MOFLE,0.4
PULSAR 150,CAMBIO EMPAQUE(S) MOFLE,0.4
THOR 160,CAMBIO EMPAQUE(S) MOFLE,0.4
PULSAR 200,CAMBIO EMPAQUE(S) MOFLE,0.4
PULSAR 150 NS,CAMBIO EMPAQUE(S) MOFLE,0.4
PULSAR 150 AS,CAMBIO EMPAQUE(S) MOFLE,0.4
PULSAR 200 AS,CAMBIO EMPAQUE(S) MOFLE,0.4
PULSAR 200 NS,CAMBIO EMPAQUE(S) MOFLE,0.4
TITAN,CAMBIO EMPAQUE(S) MOFLE,0.5
PULSAR  RS 200,CAMBIO EMPAQUE(S) MOFLE,1
PULSAR 220,CAMBIO EMPAQUE(S) MOFLE,0.4
AVENGER 220,CAMBIO EMPAQUE(S) MOFLE,0.4
XCD,CAMBIO EMPAQUE(S) MOFLE,0.4
DISCOVER 100,CAMBIO EMPAQUE(S) MOFLE,0.4
DISCOVER 135,CAMBIO EMPAQUE(S) MOFLE,0.4
BOXER,CAMBIO EMPAQUE(S) MOFLE,0.4
LEXUS,CAMBIO EMPAQUE(S) MOFLE,0.4
DISCOVER 100 5S,CAMBIO EMPAQUE(S) MOFLE,0.4
DISCOVER 150,CAMBIO EMPAQUE(S) MOFLE,0.4
CHAMPION,CAMBIO EMPAQUE(S) MOFLE,0.4
DISCOVER 125 ST,CAMBIO EMPAQUE(S) MOFLE,0.4
BOXER BM 100,CAMBIO EMPAQUE(S) MOFLE,0.4
BOXER BM 150,CAMBIO EMPAQUE(S) MOFLE,0.4
BOXER BM 100 ES,CAMBIO EMPAQUE(S) MOFLE,0.4
PLATINO 125,CAMBIO EMPAQUE(S) MOFLE,0.4
PLATINO 125 - 5S,CAMBIO EMPAQUE(S) MOFLE,0.4
PLATINO 100,CAMBIO EMPAQUE(S) MOFLE,0.4
PLATINO 110,CAMBIO EMPAQUE(S) MOFLE,0.4
FAMILLY,CAMBIO EMPAQUE(S) MOFLE,0.4
MOTOCARRO 4T,CAMBIO EMPAQUE(S) MOFLE,1.5
TORITO,CAMBIO EMPAQUE(S) MOFLE,1.5
KAZE MAX II,CAMBIO EMPAQUE(S) MOFLE,0.4
ZX 130- MAGIC II,CAMBIO EMPAQUE(S) MOFLE,0.4
KMX,CAMBIO EMPAQUE(S) MOFLE,0.5
KLX 150,CAMBIO EMPAQUE(S) MOFLE,0.4
KLX150  L,CAMBIO EMPAQUE(S) MOFLE,0.4
KLX 250,CAMBIO EMPAQUE(S) MOFLE,0.5
NINJA 250,CAMBIO EMPAQUE(S) MOFLE,1
NINJA 250 FI,CAMBIO EMPAQUE(S) MOFLE,1
Z250,CAMBIO EMPAQUE(S) MOFLE,1
Z250 SL,CAMBIO EMPAQUE(S) MOFLE,0.8
ER-6n,CAMBIO EMPAQUE(S) MOFLE,1
TRANS-SPORT,CAMBIO EMPAQUE(S) MOFLE,0.4
MRX 150,CAMBIO EMPAQUE(S) MOFLE,0.4
FURAX,CAMBIO EMPAQUE(S) MOFLE,0.8
BOMBER 125,CAMBIO EMPAQUE(S) MOFLE,0.4
BOMBER 250,CAMBIO EMPAQUE(S) MOFLE,0.7
COMBAT 125,CAMBIO EMPAQUE(S) MOFLE,0.4
ZS,CAMBIO EMPAQUE(S) MOFLE,0.4
LIFE,CAMBIO EMPAQUE(S) MOFLE,4
HUNTER,CAMBIO EMPAQUE(S) MOFLE,0.4
BLACK,CAMBIO EMPAQUE(S) MOFLE,0.4
VENOM 400,CAMBIO EMPAQUE(S) MOFLE,0.7
VENOM 250,CAMBIO EMPAQUE(S) MOFLE,0.4
ONE,CAMBIO EMPAQUE(S) MOFLE,0.4
FLOW,CAMBIO EMPAQUE(S) MOFLE,0.4
ADVANCE II LF,CAMBIO EMPAQUE(S) MOFLE,0.4
ZONTES 155,CAMBIO EMPAQUE(S) MOFLE,1
ZONTES 310M,CAMBIO EMPAQUE(S) MOFLE,0.4
SHOCK,CAMBIO EMPAQUE(S) MOFLE,0.4
TNT150i,CAMBIO EMPAQUE(S) MOFLE,1
180S,CAMBIO EMPAQUE(S) MOFLE,1
TNT25N,CAMBIO EMPAQUE(S) MOFLE,1
LEONCINO 500,CAMBIO EMPAQUE(S) MOFLE,1
LEONCINO 250,CAMBIO EMPAQUE(S) MOFLE,1
TRK 500X,CAMBIO EMPAQUE(S) MOFLE,1
TRK 251,CAMBIO EMPAQUE(S) MOFLE,1
302 S,CAMBIO EMPAQUE(S) MOFLE,1
PULSAR 135,CAMBIO SILENCIADOR,0.4
Perseo,CAMBIO SILENCIADOR,0.4
PULSAR 180 UG,CAMBIO SILENCIADOR,0.4
PULSAR 150,CAMBIO SILENCIADOR,0.4
THOR 160,CAMBIO SILENCIADOR,0.4
KMX,CAMBIO SILENCIADOR,0.4
KLX 150,CAMBIO SILENCIADOR,0.4
KLX150  L,CAMBIO SILENCIADOR,0.4
KLX 250,CAMBIO SILENCIADOR,0.5
NINJA 250,CAMBIO SILENCIADOR,0.4
NINJA 250 FI,CAMBIO SILENCIADOR,1
Z250,CAMBIO SILENCIADOR,1
Z250 SL,CAMBIO SILENCIADOR,1
ER-6n,CAMBIO SILENCIADOR,1
MRX 150,CAMBIO SILENCIADOR,0.4
FURAX,CAMBIO SILENCIADOR,0.4
VENOM 400,CAMBIO SILENCIADOR,0.5
ZONTES 155,CAMBIO SILENCIADOR,1
TNT150i,CAMBIO SILENCIADOR,1
180S,CAMBIO SILENCIADOR,1
TNT25N,CAMBIO SILENCIADOR,1
LEONCINO 500,CAMBIO SILENCIADOR,1
LEONCINO 250,CAMBIO SILENCIADOR,1
TRK 500X,CAMBIO SILENCIADOR,1
TRK 251,CAMBIO SILENCIADOR,1
302 S,CAMBIO SILENCIADOR,1
TOP BOY,CAMBIO DEL EXHOSTO O MOFLE COMPLETO,0.4
AGILITY,CAMBIO DEL EXHOSTO O MOFLE COMPLETO,0.4
AGILITY RS,CAMBIO DEL EXHOSTO O MOFLE COMPLETO,0.4
AGILITY CITY 150,CAMBIO DEL EXHOSTO O MOFLE COMPLETO,0.4
BET & WIN,CAMBIO DEL EXHOSTO O MOFLE COMPLETO,0.4
ACTIV,CAMBIO DEL EXHOSTO O MOFLE COMPLETO,0.4
SPIKE,CAMBIO DEL EXHOSTO O MOFLE COMPLETO,0.4
AGILITY RS  NAKED,CAMBIO DEL EXHOSTO O MOFLE COMPLETO,0.4
SUPER 8,CAMBIO DEL EXHOSTO O MOFLE COMPLETO,0.4
GACELA,CAMBIO DEL EXHOSTO O MOFLE COMPLETO,0.4
CRUCERO             x-town 300,CAMBIO DEL EXHOSTO O MOFLE COMPLETO,0.4
ROCKET,CAMBIO DEL EXHOSTO O MOFLE COMPLETO,0.4
FLY 125,CAMBIO DEL EXHOSTO O MOFLE COMPLETO,0.4
TWIST,CAMBIO DEL EXHOSTO O MOFLE COMPLETO,0.4
JETIX,CAMBIO DEL EXHOSTO O MOFLE COMPLETO,0.4
UNI-K 110,CAMBIO DEL EXHOSTO O MOFLE COMPLETO,0.4
TRACK,CAMBIO DEL EXHOSTO O MOFLE COMPLETO,0.4
PULSAR 135,CAMBIO DEL EXHOSTO O MOFLE COMPLETO,0.4
Perseo,CAMBIO DEL EXHOSTO O MOFLE COMPLETO,0.4
PULSAR,CAMBIO DEL EXHOSTO O MOFLE COMPLETO,0.4
PULSAR 180 UG,CAMBIO DEL EXHOSTO O MOFLE COMPLETO,0.4
PULSAR 150,CAMBIO DEL EXHOSTO O MOFLE COMPLETO,0.4
THOR 160,CAMBIO DEL EXHOSTO O MOFLE COMPLETO,0.4
PULSAR 200,CAMBIO DEL EXHOSTO O MOFLE COMPLETO,1
PULSAR 150 NS,CAMBIO DEL EXHOSTO O MOFLE COMPLETO,1
PULSAR 150 AS,CAMBIO DEL EXHOSTO O MOFLE COMPLETO,1
PULSAR 200 AS,CAMBIO DEL EXHOSTO O MOFLE COMPLETO,1
PULSAR 200 NS,CAMBIO DEL EXHOSTO O MOFLE COMPLETO,1
TITAN,CAMBIO DEL EXHOSTO O MOFLE COMPLETO,1
PULSAR  RS 200,CAMBIO DEL EXHOSTO O MOFLE COMPLETO,1.6
PULSAR 220,CAMBIO DEL EXHOSTO O MOFLE COMPLETO,0.4
AVENGER 220,CAMBIO DEL EXHOSTO O MOFLE COMPLETO,0.4
XCD,CAMBIO DEL EXHOSTO O MOFLE COMPLETO,0.4
DISCOVER 100,CAMBIO DEL EXHOSTO O MOFLE COMPLETO,0.4
DISCOVER 135,CAMBIO DEL EXHOSTO O MOFLE COMPLETO,0.4
BOXER,CAMBIO DEL EXHOSTO O MOFLE COMPLETO,0.4
LEXUS,CAMBIO DEL EXHOSTO O MOFLE COMPLETO,0.4
DISCOVER 100 5S,CAMBIO DEL EXHOSTO O MOFLE COMPLETO,0.4
DISCOVER 150,CAMBIO DEL EXHOSTO O MOFLE COMPLETO,0.4
CHAMPION,CAMBIO DEL EXHOSTO O MOFLE COMPLETO,0.4
DISCOVER 125 ST,CAMBIO DEL EXHOSTO O MOFLE COMPLETO,0.4
BOXER BM 100,CAMBIO DEL EXHOSTO O MOFLE COMPLETO,0.4
BOXER BM 150,CAMBIO DEL EXHOSTO O MOFLE COMPLETO,0.4
BOXER BM 100 ES,CAMBIO DEL EXHOSTO O MOFLE COMPLETO,0.4
PLATINO 125,CAMBIO DEL EXHOSTO O MOFLE COMPLETO,0.4
PLATINO 125 - 5S,CAMBIO DEL EXHOSTO O MOFLE COMPLETO,0.4
PLATINO 100,CAMBIO DEL EXHOSTO O MOFLE COMPLETO,0.4
PLATINO 110,CAMBIO DEL EXHOSTO O MOFLE COMPLETO,0.4
FAMILLY,CAMBIO DEL EXHOSTO O MOFLE COMPLETO,0.4
MOTOCARRO 4T,CAMBIO DEL EXHOSTO O MOFLE COMPLETO,1.5
TORITO,CAMBIO DEL EXHOSTO O MOFLE COMPLETO,1.5
KAZE MAX II,CAMBIO DEL EXHOSTO O MOFLE COMPLETO,0.4
ZX 130- MAGIC II,CAMBIO DEL EXHOSTO O MOFLE COMPLETO,0.4
KMX,CAMBIO DEL EXHOSTO O MOFLE COMPLETO,0.5
KLX 150,CAMBIO DEL EXHOSTO O MOFLE COMPLETO,0.5
KLX150  L,CAMBIO DEL EXHOSTO O MOFLE COMPLETO,0.5
KLX 250,CAMBIO DEL EXHOSTO O MOFLE COMPLETO,0.5
NINJA 250,CAMBIO DEL EXHOSTO O MOFLE COMPLETO,1
NINJA 250 FI,CAMBIO DEL EXHOSTO O MOFLE COMPLETO,1
Z250,CAMBIO DEL EXHOSTO O MOFLE COMPLETO,1
Z250 SL,CAMBIO DEL EXHOSTO O MOFLE COMPLETO,1
ER-6n,CAMBIO DEL EXHOSTO O MOFLE COMPLETO,1
TRANS-SPORT,CAMBIO DEL EXHOSTO O MOFLE COMPLETO,0.5
MRX 150,CAMBIO DEL EXHOSTO O MOFLE COMPLETO,0.5
FURAX,CAMBIO DEL EXHOSTO O MOFLE COMPLETO,0.5
BOMBER 125,CAMBIO DEL EXHOSTO O MOFLE COMPLETO,0.4
BOMBER 250,CAMBIO DEL EXHOSTO O MOFLE COMPLETO,0.7
COMBAT 125,CAMBIO DEL EXHOSTO O MOFLE COMPLETO,0.4
ZS,CAMBIO DEL EXHOSTO O MOFLE COMPLETO,0.4
LIFE,CAMBIO DEL EXHOSTO O MOFLE COMPLETO,0.4
HUNTER,CAMBIO DEL EXHOSTO O MOFLE COMPLETO,0.4
BLACK,CAMBIO DEL EXHOSTO O MOFLE COMPLETO,0.4
VENOM 400,CAMBIO DEL EXHOSTO O MOFLE COMPLETO,0.7
VENOM 250,CAMBIO DEL EXHOSTO O MOFLE COMPLETO,1
ONE,CAMBIO DEL EXHOSTO O MOFLE COMPLETO,0.4
FLOW,CAMBIO DEL EXHOSTO O MOFLE COMPLETO,0.4
ADVANCE II LF,CAMBIO DEL EXHOSTO O MOFLE COMPLETO,0.4
ZONTES 155,CAMBIO DEL EXHOSTO O MOFLE COMPLETO,1
ZONTES 310M,CAMBIO DEL EXHOSTO O MOFLE COMPLETO,0.4
SHOCK,CAMBIO DEL EXHOSTO O MOFLE COMPLETO,0.4
TNT150i,CAMBIO DEL EXHOSTO O MOFLE COMPLETO,1
180S,CAMBIO DEL EXHOSTO O MOFLE COMPLETO,1
TNT25N,CAMBIO DEL EXHOSTO O MOFLE COMPLETO,1
LEONCINO 500,CAMBIO DEL EXHOSTO O MOFLE COMPLETO,1
LEONCINO 250,CAMBIO DEL EXHOSTO O MOFLE COMPLETO,1
TRK 500X,CAMBIO DEL EXHOSTO O MOFLE COMPLETO,1
TRK 251,CAMBIO DEL EXHOSTO O MOFLE COMPLETO,1
302 S,CAMBIO DEL EXHOSTO O MOFLE COMPLETO,1
PULSAR 135,CAMBIO Y/O REVISION DEL SENSOR OXIGENO O LAMDA,0.7
Perseo,CAMBIO Y/O REVISION DEL SENSOR OXIGENO O LAMDA,0.7
TITAN,CAMBIO Y/O REVISION DEL SENSOR OXIGENO O LAMDA,0.4
KLX 250,CAMBIO Y/O REVISION DEL SENSOR OXIGENO O LAMDA,0.4
NINJA 250 FI,CAMBIO Y/O REVISION DEL SENSOR OXIGENO O LAMDA,1
Z250,CAMBIO Y/O REVISION DEL SENSOR OXIGENO O LAMDA,1
Z250 SL,CAMBIO Y/O REVISION DEL SENSOR OXIGENO O LAMDA,1
ER-6n,CAMBIO Y/O REVISION DEL SENSOR OXIGENO O LAMDA,1
VENOM 400,CAMBIO Y/O REVISION DEL SENSOR OXIGENO O LAMDA,0.5
ZONTES 155,CAMBIO Y/O REVISION DEL SENSOR OXIGENO O LAMDA,1
ZONTES 310M,CAMBIO Y/O REVISION DEL SENSOR OXIGENO O LAMDA,2
TNT150i,CAMBIO Y/O REVISION DEL SENSOR OXIGENO O LAMDA,0.5
180S,CAMBIO Y/O REVISION DEL SENSOR OXIGENO O LAMDA,0.7
TNT25N,CAMBIO Y/O REVISION DEL SENSOR OXIGENO O LAMDA,0.5
LEONCINO 500,CAMBIO Y/O REVISION DEL SENSOR OXIGENO O LAMDA,0.6
LEONCINO 250,CAMBIO Y/O REVISION DEL SENSOR OXIGENO O LAMDA,0.5
TRK 500X,CAMBIO Y/O REVISION DEL SENSOR OXIGENO O LAMDA,0.6
TRK 251,CAMBIO Y/O REVISION DEL SENSOR OXIGENO O LAMDA,0.5
302 S,CAMBIO Y/O REVISION DEL SENSOR OXIGENO O LAMDA,0.5
TOP BOY,CAMBIO BALINERAS CIGÜEÑAL,5
AGILITY,CAMBIO BALINERAS CIGÜEÑAL,5
AGILITY RS,CAMBIO BALINERAS CIGÜEÑAL,5
AGILITY CITY 150,CAMBIO BALINERAS CIGÜEÑAL,5
BET & WIN,CAMBIO BALINERAS CIGÜEÑAL,6
ACTIV,CAMBIO BALINERAS CIGÜEÑAL,5.5
SPIKE,CAMBIO BALINERAS CIGÜEÑAL,5.5
AGILITY RS  NAKED,CAMBIO BALINERAS CIGÜEÑAL,5
SUPER 8,CAMBIO BALINERAS CIGÜEÑAL,5
GACELA,CAMBIO BALINERAS CIGÜEÑAL,5
CRUCERO             x-town 300,CAMBIO BALINERAS CIGÜEÑAL,5.5
ROCKET,CAMBIO BALINERAS CIGÜEÑAL,5
FLY 125,CAMBIO BALINERAS CIGÜEÑAL,5
TWIST,CAMBIO BALINERAS CIGÜEÑAL,5
JETIX,CAMBIO BALINERAS CIGÜEÑAL,5.5
UNI-K 110,CAMBIO BALINERAS CIGÜEÑAL,5.5
TRACK,CAMBIO BALINERAS CIGÜEÑAL,5.5
PULSAR 135,CAMBIO BALINERAS CIGÜEÑAL,6
Perseo,CAMBIO BALINERAS CIGÜEÑAL,6
PULSAR,CAMBIO BALINERAS CIGÜEÑAL,7.5
PULSAR 180 UG,CAMBIO BALINERAS CIGÜEÑAL,7.5
PULSAR 150,CAMBIO BALINERAS CIGÜEÑAL,7.5
THOR 160,CAMBIO BALINERAS CIGÜEÑAL,7.5
PULSAR 200,CAMBIO BALINERAS CIGÜEÑAL,8
PULSAR 150 NS,CAMBIO BALINERAS CIGÜEÑAL,7
PULSAR 150 AS,CAMBIO BALINERAS CIGÜEÑAL,8.3
PULSAR 200 AS,CAMBIO BALINERAS CIGÜEÑAL,8.3
PULSAR 200 NS,CAMBIO BALINERAS CIGÜEÑAL,8
TITAN,CAMBIO BALINERAS CIGÜEÑAL,9
PULSAR  RS 200,CAMBIO BALINERAS CIGÜEÑAL,9
PULSAR 220,CAMBIO BALINERAS CIGÜEÑAL,7.5
AVENGER 220,CAMBIO BALINERAS CIGÜEÑAL,7.5
XCD,CAMBIO BALINERAS CIGÜEÑAL,5.5
DISCOVER 100,CAMBIO BALINERAS CIGÜEÑAL,5.5
DISCOVER 135,CAMBIO BALINERAS CIGÜEÑAL,6
BOXER,CAMBIO BALINERAS CIGÜEÑAL,5
LEXUS,CAMBIO BALINERAS CIGÜEÑAL,5
DISCOVER 100 5S,CAMBIO BALINERAS CIGÜEÑAL,6
DISCOVER 150,CAMBIO BALINERAS CIGÜEÑAL,6
CHAMPION,CAMBIO BALINERAS CIGÜEÑAL,6
DISCOVER 125 ST,CAMBIO BALINERAS CIGÜEÑAL,6
BOXER BM 100,CAMBIO BALINERAS CIGÜEÑAL,5
BOXER BM 150,CAMBIO BALINERAS CIGÜEÑAL,5.5
BOXER BM 100 ES,CAMBIO BALINERAS CIGÜEÑAL,5.5
PLATINO 125,CAMBIO BALINERAS CIGÜEÑAL,5.5
PLATINO 125 - 5S,CAMBIO BALINERAS CIGÜEÑAL,5.5
PLATINO 100,CAMBIO BALINERAS CIGÜEÑAL,5
PLATINO 110,CAMBIO BALINERAS CIGÜEÑAL,5.5
FAMILLY,CAMBIO BALINERAS CIGÜEÑAL,5.5
MOTOCARRO 4T,CAMBIO BALINERAS CIGÜEÑAL,9
TORITO,CAMBIO BALINERAS CIGÜEÑAL,9
KAZE MAX II,CAMBIO BALINERAS CIGÜEÑAL,5.5
ZX 130- MAGIC II,CAMBIO BALINERAS CIGÜEÑAL,5.5
KMX,CAMBIO BALINERAS CIGÜEÑAL,6
KLX 150,CAMBIO BALINERAS CIGÜEÑAL,6
KLX150  L,CAMBIO BALINERAS CIGÜEÑAL,6
KLX 250,CAMBIO BALINERAS CIGÜEÑAL,7
TRANS-SPORT,CAMBIO BALINERAS CIGÜEÑAL,5.5
MRX 150,CAMBIO BALINERAS CIGÜEÑAL,6
FURAX,CAMBIO BALINERAS CIGÜEÑAL,7.5
BOMBER 125,CAMBIO BALINERAS CIGÜEÑAL,5
BOMBER 250,CAMBIO BALINERAS CIGÜEÑAL,7.5
COMBAT 125,CAMBIO BALINERAS CIGÜEÑAL,5
ZS,CAMBIO BALINERAS CIGÜEÑAL,5
LIFE,CAMBIO BALINERAS CIGÜEÑAL,5
HUNTER,CAMBIO BALINERAS CIGÜEÑAL,5
BLACK,CAMBIO BALINERAS CIGÜEÑAL,5
VENOM 250,CAMBIO BALINERAS CIGÜEÑAL,8
ONE,CAMBIO BALINERAS CIGÜEÑAL,5.5
FLOW,CAMBIO BALINERAS CIGÜEÑAL,5.5
ADVANCE II LF,CAMBIO BALINERAS CIGÜEÑAL,5.5
ZONTES 155,CAMBIO BALINERAS CIGÜEÑAL,7
ZONTES 310M,CAMBIO BALINERAS CIGÜEÑAL,5
SHOCK,CAMBIO BALINERAS CIGÜEÑAL,5.5
TOP BOY,CAMBIO CIGÜEÑAL,5
AGILITY,CAMBIO CIGÜEÑAL,5
AGILITY RS,CAMBIO CIGÜEÑAL,5
AGILITY CITY 150,CAMBIO CIGÜEÑAL,5
BET & WIN,CAMBIO CIGÜEÑAL,6
ACTIV,CAMBIO CIGÜEÑAL,5.5
SPIKE,CAMBIO CIGÜEÑAL,5.5
AGILITY RS  NAKED,CAMBIO CIGÜEÑAL,5
SUPER 8,CAMBIO CIGÜEÑAL,5
GACELA,CAMBIO CIGÜEÑAL,5
CRUCERO             x-town 300,CAMBIO CIGÜEÑAL,5.5
ROCKET,CAMBIO CIGÜEÑAL,5
FLY 125,CAMBIO CIGÜEÑAL,5
TWIST,CAMBIO CIGÜEÑAL,5
JETIX,CAMBIO CIGÜEÑAL,5.5
UNI-K 110,CAMBIO CIGÜEÑAL,5.5
TRACK,CAMBIO CIGÜEÑAL,5.5
PULSAR 135,CAMBIO CIGÜEÑAL,6
Perseo,CAMBIO CIGÜEÑAL,6
PULSAR,CAMBIO CIGÜEÑAL,7.5
PULSAR 180 UG,CAMBIO CIGÜEÑAL,7.5
PULSAR 150,CAMBIO CIGÜEÑAL,7.5
THOR 160,CAMBIO CIGÜEÑAL,7.5
PULSAR 200,CAMBIO CIGÜEÑAL,8
PULSAR 150 NS,CAMBIO CIGÜEÑAL,7
PULSAR 150 AS,CAMBIO CIGÜEÑAL,8.3
PULSAR 200 AS,CAMBIO CIGÜEÑAL,8.3
PULSAR 200 NS,CAMBIO CIGÜEÑAL,8
TITAN,CAMBIO CIGÜEÑAL,9
PULSAR  RS 200,CAMBIO CIGÜEÑAL,9
PULSAR 220,CAMBIO CIGÜEÑAL,7.5
AVENGER 220,CAMBIO CIGÜEÑAL,7.5
XCD,CAMBIO CIGÜEÑAL,5.5
DISCOVER 100,CAMBIO CIGÜEÑAL,5.5
DISCOVER 135,CAMBIO CIGÜEÑAL,6
BOXER,CAMBIO CIGÜEÑAL,5
LEXUS,CAMBIO CIGÜEÑAL,5
DISCOVER 100 5S,CAMBIO CIGÜEÑAL,6
DISCOVER 150,CAMBIO CIGÜEÑAL,6
CHAMPION,CAMBIO CIGÜEÑAL,6
DISCOVER 125 ST,CAMBIO CIGÜEÑAL,6
BOXER BM 100,CAMBIO CIGÜEÑAL,5
BOXER BM 150,CAMBIO CIGÜEÑAL,5.5
BOXER BM 100 ES,CAMBIO CIGÜEÑAL,5.5
PLATINO 125,CAMBIO CIGÜEÑAL,5.5
PLATINO 125 - 5S,CAMBIO CIGÜEÑAL,5.5
PLATINO 100,CAMBIO CIGÜEÑAL,5
PLATINO 110,CAMBIO CIGÜEÑAL,5.5
FAMILLY,CAMBIO CIGÜEÑAL,5.5
MOTOCARRO 4T,CAMBIO CIGÜEÑAL,9
TORITO,CAMBIO CIGÜEÑAL,9
KAZE MAX II,CAMBIO CIGÜEÑAL,5.5
ZX 130- MAGIC II,CAMBIO CIGÜEÑAL,5.5
KMX,CAMBIO CIGÜEÑAL,6
KLX 150,CAMBIO CIGÜEÑAL,6
KLX150  L,CAMBIO CIGÜEÑAL,6
KLX 250,CAMBIO CIGÜEÑAL,7
NINJA 250,CAMBIO CIGÜEÑAL,10
NINJA 250 FI,CAMBIO CIGÜEÑAL,10
Z250,CAMBIO CIGÜEÑAL,10
Z250 SL,CAMBIO CIGÜEÑAL,9.7
ER-6n,CAMBIO CIGÜEÑAL,12
TRANS-SPORT,CAMBIO CIGÜEÑAL,5.5
MRX 150,CAMBIO CIGÜEÑAL,6
FURAX,CAMBIO CIGÜEÑAL,7.5
BOMBER 125,CAMBIO CIGÜEÑAL,5
BOMBER 250,CAMBIO CIGÜEÑAL,7.5
COMBAT 125,CAMBIO CIGÜEÑAL,5
ZS,CAMBIO CIGÜEÑAL,5
LIFE,CAMBIO CIGÜEÑAL,5
HUNTER,CAMBIO CIGÜEÑAL,5
BLACK,CAMBIO CIGÜEÑAL,5
VENOM 400,CAMBIO CIGÜEÑAL,11.5
VENOM 250,CAMBIO CIGÜEÑAL,8
ONE,CAMBIO CIGÜEÑAL,5.5
FLOW,CAMBIO CIGÜEÑAL,5.5
ADVANCE II LF,CAMBIO CIGÜEÑAL,5.5
ZONTES 155,CAMBIO CIGÜEÑAL,9
ZONTES 310M,CAMBIO CIGÜEÑAL,5
SHOCK,CAMBIO CIGÜEÑAL,5.5
TNT150i,CAMBIO CIGÜEÑAL,9
180S,CAMBIO CIGÜEÑAL,9
TNT25N,CAMBIO CIGÜEÑAL,10
LEONCINO 500,CAMBIO CIGÜEÑAL,11
LEONCINO 250,CAMBIO CIGÜEÑAL,10
TRK 500X,CAMBIO CIGÜEÑAL,12
TRK 251,CAMBIO CIGÜEÑAL,10
302 S,CAMBIO CIGÜEÑAL,10
TOP BOY,CAMBIO RETEN LADO VOLANTE,4
AGILITY,CAMBIO RETEN LADO VOLANTE,3
AGILITY RS,CAMBIO RETEN LADO VOLANTE,3
AGILITY CITY 150,CAMBIO RETEN LADO VOLANTE,3
ACTIV,CAMBIO RETEN LADO VOLANTE,2
SPIKE,CAMBIO RETEN LADO VOLANTE,2
AGILITY RS  NAKED,CAMBIO RETEN LADO VOLANTE,3
SUPER 8,CAMBIO RETEN LADO VOLANTE,3
GACELA,CAMBIO RETEN LADO VOLANTE,3
ROCKET,CAMBIO RETEN LADO VOLANTE,3
FLY 125,CAMBIO RETEN LADO VOLANTE,3
TWIST,CAMBIO RETEN LADO VOLANTE,3
JETIX,CAMBIO RETEN LADO VOLANTE,2
UNI-K 110,CAMBIO RETEN LADO VOLANTE,2
TRACK,CAMBIO RETEN LADO VOLANTE,2
PULSAR,CAMBIO RETEN LADO VOLANTE,2
PULSAR 180 UG,CAMBIO RETEN LADO VOLANTE,2
PULSAR 150,CAMBIO RETEN LADO VOLANTE,2
THOR 160,CAMBIO RETEN LADO VOLANTE,2
PULSAR 220,CAMBIO RETEN LADO VOLANTE,2
AVENGER 220,CAMBIO RETEN LADO VOLANTE,2
DISCOVER 135,CAMBIO RETEN LADO VOLANTE,6
BOXER,CAMBIO RETEN LADO VOLANTE,1.5
LEXUS,CAMBIO RETEN LADO VOLANTE,NA
BOXER BM 100,CAMBIO RETEN LADO VOLANTE,1.5
PLATINO 100,CAMBIO RETEN LADO VOLANTE,1.5
MOTOCARRO 4T,CAMBIO RETEN LADO VOLANTE,9
TORITO,CAMBIO RETEN LADO VOLANTE,9
KMX,CAMBIO RETEN LADO VOLANTE,6
FURAX,CAMBIO RETEN LADO VOLANTE,1.5
BOMBER 125,CAMBIO RETEN LADO VOLANTE,1.5
COMBAT 125,CAMBIO RETEN LADO VOLANTE,1.5
ZS,CAMBIO RETEN LADO VOLANTE,3
LIFE,CAMBIO RETEN LADO VOLANTE,3
HUNTER,CAMBIO RETEN LADO VOLANTE,3
BLACK,CAMBIO RETEN LADO VOLANTE,3
ONE,CAMBIO RETEN LADO VOLANTE,2
FLOW,CAMBIO RETEN LADO VOLANTE,2
ADVANCE II LF,CAMBIO RETEN LADO VOLANTE,2
ZONTES 155,CAMBIO RETEN LADO VOLANTE,7
ZONTES 310M,CAMBIO RETEN LADO VOLANTE,3
SHOCK,CAMBIO RETEN LADO VOLANTE,2
TOP BOY,CAMBIO RETEN LADO CLUTCH,4
AGILITY,CAMBIO RETEN LADO CLUTCH,5
AGILITY RS,CAMBIO RETEN LADO CLUTCH,5
AGILITY CITY 150,CAMBIO RETEN LADO CLUTCH,5
BET & WIN,CAMBIO RETEN LADO CLUTCH,6
AGILITY RS  NAKED,CAMBIO RETEN LADO CLUTCH,5
SUPER 8,CAMBIO RETEN LADO CLUTCH,5
GACELA,CAMBIO RETEN LADO CLUTCH,5
CRUCERO             x-town 300,CAMBIO RETEN LADO CLUTCH,7
ROCKET,CAMBIO RETEN LADO CLUTCH,5
FLY 125,CAMBIO RETEN LADO CLUTCH,5
TWIST,CAMBIO RETEN LADO CLUTCH,5
KMX,CAMBIO RETEN LADO CLUTCH,3
ZS,CAMBIO RETEN LADO CLUTCH,5
LIFE,CAMBIO RETEN LADO CLUTCH,5
HUNTER,CAMBIO RETEN LADO CLUTCH,2
BLACK,CAMBIO RETEN LADO CLUTCH,2
ZONTES 310M,CAMBIO RETEN LADO CLUTCH,2
TOP BOY,CAMBIO CARCASA CENTRO DE MOTOR DERECHA,5
AGILITY,CAMBIO CARCASA CENTRO DE MOTOR DERECHA,5
AGILITY RS,CAMBIO CARCASA CENTRO DE MOTOR DERECHA,5
AGILITY CITY 150,CAMBIO CARCASA CENTRO DE MOTOR DERECHA,5
BET & WIN,CAMBIO CARCASA CENTRO DE MOTOR DERECHA,6
ACTIV,CAMBIO CARCASA CENTRO DE MOTOR DERECHA,5.5
SPIKE,CAMBIO CARCASA CENTRO DE MOTOR DERECHA,5.5
AGILITY RS  NAKED,CAMBIO CARCASA CENTRO DE MOTOR DERECHA,5
SUPER 8,CAMBIO CARCASA CENTRO DE MOTOR DERECHA,5
GACELA,CAMBIO CARCASA CENTRO DE MOTOR DERECHA,5
CRUCERO             x-town 300,CAMBIO CARCASA CENTRO DE MOTOR DERECHA,8
ROCKET,CAMBIO CARCASA CENTRO DE MOTOR DERECHA,5
FLY 125,CAMBIO CARCASA CENTRO DE MOTOR DERECHA,5
TWIST,CAMBIO CARCASA CENTRO DE MOTOR DERECHA,5
JETIX,CAMBIO CARCASA CENTRO DE MOTOR DERECHA,5.5
UNI-K 110,CAMBIO CARCASA CENTRO DE MOTOR DERECHA,5.5
TRACK,CAMBIO CARCASA CENTRO DE MOTOR DERECHA,5.5
PULSAR 135,CAMBIO CARCASA CENTRO DE MOTOR DERECHA,6.5
Perseo,CAMBIO CARCASA CENTRO DE MOTOR DERECHA,6.5
PULSAR,CAMBIO CARCASA CENTRO DE MOTOR DERECHA,8
PULSAR 180 UG,CAMBIO CARCASA CENTRO DE MOTOR DERECHA,8
PULSAR 150,CAMBIO CARCASA CENTRO DE MOTOR DERECHA,8
THOR 160,CAMBIO CARCASA CENTRO DE MOTOR DERECHA,8
PULSAR 200,CAMBIO CARCASA CENTRO DE MOTOR DERECHA,8.5
PULSAR 150 NS,CAMBIO CARCASA CENTRO DE MOTOR DERECHA,7.5
PULSAR 150 AS,CAMBIO CARCASA CENTRO DE MOTOR DERECHA,8.8
PULSAR 200 AS,CAMBIO CARCASA CENTRO DE MOTOR DERECHA,8.8
PULSAR 200 NS,CAMBIO CARCASA CENTRO DE MOTOR DERECHA,8.5
TITAN,CAMBIO CARCASA CENTRO DE MOTOR DERECHA,9.5
PULSAR  RS 200,CAMBIO CARCASA CENTRO DE MOTOR DERECHA,9.5
PULSAR 220,CAMBIO CARCASA CENTRO DE MOTOR DERECHA,8
AVENGER 220,CAMBIO CARCASA CENTRO DE MOTOR DERECHA,8
XCD,CAMBIO CARCASA CENTRO DE MOTOR DERECHA,6
DISCOVER 100,CAMBIO CARCASA CENTRO DE MOTOR DERECHA,6
DISCOVER 135,CAMBIO CARCASA CENTRO DE MOTOR DERECHA,6.5
BOXER,CAMBIO CARCASA CENTRO DE MOTOR DERECHA,5.5
LEXUS,CAMBIO CARCASA CENTRO DE MOTOR DERECHA,5.5
DISCOVER 100 5S,CAMBIO CARCASA CENTRO DE MOTOR DERECHA,6.5
DISCOVER 150,CAMBIO CARCASA CENTRO DE MOTOR DERECHA,6.5
CHAMPION,CAMBIO CARCASA CENTRO DE MOTOR DERECHA,6.5
DISCOVER 125 ST,CAMBIO CARCASA CENTRO DE MOTOR DERECHA,6.5
BOXER BM 100,CAMBIO CARCASA CENTRO DE MOTOR DERECHA,5.5
BOXER BM 150,CAMBIO CARCASA CENTRO DE MOTOR DERECHA,6
BOXER BM 100 ES,CAMBIO CARCASA CENTRO DE MOTOR DERECHA,6
PLATINO 125,CAMBIO CARCASA CENTRO DE MOTOR DERECHA,6
PLATINO 125 - 5S,CAMBIO CARCASA CENTRO DE MOTOR DERECHA,6
PLATINO 100,CAMBIO CARCASA CENTRO DE MOTOR DERECHA,5.5
PLATINO 110,CAMBIO CARCASA CENTRO DE MOTOR DERECHA,6
FAMILLY,CAMBIO CARCASA CENTRO DE MOTOR DERECHA,6
ZX 130- MAGIC II,CAMBIO CARCASA CENTRO DE MOTOR DERECHA,5.5
KMX,CAMBIO CARCASA CENTRO DE MOTOR DERECHA,6
KLX 150,CAMBIO CARCASA CENTRO DE MOTOR DERECHA,6
KLX150  L,CAMBIO CARCASA CENTRO DE MOTOR DERECHA,6
KLX 250,CAMBIO CARCASA CENTRO DE MOTOR DERECHA,7
MRX 150,CAMBIO CARCASA CENTRO DE MOTOR DERECHA,6
BOMBER 125,CAMBIO CARCASA CENTRO DE MOTOR DERECHA,5.5
BOMBER 250,CAMBIO CARCASA CENTRO DE MOTOR DERECHA,7.5
COMBAT 125,CAMBIO CARCASA CENTRO DE MOTOR DERECHA,5.5
ZS,CAMBIO CARCASA CENTRO DE MOTOR DERECHA,5
LIFE,CAMBIO CARCASA CENTRO DE MOTOR DERECHA,5
HUNTER,CAMBIO CARCASA CENTRO DE MOTOR DERECHA,5
BLACK,CAMBIO CARCASA CENTRO DE MOTOR DERECHA,5
VENOM 250,CAMBIO CARCASA CENTRO DE MOTOR DERECHA,8.5
ONE,CAMBIO CARCASA CENTRO DE MOTOR DERECHA,5.5
FLOW,CAMBIO CARCASA CENTRO DE MOTOR DERECHA,5.5
ADVANCE II LF,CAMBIO CARCASA CENTRO DE MOTOR DERECHA,5.5
ZONTES 155,CAMBIO CARCASA CENTRO DE MOTOR DERECHA,7
ZONTES 310M,CAMBIO CARCASA CENTRO DE MOTOR DERECHA,5
SHOCK,CAMBIO CARCASA CENTRO DE MOTOR DERECHA,5.5
TOP BOY,CAMBIO CARCASA CENTRO DE MOTOR IZQUIERDA,6
AGILITY,CAMBIO CARCASA CENTRO DE MOTOR IZQUIERDA,6
AGILITY RS,CAMBIO CARCASA CENTRO DE MOTOR IZQUIERDA,6
AGILITY CITY 150,CAMBIO CARCASA CENTRO DE MOTOR IZQUIERDA,6
BET & WIN,CAMBIO CARCASA CENTRO DE MOTOR IZQUIERDA,7
ACTIV,CAMBIO CARCASA CENTRO DE MOTOR IZQUIERDA,5.5
SPIKE,CAMBIO CARCASA CENTRO DE MOTOR IZQUIERDA,5.5
AGILITY RS  NAKED,CAMBIO CARCASA CENTRO DE MOTOR IZQUIERDA,6
SUPER 8,CAMBIO CARCASA CENTRO DE MOTOR IZQUIERDA,6
GACELA,CAMBIO CARCASA CENTRO DE MOTOR IZQUIERDA,6
CRUCERO             x-town 300,CAMBIO CARCASA CENTRO DE MOTOR IZQUIERDA,8
ROCKET,CAMBIO CARCASA CENTRO DE MOTOR IZQUIERDA,6
FLY 125,CAMBIO CARCASA CENTRO DE MOTOR IZQUIERDA,6
TWIST,CAMBIO CARCASA CENTRO DE MOTOR IZQUIERDA,6
JETIX,CAMBIO CARCASA CENTRO DE MOTOR IZQUIERDA,5.5
UNI-K 110,CAMBIO CARCASA CENTRO DE MOTOR IZQUIERDA,5.5
TRACK,CAMBIO CARCASA CENTRO DE MOTOR IZQUIERDA,5.5
PULSAR 135,CAMBIO CARCASA CENTRO DE MOTOR IZQUIERDA,6.5
Perseo,CAMBIO CARCASA CENTRO DE MOTOR IZQUIERDA,6.5
PULSAR,CAMBIO CARCASA CENTRO DE MOTOR IZQUIERDA,8
PULSAR 180 UG,CAMBIO CARCASA CENTRO DE MOTOR IZQUIERDA,8
PULSAR 150,CAMBIO CARCASA CENTRO DE MOTOR IZQUIERDA,8
THOR 160,CAMBIO CARCASA CENTRO DE MOTOR IZQUIERDA,8
PULSAR 200,CAMBIO CARCASA CENTRO DE MOTOR IZQUIERDA,8.5
PULSAR 150 NS,CAMBIO CARCASA CENTRO DE MOTOR IZQUIERDA,7.5
PULSAR 150 AS,CAMBIO CARCASA CENTRO DE MOTOR IZQUIERDA,8.8
PULSAR 200 AS,CAMBIO CARCASA CENTRO DE MOTOR IZQUIERDA,8.8
PULSAR 200 NS,CAMBIO CARCASA CENTRO DE MOTOR IZQUIERDA,8.5
TITAN,CAMBIO CARCASA CENTRO DE MOTOR IZQUIERDA,9.5
PULSAR  RS 200,CAMBIO CARCASA CENTRO DE MOTOR IZQUIERDA,9.5
PULSAR 220,CAMBIO CARCASA CENTRO DE MOTOR IZQUIERDA,8
AVENGER 220,CAMBIO CARCASA CENTRO DE MOTOR IZQUIERDA,8
XCD,CAMBIO CARCASA CENTRO DE MOTOR IZQUIERDA,6
DISCOVER 100,CAMBIO CARCASA CENTRO DE MOTOR IZQUIERDA,6
DISCOVER 135,CAMBIO CARCASA CENTRO DE MOTOR IZQUIERDA,6.5
BOXER,CAMBIO CARCASA CENTRO DE MOTOR IZQUIERDA,5.5
LEXUS,CAMBIO CARCASA CENTRO DE MOTOR IZQUIERDA,5.5
DISCOVER 100 5S,CAMBIO CARCASA CENTRO DE MOTOR IZQUIERDA,6.5
DISCOVER 150,CAMBIO CARCASA CENTRO DE MOTOR IZQUIERDA,6.5
CHAMPION,CAMBIO CARCASA CENTRO DE MOTOR IZQUIERDA,6.5
DISCOVER 125 ST,CAMBIO CARCASA CENTRO DE MOTOR IZQUIERDA,6.5
BOXER BM 100,CAMBIO CARCASA CENTRO DE MOTOR IZQUIERDA,5.5
BOXER BM 150,CAMBIO CARCASA CENTRO DE MOTOR IZQUIERDA,6
BOXER BM 100 ES,CAMBIO CARCASA CENTRO DE MOTOR IZQUIERDA,6
PLATINO 125,CAMBIO CARCASA CENTRO DE MOTOR IZQUIERDA,6
PLATINO 125 - 5S,CAMBIO CARCASA CENTRO DE MOTOR IZQUIERDA,6
PLATINO 100,CAMBIO CARCASA CENTRO DE MOTOR IZQUIERDA,5.5
PLATINO 110,CAMBIO CARCASA CENTRO DE MOTOR IZQUIERDA,6
FAMILLY,CAMBIO CARCASA CENTRO DE MOTOR IZQUIERDA,6
MOTOCARRO 4T,CAMBIO CARCASA CENTRO DE MOTOR IZQUIERDA,10
TORITO,CAMBIO CARCASA CENTRO DE MOTOR IZQUIERDA,10
KAZE MAX II,CAMBIO CARCASA CENTRO DE MOTOR IZQUIERDA,6
ZX 130- MAGIC II,CAMBIO CARCASA CENTRO DE MOTOR IZQUIERDA,5.5
KMX,CAMBIO CARCASA CENTRO DE MOTOR IZQUIERDA,6
KLX 150,CAMBIO CARCASA CENTRO DE MOTOR IZQUIERDA,6
KLX150  L,CAMBIO CARCASA CENTRO DE MOTOR IZQUIERDA,6
KLX 250,CAMBIO CARCASA CENTRO DE MOTOR IZQUIERDA,7
NINJA 250,CAMBIO CARCASA CENTRO DE MOTOR IZQUIERDA,10
NINJA 250 FI,CAMBIO CARCASA CENTRO DE MOTOR IZQUIERDA,10
Z250,CAMBIO CARCASA CENTRO DE MOTOR IZQUIERDA,10
Z250 SL,CAMBIO CARCASA CENTRO DE MOTOR IZQUIERDA,9.7
ER-6n,CAMBIO CARCASA CENTRO DE MOTOR IZQUIERDA,12
TRANS-SPORT,CAMBIO CARCASA CENTRO DE MOTOR IZQUIERDA,6
MRX 150,CAMBIO CARCASA CENTRO DE MOTOR IZQUIERDA,6
FURAX,CAMBIO CARCASA CENTRO DE MOTOR IZQUIERDA,8
BOMBER 125,CAMBIO CARCASA CENTRO DE MOTOR IZQUIERDA,5.5
BOMBER 250,CAMBIO CARCASA CENTRO DE MOTOR IZQUIERDA,7.5
COMBAT 125,CAMBIO CARCASA CENTRO DE MOTOR IZQUIERDA,5.5
ZS,CAMBIO CARCASA CENTRO DE MOTOR IZQUIERDA,6
LIFE,CAMBIO CARCASA CENTRO DE MOTOR IZQUIERDA,6
HUNTER,CAMBIO CARCASA CENTRO DE MOTOR IZQUIERDA,5
BLACK,CAMBIO CARCASA CENTRO DE MOTOR IZQUIERDA,5
VENOM 250,CAMBIO CARCASA CENTRO DE MOTOR IZQUIERDA,8.5
ONE,CAMBIO CARCASA CENTRO DE MOTOR IZQUIERDA,5.5
FLOW,CAMBIO CARCASA CENTRO DE MOTOR IZQUIERDA,5.5
ADVANCE II LF,CAMBIO CARCASA CENTRO DE MOTOR IZQUIERDA,5.5
ZONTES 155,CAMBIO CARCASA CENTRO DE MOTOR IZQUIERDA,7
ZONTES 310M,CAMBIO CARCASA CENTRO DE MOTOR IZQUIERDA,5
SHOCK,CAMBIO CARCASA CENTRO DE MOTOR IZQUIERDA,5.5
TNT150i,CAMBIO CARCASA CENTRO DE MOTOR IZQUIERDA,9
180S,CAMBIO CARCASA CENTRO DE MOTOR IZQUIERDA,9
TNT25N,CAMBIO CARCASA CENTRO DE MOTOR IZQUIERDA,10
LEONCINO 500,CAMBIO CARCASA CENTRO DE MOTOR IZQUIERDA,11
LEONCINO 250,CAMBIO CARCASA CENTRO DE MOTOR IZQUIERDA,10
TRK 500X,CAMBIO CARCASA CENTRO DE MOTOR IZQUIERDA,12
TRK 251,CAMBIO CARCASA CENTRO DE MOTOR IZQUIERDA,10
302 S,CAMBIO CARCASA CENTRO DE MOTOR IZQUIERDA,10
NINJA 250,CAMBIO DE CASQUETES DE CIGÜEÑAL O BANCADA,10
NINJA 250 FI,CAMBIO DE CASQUETES DE CIGÜEÑAL O BANCADA,10
Z250,CAMBIO DE CASQUETES DE CIGÜEÑAL O BANCADA,10
Z250 SL,CAMBIO DE CASQUETES DE CIGÜEÑAL O BANCADA,9.7
ER-6n,CAMBIO DE CASQUETES DE CIGÜEÑAL O BANCADA,12
VENOM 400,CAMBIO DE CASQUETES DE CIGÜEÑAL O BANCADA,11.5
TNT150i,CAMBIO DE CASQUETES DE CIGÜEÑAL O BANCADA,9
180S,CAMBIO DE CASQUETES DE CIGÜEÑAL O BANCADA,9
TNT25N,CAMBIO DE CASQUETES DE CIGÜEÑAL O BANCADA,10
LEONCINO 500,CAMBIO DE CASQUETES DE CIGÜEÑAL O BANCADA,11
LEONCINO 250,CAMBIO DE CASQUETES DE CIGÜEÑAL O BANCADA,10
TRK 500X,CAMBIO DE CASQUETES DE CIGÜEÑAL O BANCADA,12
TRK 251,CAMBIO DE CASQUETES DE CIGÜEÑAL O BANCADA,10
302 S,CAMBIO DE CASQUETES DE CIGÜEÑAL O BANCADA,10
MOTOCARRO 4T,CAMBIO DE BIELAS,9
TORITO,CAMBIO DE BIELAS,9
KAZE MAX II,CAMBIO DE BIELAS,5.5
ZX 130- MAGIC II,CAMBIO DE BIELAS,5.5
KMX,CAMBIO DE BIELAS,6
KLX 150,CAMBIO DE BIELAS,6
KLX150  L,CAMBIO DE BIELAS,6
KLX 250,CAMBIO DE BIELAS,7
NINJA 250,CAMBIO DE BIELAS,10
NINJA 250 FI,CAMBIO DE BIELAS,10
Z250,CAMBIO DE BIELAS,10
Z250 SL,CAMBIO DE BIELAS,9.7
ER-6n,CAMBIO DE BIELAS,12
TRANS-SPORT,CAMBIO DE BIELAS,5.5
MRX 150,CAMBIO DE BIELAS,6
FURAX,CAMBIO DE BIELAS,7.5
VENOM 400,CAMBIO DE BIELAS,11.5
ZONTES 155,CAMBIO DE BIELAS,7
TNT150i,CAMBIO DE BIELAS,9
180S,CAMBIO DE BIELAS,9
TNT25N,CAMBIO DE BIELAS,10
LEONCINO 500,CAMBIO DE BIELAS,11
LEONCINO 250,CAMBIO DE BIELAS,10
TRK 500X,CAMBIO DE BIELAS,12
TRK 251,CAMBIO DE BIELAS,10
302 S,CAMBIO DE BIELAS,10
NINJA 250,CAMBIO DE CASQUETES DE BIELA,10
NINJA 250 FI,CAMBIO DE CASQUETES DE BIELA,10
Z250,CAMBIO DE CASQUETES DE BIELA,10
Z250 SL,CAMBIO DE CASQUETES DE BIELA,9.7
ER-6n,CAMBIO DE CASQUETES DE BIELA,12
VENOM 400,CAMBIO DE CASQUETES DE BIELA,11.5
TNT150i,CAMBIO DE CASQUETES DE BIELA,9
180S,CAMBIO DE CASQUETES DE BIELA,9
TNT25N,CAMBIO DE CASQUETES DE BIELA,10
LEONCINO 500,CAMBIO DE CASQUETES DE BIELA,11
LEONCINO 250,CAMBIO DE CASQUETES DE BIELA,10
TRK 500X,CAMBIO DE CASQUETES DE BIELA,12
TRK 251,CAMBIO DE CASQUETES DE BIELA,10
302 S,CAMBIO DE CASQUETES DE BIELA,10
NINJA 250,CAMBIO Y/O REVISION DEL SENSOR  DEL CIGÜEÑAL,1
Z250,CAMBIO Y/O REVISION DEL SENSOR  DEL CIGÜEÑAL,1
Z250 SL,CAMBIO Y/O REVISION DEL SENSOR  DEL CIGÜEÑAL,1
ER-6n,CAMBIO Y/O REVISION DEL SENSOR  DEL CIGÜEÑAL,2
BOMBER 250,CAMBIO Y/O REVISION DEL SENSOR  DEL CIGÜEÑAL,1
VENOM 400,CAMBIO Y/O REVISION DEL SENSOR  DEL CIGÜEÑAL,1
ZONTES 155,CAMBIO Y/O REVISION DEL SENSOR  DEL CIGÜEÑAL,1
TNT150i,CAMBIO Y/O REVISION DEL SENSOR  DEL CIGÜEÑAL,1
180S,CAMBIO Y/O REVISION DEL SENSOR  DEL CIGÜEÑAL,1
TNT25N,CAMBIO Y/O REVISION DEL SENSOR  DEL CIGÜEÑAL,1
LEONCINO 500,CAMBIO Y/O REVISION DEL SENSOR  DEL CIGÜEÑAL,2
LEONCINO 250,CAMBIO Y/O REVISION DEL SENSOR  DEL CIGÜEÑAL,1
TRK 500X,CAMBIO Y/O REVISION DEL SENSOR  DEL CIGÜEÑAL,2
TRK 251,CAMBIO Y/O REVISION DEL SENSOR  DEL CIGÜEÑAL,1
302 S,CAMBIO Y/O REVISION DEL SENSOR  DEL CIGÜEÑAL,1
TOP BOY,CAMBIO EMPAQUE  CENTRO MOTOR,5
AGILITY,CAMBIO EMPAQUE  CENTRO MOTOR,4.5
AGILITY RS,CAMBIO EMPAQUE  CENTRO MOTOR,4.5
AGILITY CITY 150,CAMBIO EMPAQUE  CENTRO MOTOR,4.5
BET & WIN,CAMBIO EMPAQUE  CENTRO MOTOR,5.5
ACTIV,CAMBIO EMPAQUE  CENTRO MOTOR,5
SPIKE,CAMBIO EMPAQUE  CENTRO MOTOR,5
AGILITY RS  NAKED,CAMBIO EMPAQUE  CENTRO MOTOR,4.5
SUPER 8,CAMBIO EMPAQUE  CENTRO MOTOR,4.5
GACELA,CAMBIO EMPAQUE  CENTRO MOTOR,4.5
CRUCERO             x-town 300,CAMBIO EMPAQUE  CENTRO MOTOR,6
ROCKET,CAMBIO EMPAQUE  CENTRO MOTOR,4.5
FLY 125,CAMBIO EMPAQUE  CENTRO MOTOR,4.5
TWIST,CAMBIO EMPAQUE  CENTRO MOTOR,4.5
JETIX,CAMBIO EMPAQUE  CENTRO MOTOR,5
UNI-K 110,CAMBIO EMPAQUE  CENTRO MOTOR,5
TRACK,CAMBIO EMPAQUE  CENTRO MOTOR,5
PULSAR 135,CAMBIO EMPAQUE  CENTRO MOTOR,5.5
Perseo,CAMBIO EMPAQUE  CENTRO MOTOR,5.5
PULSAR,CAMBIO EMPAQUE  CENTRO MOTOR,7
PULSAR 180 UG,CAMBIO EMPAQUE  CENTRO MOTOR,7
PULSAR 150,CAMBIO EMPAQUE  CENTRO MOTOR,7
THOR 160,CAMBIO EMPAQUE  CENTRO MOTOR,7
PULSAR 200,CAMBIO EMPAQUE  CENTRO MOTOR,7.5
PULSAR 150 NS,CAMBIO EMPAQUE  CENTRO MOTOR,6.5
PULSAR 150 AS,CAMBIO EMPAQUE  CENTRO MOTOR,7.8
PULSAR 200 AS,CAMBIO EMPAQUE  CENTRO MOTOR,7.8
PULSAR 200 NS,CAMBIO EMPAQUE  CENTRO MOTOR,7.5
TITAN,CAMBIO EMPAQUE  CENTRO MOTOR,8.5
PULSAR  RS 200,CAMBIO EMPAQUE  CENTRO MOTOR,8.5
PULSAR 220,CAMBIO EMPAQUE  CENTRO MOTOR,7
AVENGER 220,CAMBIO EMPAQUE  CENTRO MOTOR,7
DISCOVER 100,CAMBIO EMPAQUE  CENTRO MOTOR,5
DISCOVER 135,CAMBIO EMPAQUE  CENTRO MOTOR,5.5
BOXER,CAMBIO EMPAQUE  CENTRO MOTOR,4
LEXUS,CAMBIO EMPAQUE  CENTRO MOTOR,4
DISCOVER 100 5S,CAMBIO EMPAQUE  CENTRO MOTOR,5.5
CHAMPION,CAMBIO EMPAQUE  CENTRO MOTOR,5.5
DISCOVER 125 ST,CAMBIO EMPAQUE  CENTRO MOTOR,5.5
BOXER BM 100,CAMBIO EMPAQUE  CENTRO MOTOR,4
BOXER BM 150,CAMBIO EMPAQUE  CENTRO MOTOR,5
BOXER BM 100 ES,CAMBIO EMPAQUE  CENTRO MOTOR,5
PLATINO 125,CAMBIO EMPAQUE  CENTRO MOTOR,5
PLATINO 125 - 5S,CAMBIO EMPAQUE  CENTRO MOTOR,5
PLATINO 100,CAMBIO EMPAQUE  CENTRO MOTOR,5
MOTOCARRO 4T,CAMBIO EMPAQUE  CENTRO MOTOR,8.5
TORITO,CAMBIO EMPAQUE  CENTRO MOTOR,8.5
TRANS-SPORT,CAMBIO EMPAQUE  CENTRO MOTOR,5.5
FURAX,CAMBIO EMPAQUE  CENTRO MOTOR,7.5
BOMBER 125,CAMBIO EMPAQUE  CENTRO MOTOR,4.5
BOMBER 250,CAMBIO EMPAQUE  CENTRO MOTOR,7.5
COMBAT 125,CAMBIO EMPAQUE  CENTRO MOTOR,4.5
ZS,CAMBIO EMPAQUE  CENTRO MOTOR,4.5
LIFE,CAMBIO EMPAQUE  CENTRO MOTOR,4.5
HUNTER,CAMBIO EMPAQUE  CENTRO MOTOR,4.5
BLACK,CAMBIO EMPAQUE  CENTRO MOTOR,4.5
VENOM 250,CAMBIO EMPAQUE  CENTRO MOTOR,7.5
ONE,CAMBIO EMPAQUE  CENTRO MOTOR,5
FLOW,CAMBIO EMPAQUE  CENTRO MOTOR,5
ADVANCE II LF,CAMBIO EMPAQUE  CENTRO MOTOR,5
ZONTES 155,CAMBIO EMPAQUE  CENTRO MOTOR,4
ZONTES 310M,CAMBIO EMPAQUE  CENTRO MOTOR,4.5
SHOCK,CAMBIO EMPAQUE  CENTRO MOTOR,5
ACTIV,CAMBIO Y/O REPARACIÓN DISCOS DE CLUTCH,2
SPIKE,CAMBIO Y/O REPARACIÓN DISCOS DE CLUTCH,2
JETIX,CAMBIO Y/O REPARACIÓN DISCOS DE CLUTCH,2
UNI-K 110,CAMBIO Y/O REPARACIÓN DISCOS DE CLUTCH,2
TRACK,CAMBIO Y/O REPARACIÓN DISCOS DE CLUTCH,2
PULSAR 135,CAMBIO Y/O REPARACIÓN DISCOS DE CLUTCH,1.5
Perseo,CAMBIO Y/O REPARACIÓN DISCOS DE CLUTCH,1.5
PULSAR,CAMBIO Y/O REPARACIÓN DISCOS DE CLUTCH,1.5
PULSAR 180 UG,CAMBIO Y/O REPARACIÓN DISCOS DE CLUTCH,1.5
PULSAR 150,CAMBIO Y/O REPARACIÓN DISCOS DE CLUTCH,1.5
THOR 160,CAMBIO Y/O REPARACIÓN DISCOS DE CLUTCH,1.5
PULSAR 200,CAMBIO Y/O REPARACIÓN DISCOS DE CLUTCH,1.5
PULSAR 150 NS,CAMBIO Y/O REPARACIÓN DISCOS DE CLUTCH,1.5
PULSAR 150 AS,CAMBIO Y/O REPARACIÓN DISCOS DE CLUTCH,1.5
PULSAR 200 AS,CAMBIO Y/O REPARACIÓN DISCOS DE CLUTCH,1.5
PULSAR 200 NS,CAMBIO Y/O REPARACIÓN DISCOS DE CLUTCH,1.5
TITAN,CAMBIO Y/O REPARACIÓN DISCOS DE CLUTCH,1.6
PULSAR  RS 200,CAMBIO Y/O REPARACIÓN DISCOS DE CLUTCH,1.6
PULSAR 220,CAMBIO Y/O REPARACIÓN DISCOS DE CLUTCH,1.5
AVENGER 220,CAMBIO Y/O REPARACIÓN DISCOS DE CLUTCH,1.5
XCD,CAMBIO Y/O REPARACIÓN DISCOS DE CLUTCH,1.5
DISCOVER 100,CAMBIO Y/O REPARACIÓN DISCOS DE CLUTCH,1.5
DISCOVER 135,CAMBIO Y/O REPARACIÓN DISCOS DE CLUTCH,1.5
BOXER,CAMBIO Y/O REPARACIÓN DISCOS DE CLUTCH,1.5
LEXUS,CAMBIO Y/O REPARACIÓN DISCOS DE CLUTCH,1.5
DISCOVER 100 5S,CAMBIO Y/O REPARACIÓN DISCOS DE CLUTCH,1.5
DISCOVER 150,CAMBIO Y/O REPARACIÓN DISCOS DE CLUTCH,1.5
CHAMPION,CAMBIO Y/O REPARACIÓN DISCOS DE CLUTCH,1.5
DISCOVER 125 ST,CAMBIO Y/O REPARACIÓN DISCOS DE CLUTCH,1.5
BOXER BM 100,CAMBIO Y/O REPARACIÓN DISCOS DE CLUTCH,1.5
BOXER BM 150,CAMBIO Y/O REPARACIÓN DISCOS DE CLUTCH,1.5
BOXER BM 100 ES,CAMBIO Y/O REPARACIÓN DISCOS DE CLUTCH,1.5
PLATINO 125,CAMBIO Y/O REPARACIÓN DISCOS DE CLUTCH,1.5
PLATINO 125 - 5S,CAMBIO Y/O REPARACIÓN DISCOS DE CLUTCH,1.5
PLATINO 100,CAMBIO Y/O REPARACIÓN DISCOS DE CLUTCH,1.5
PLATINO 110,CAMBIO Y/O REPARACIÓN DISCOS DE CLUTCH,1.5
FAMILLY,CAMBIO Y/O REPARACIÓN DISCOS DE CLUTCH,1.5
MOTOCARRO 4T,CAMBIO Y/O REPARACIÓN DISCOS DE CLUTCH,2
TORITO,CAMBIO Y/O REPARACIÓN DISCOS DE CLUTCH,2
KAZE MAX II,CAMBIO Y/O REPARACIÓN DISCOS DE CLUTCH,2
ZX 130- MAGIC II,CAMBIO Y/O REPARACIÓN DISCOS DE CLUTCH,2
KMX,CAMBIO Y/O REPARACIÓN DISCOS DE CLUTCH,2
KLX 150,CAMBIO Y/O REPARACIÓN DISCOS DE CLUTCH,1.5
KLX150  L,CAMBIO Y/O REPARACIÓN DISCOS DE CLUTCH,1.5
KLX 250,CAMBIO Y/O REPARACIÓN DISCOS DE CLUTCH,2
NINJA 250,CAMBIO Y/O REPARACIÓN DISCOS DE CLUTCH,2
NINJA 250 FI,CAMBIO Y/O REPARACIÓN DISCOS DE CLUTCH,2
Z250,CAMBIO Y/O REPARACIÓN DISCOS DE CLUTCH,2
Z250 SL,CAMBIO Y/O REPARACIÓN DISCOS DE CLUTCH,2
ER-6n,CAMBIO Y/O REPARACIÓN DISCOS DE CLUTCH,2
TRANS-SPORT,CAMBIO Y/O REPARACIÓN DISCOS DE CLUTCH,2
MRX 150,CAMBIO Y/O REPARACIÓN DISCOS DE CLUTCH,1.5
FURAX,CAMBIO Y/O REPARACIÓN DISCOS DE CLUTCH,1.5
BOMBER 125,CAMBIO Y/O REPARACIÓN DISCOS DE CLUTCH,1.5
BOMBER 250,CAMBIO Y/O REPARACIÓN DISCOS DE CLUTCH,1.5
COMBAT 125,CAMBIO Y/O REPARACIÓN DISCOS DE CLUTCH,1.5
VENOM 400,CAMBIO Y/O REPARACIÓN DISCOS DE CLUTCH,1.5
VENOM 250,CAMBIO Y/O REPARACIÓN DISCOS DE CLUTCH,1.5
ONE,CAMBIO Y/O REPARACIÓN DISCOS DE CLUTCH,2
FLOW,CAMBIO Y/O REPARACIÓN DISCOS DE CLUTCH,2
ADVANCE II LF,CAMBIO Y/O REPARACIÓN DISCOS DE CLUTCH,2
ZONTES 155,CAMBIO Y/O REPARACIÓN DISCOS DE CLUTCH,2
SHOCK,CAMBIO Y/O REPARACIÓN DISCOS DE CLUTCH,2
TNT150i,CAMBIO Y/O REPARACIÓN DISCOS DE CLUTCH,2
180S,CAMBIO Y/O REPARACIÓN DISCOS DE CLUTCH,2
TNT25N,CAMBIO Y/O REPARACIÓN DISCOS DE CLUTCH,2
LEONCINO 500,CAMBIO Y/O REPARACIÓN DISCOS DE CLUTCH,2
LEONCINO 250,CAMBIO Y/O REPARACIÓN DISCOS DE CLUTCH,2
TRK 500X,CAMBIO Y/O REPARACIÓN DISCOS DE CLUTCH,2
TRK 251,CAMBIO Y/O REPARACIÓN DISCOS DE CLUTCH,2
302 S,CAMBIO Y/O REPARACIÓN DISCOS DE CLUTCH,2
TOP BOY,CAMBIO EMPAQUE TAPA CLUTCH,0.5
AGILITY,CAMBIO EMPAQUE TAPA CLUTCH,0.5
AGILITY RS,CAMBIO EMPAQUE TAPA CLUTCH,0.5
AGILITY CITY 150,CAMBIO EMPAQUE TAPA CLUTCH,0.5
BET & WIN,CAMBIO EMPAQUE TAPA CLUTCH,0.5
ACTIV,CAMBIO EMPAQUE TAPA CLUTCH,0.7
SPIKE,CAMBIO EMPAQUE TAPA CLUTCH,0.7
AGILITY RS  NAKED,CAMBIO EMPAQUE TAPA CLUTCH,0.5
SUPER 8,CAMBIO EMPAQUE TAPA CLUTCH,0.5
GACELA,CAMBIO EMPAQUE TAPA CLUTCH,0.5
ROCKET,CAMBIO EMPAQUE TAPA CLUTCH,0.5
FLY 125,CAMBIO EMPAQUE TAPA CLUTCH,0.5
TWIST,CAMBIO EMPAQUE TAPA CLUTCH,0.5
JETIX,CAMBIO EMPAQUE TAPA CLUTCH,0.7
UNI-K 110,CAMBIO EMPAQUE TAPA CLUTCH,0.7
TRACK,CAMBIO EMPAQUE TAPA CLUTCH,7
PULSAR 135,CAMBIO EMPAQUE TAPA CLUTCH,0.7
Perseo,CAMBIO EMPAQUE TAPA CLUTCH,0.7
PULSAR,CAMBIO EMPAQUE TAPA CLUTCH,0.7
PULSAR 180 UG,CAMBIO EMPAQUE TAPA CLUTCH,0.7
PULSAR 150,CAMBIO EMPAQUE TAPA CLUTCH,0.7
THOR 160,CAMBIO EMPAQUE TAPA CLUTCH,0.7
PULSAR 200,CAMBIO EMPAQUE TAPA CLUTCH,0.7
PULSAR 150 NS,CAMBIO EMPAQUE TAPA CLUTCH,0.7
PULSAR 150 AS,CAMBIO EMPAQUE TAPA CLUTCH,0.7
PULSAR 200 AS,CAMBIO EMPAQUE TAPA CLUTCH,0.7
PULSAR 200 NS,CAMBIO EMPAQUE TAPA CLUTCH,0.7
TITAN,CAMBIO EMPAQUE TAPA CLUTCH,0.8
PULSAR  RS 200,CAMBIO EMPAQUE TAPA CLUTCH,0.8
PULSAR 220,CAMBIO EMPAQUE TAPA CLUTCH,0.7
AVENGER 220,CAMBIO EMPAQUE TAPA CLUTCH,0.7
XCD,CAMBIO EMPAQUE TAPA CLUTCH,0.7
DISCOVER 100,CAMBIO EMPAQUE TAPA CLUTCH,0.7
DISCOVER 135,CAMBIO EMPAQUE TAPA CLUTCH,0.7
BOXER,CAMBIO EMPAQUE TAPA CLUTCH,0.7
LEXUS,CAMBIO EMPAQUE TAPA CLUTCH,0.7
DISCOVER 100 5S,CAMBIO EMPAQUE TAPA CLUTCH,0.7
DISCOVER 150,CAMBIO EMPAQUE TAPA CLUTCH,0.7
CHAMPION,CAMBIO EMPAQUE TAPA CLUTCH,0.7
DISCOVER 125 ST,CAMBIO EMPAQUE TAPA CLUTCH,0.7
BOXER BM 100,CAMBIO EMPAQUE TAPA CLUTCH,0.7
BOXER BM 150,CAMBIO EMPAQUE TAPA CLUTCH,0.7
BOXER BM 100 ES,CAMBIO EMPAQUE TAPA CLUTCH,0.7
PLATINO 125,CAMBIO EMPAQUE TAPA CLUTCH,0.7
PLATINO 125 - 5S,CAMBIO EMPAQUE TAPA CLUTCH,0.7
PLATINO 100,CAMBIO EMPAQUE TAPA CLUTCH,0.7
PLATINO 110,CAMBIO EMPAQUE TAPA CLUTCH,0.7
FAMILLY,CAMBIO EMPAQUE TAPA CLUTCH,0.7
MOTOCARRO 4T,CAMBIO EMPAQUE TAPA CLUTCH,2
TORITO,CAMBIO EMPAQUE TAPA CLUTCH,2
KAZE MAX II,CAMBIO EMPAQUE TAPA CLUTCH,0.7
ZX 130- MAGIC II,CAMBIO EMPAQUE TAPA CLUTCH,0.7
KMX,CAMBIO EMPAQUE TAPA CLUTCH,1
KLX 150,CAMBIO EMPAQUE TAPA CLUTCH,1
KLX150  L,CAMBIO EMPAQUE TAPA CLUTCH,1
KLX 250,CAMBIO EMPAQUE TAPA CLUTCH,1
NINJA 250,CAMBIO EMPAQUE TAPA CLUTCH,1.5
NINJA 250 FI,CAMBIO EMPAQUE TAPA CLUTCH,1.5
Z250,CAMBIO EMPAQUE TAPA CLUTCH,1.5
Z250 SL,CAMBIO EMPAQUE TAPA CLUTCH,1.5
ER-6n,CAMBIO EMPAQUE TAPA CLUTCH,1.5
TRANS-SPORT,CAMBIO EMPAQUE TAPA CLUTCH,0.7
MRX 150,CAMBIO EMPAQUE TAPA CLUTCH,1
FURAX,CAMBIO EMPAQUE TAPA CLUTCH,0.7
BOMBER 125,CAMBIO EMPAQUE TAPA CLUTCH,0.6
BOMBER 250,CAMBIO EMPAQUE TAPA CLUTCH,0.6
COMBAT 125,CAMBIO EMPAQUE TAPA CLUTCH,0.6
ZS,CAMBIO EMPAQUE TAPA CLUTCH,0.5
LIFE,CAMBIO EMPAQUE TAPA CLUTCH,0.5
HUNTER,CAMBIO EMPAQUE TAPA CLUTCH,0.5
VENOM 400,CAMBIO EMPAQUE TAPA CLUTCH,0.5
VENOM 250,CAMBIO EMPAQUE TAPA CLUTCH,0.7
ONE,CAMBIO EMPAQUE TAPA CLUTCH,0.7
FLOW,CAMBIO EMPAQUE TAPA CLUTCH,0.7
ADVANCE II LF,CAMBIO EMPAQUE TAPA CLUTCH,0.7
ZONTES 155,CAMBIO EMPAQUE TAPA CLUTCH,1.5
SHOCK,CAMBIO EMPAQUE TAPA CLUTCH,0.7
TNT150i,CAMBIO EMPAQUE TAPA CLUTCH,1.5
180S,CAMBIO EMPAQUE TAPA CLUTCH,1.5
TNT25N,CAMBIO EMPAQUE TAPA CLUTCH,1.5
LEONCINO 500,CAMBIO EMPAQUE TAPA CLUTCH,1.5
LEONCINO 250,CAMBIO EMPAQUE TAPA CLUTCH,1.5
TRK 500X,CAMBIO EMPAQUE TAPA CLUTCH,1.5
TRK 251,CAMBIO EMPAQUE TAPA CLUTCH,1.5
302 S,CAMBIO EMPAQUE TAPA CLUTCH,1.5
PULSAR 135,CAMBIO MICROSUICHE CLUTCH,0.5
Perseo,CAMBIO MICROSUICHE CLUTCH,0.5
PULSAR,CAMBIO MICROSUICHE CLUTCH,0.5
PULSAR 180 UG,CAMBIO MICROSUICHE CLUTCH,0.5
PULSAR 150,CAMBIO MICROSUICHE CLUTCH,0.5
THOR 160,CAMBIO MICROSUICHE CLUTCH,0.5
PULSAR 200,CAMBIO MICROSUICHE CLUTCH,0.5
PULSAR 150 NS,CAMBIO MICROSUICHE CLUTCH,0.6
PULSAR 150 AS,CAMBIO MICROSUICHE CLUTCH,0.6
PULSAR 200 AS,CAMBIO MICROSUICHE CLUTCH,0.6
PULSAR 200 NS,CAMBIO MICROSUICHE CLUTCH,0.6
TITAN,CAMBIO MICROSUICHE CLUTCH,0.7
PULSAR  RS 200,CAMBIO MICROSUICHE CLUTCH,0.7
PULSAR 220,CAMBIO MICROSUICHE CLUTCH,0.5
AVENGER 220,CAMBIO MICROSUICHE CLUTCH,0.5
DISCOVER 100 5S,CAMBIO MICROSUICHE CLUTCH,0.5
DISCOVER 150,CAMBIO MICROSUICHE CLUTCH,0.5
CHAMPION,CAMBIO MICROSUICHE CLUTCH,0.5
DISCOVER 125 ST,CAMBIO MICROSUICHE CLUTCH,0.5
KLX 150,CAMBIO MICROSUICHE CLUTCH,0.2
KLX150  L,CAMBIO MICROSUICHE CLUTCH,0.2
KLX 250,CAMBIO MICROSUICHE CLUTCH,0.3
NINJA 250,CAMBIO MICROSUICHE CLUTCH,0.8
NINJA 250 FI,CAMBIO MICROSUICHE CLUTCH,0.8
Z250,CAMBIO MICROSUICHE CLUTCH,0.8
Z250 SL,CAMBIO MICROSUICHE CLUTCH,0.8
ER-6n,CAMBIO MICROSUICHE CLUTCH,0.8
MRX 150,CAMBIO MICROSUICHE CLUTCH,0.2
BOMBER 250,CAMBIO MICROSUICHE CLUTCH,0.3
VENOM 250,CAMBIO MICROSUICHE CLUTCH,0.6
ZONTES 155,CAMBIO MICROSUICHE CLUTCH,0.8
TNT150i,CAMBIO MICROSUICHE CLUTCH,0.8
180S,CAMBIO MICROSUICHE CLUTCH,0.8
TNT25N,CAMBIO MICROSUICHE CLUTCH,0.8
LEONCINO 500,CAMBIO MICROSUICHE CLUTCH,0.8
LEONCINO 250,CAMBIO MICROSUICHE CLUTCH,0.8
TRK 500X,CAMBIO MICROSUICHE CLUTCH,0.8
TRK 251,CAMBIO MICROSUICHE CLUTCH,0.8
302 S,CAMBIO MICROSUICHE CLUTCH,0.8
ACTIV,CAMBIO RODAMIENTO EMPUJADOR DEL CLUTCH,1
SPIKE,CAMBIO RODAMIENTO EMPUJADOR DEL CLUTCH,1
JETIX,CAMBIO RODAMIENTO EMPUJADOR DEL CLUTCH,1
UNI-K 110,CAMBIO RODAMIENTO EMPUJADOR DEL CLUTCH,1
TRACK,CAMBIO RODAMIENTO EMPUJADOR DEL CLUTCH,1
PULSAR 135,CAMBIO RODAMIENTO EMPUJADOR DEL CLUTCH,1
Perseo,CAMBIO RODAMIENTO EMPUJADOR DEL CLUTCH,1
PULSAR,CAMBIO RODAMIENTO EMPUJADOR DEL CLUTCH,1
PULSAR 180 UG,CAMBIO RODAMIENTO EMPUJADOR DEL CLUTCH,1
PULSAR 150,CAMBIO RODAMIENTO EMPUJADOR DEL CLUTCH,1
THOR 160,CAMBIO RODAMIENTO EMPUJADOR DEL CLUTCH,1
PULSAR 200,CAMBIO RODAMIENTO EMPUJADOR DEL CLUTCH,1
PULSAR 150 NS,CAMBIO RODAMIENTO EMPUJADOR DEL CLUTCH,1
PULSAR 150 AS,CAMBIO RODAMIENTO EMPUJADOR DEL CLUTCH,1
PULSAR 200 AS,CAMBIO RODAMIENTO EMPUJADOR DEL CLUTCH,1
PULSAR 200 NS,CAMBIO RODAMIENTO EMPUJADOR DEL CLUTCH,1
TITAN,CAMBIO RODAMIENTO EMPUJADOR DEL CLUTCH,1.1
PULSAR  RS 200,CAMBIO RODAMIENTO EMPUJADOR DEL CLUTCH,1.1
PULSAR 220,CAMBIO RODAMIENTO EMPUJADOR DEL CLUTCH,1
AVENGER 220,CAMBIO RODAMIENTO EMPUJADOR DEL CLUTCH,1
XCD,CAMBIO RODAMIENTO EMPUJADOR DEL CLUTCH,1
DISCOVER 100,CAMBIO RODAMIENTO EMPUJADOR DEL CLUTCH,1
DISCOVER 135,CAMBIO RODAMIENTO EMPUJADOR DEL CLUTCH,1
BOXER,CAMBIO RODAMIENTO EMPUJADOR DEL CLUTCH,1
LEXUS,CAMBIO RODAMIENTO EMPUJADOR DEL CLUTCH,1
DISCOVER 100 5S,CAMBIO RODAMIENTO EMPUJADOR DEL CLUTCH,1
DISCOVER 150,CAMBIO RODAMIENTO EMPUJADOR DEL CLUTCH,1
CHAMPION,CAMBIO RODAMIENTO EMPUJADOR DEL CLUTCH,1
DISCOVER 125 ST,CAMBIO RODAMIENTO EMPUJADOR DEL CLUTCH,1
BOXER BM 100,CAMBIO RODAMIENTO EMPUJADOR DEL CLUTCH,1
BOXER BM 150,CAMBIO RODAMIENTO EMPUJADOR DEL CLUTCH,1
BOXER BM 100 ES,CAMBIO RODAMIENTO EMPUJADOR DEL CLUTCH,1
PLATINO 125,CAMBIO RODAMIENTO EMPUJADOR DEL CLUTCH,1
PLATINO 125 - 5S,CAMBIO RODAMIENTO EMPUJADOR DEL CLUTCH,1
PLATINO 100,CAMBIO RODAMIENTO EMPUJADOR DEL CLUTCH,1
PLATINO 110,CAMBIO RODAMIENTO EMPUJADOR DEL CLUTCH,1
FAMILLY,CAMBIO RODAMIENTO EMPUJADOR DEL CLUTCH,1
MOTOCARRO 4T,CAMBIO RODAMIENTO EMPUJADOR DEL CLUTCH,1.5
TORITO,CAMBIO RODAMIENTO EMPUJADOR DEL CLUTCH,1.5
KAZE MAX II,CAMBIO RODAMIENTO EMPUJADOR DEL CLUTCH,1
ZX 130- MAGIC II,CAMBIO RODAMIENTO EMPUJADOR DEL CLUTCH,1
KMX,CAMBIO RODAMIENTO EMPUJADOR DEL CLUTCH,1.5
KLX 150,CAMBIO RODAMIENTO EMPUJADOR DEL CLUTCH,1
KLX150  L,CAMBIO RODAMIENTO EMPUJADOR DEL CLUTCH,1
KLX 250,CAMBIO RODAMIENTO EMPUJADOR DEL CLUTCH,1.5
NINJA 250,CAMBIO RODAMIENTO EMPUJADOR DEL CLUTCH,1.5
NINJA 250 FI,CAMBIO RODAMIENTO EMPUJADOR DEL CLUTCH,1.5
Z250,CAMBIO RODAMIENTO EMPUJADOR DEL CLUTCH,1.5
Z250 SL,CAMBIO RODAMIENTO EMPUJADOR DEL CLUTCH,1.5
ER-6n,CAMBIO RODAMIENTO EMPUJADOR DEL CLUTCH,1.5
TRANS-SPORT,CAMBIO RODAMIENTO EMPUJADOR DEL CLUTCH,1
MRX 150,CAMBIO RODAMIENTO EMPUJADOR DEL CLUTCH,1
FURAX,CAMBIO RODAMIENTO EMPUJADOR DEL CLUTCH,1
BOMBER 125,CAMBIO RODAMIENTO EMPUJADOR DEL CLUTCH,1
BOMBER 250,CAMBIO RODAMIENTO EMPUJADOR DEL CLUTCH,1.5
COMBAT 125,CAMBIO RODAMIENTO EMPUJADOR DEL CLUTCH,1
VENOM 400,CAMBIO RODAMIENTO EMPUJADOR DEL CLUTCH,0.7
VENOM 250,CAMBIO RODAMIENTO EMPUJADOR DEL CLUTCH,1
ONE,CAMBIO RODAMIENTO EMPUJADOR DEL CLUTCH,1
FLOW,CAMBIO RODAMIENTO EMPUJADOR DEL CLUTCH,1
ADVANCE II LF,CAMBIO RODAMIENTO EMPUJADOR DEL CLUTCH,1
ZONTES 155,CAMBIO RODAMIENTO EMPUJADOR DEL CLUTCH,1.5
SHOCK,CAMBIO RODAMIENTO EMPUJADOR DEL CLUTCH,1
TNT150i,CAMBIO RODAMIENTO EMPUJADOR DEL CLUTCH,1.5
180S,CAMBIO RODAMIENTO EMPUJADOR DEL CLUTCH,1.5
TNT25N,CAMBIO RODAMIENTO EMPUJADOR DEL CLUTCH,1.5
LEONCINO 500,CAMBIO RODAMIENTO EMPUJADOR DEL CLUTCH,1.5
LEONCINO 250,CAMBIO RODAMIENTO EMPUJADOR DEL CLUTCH,1.5
TRK 500X,CAMBIO RODAMIENTO EMPUJADOR DEL CLUTCH,1.5
TRK 251,CAMBIO RODAMIENTO EMPUJADOR DEL CLUTCH,1.5
302 S,CAMBIO RODAMIENTO EMPUJADOR DEL CLUTCH,1.5
ACTIV,CAMBIO PIÑÓN LOCO,5
SPIKE,CAMBIO PIÑÓN LOCO,5
JETIX,CAMBIO PIÑÓN LOCO,5
UNI-K 110,CAMBIO PIÑÓN LOCO,5
TRACK,CAMBIO PIÑÓN LOCO,5
PULSAR 135,CAMBIO PIÑÓN LOCO,1.7
Perseo,CAMBIO PIÑÓN LOCO,1.7
PULSAR,CAMBIO PIÑÓN LOCO,1.7
XCD,CAMBIO PIÑÓN LOCO,1.7
DISCOVER 100,CAMBIO PIÑÓN LOCO,1.7
DISCOVER 135,CAMBIO PIÑÓN LOCO,1.7
BOXER,CAMBIO PIÑÓN LOCO,1.7
LEXUS,CAMBIO PIÑÓN LOCO,1
DISCOVER 100 5S,CAMBIO PIÑÓN LOCO,1.7
DISCOVER 150,CAMBIO PIÑÓN LOCO,1.7
CHAMPION,CAMBIO PIÑÓN LOCO,1.7
DISCOVER 125 ST,CAMBIO PIÑÓN LOCO,1.7
BOXER BM 100,CAMBIO PIÑÓN LOCO,1.7
BOXER BM 150,CAMBIO PIÑÓN LOCO,1.7
BOXER BM 100 ES,CAMBIO PIÑÓN LOCO,1.7
PLATINO 125,CAMBIO PIÑÓN LOCO,1.7
PLATINO 125 - 5S,CAMBIO PIÑÓN LOCO,1.7
PLATINO 100,CAMBIO PIÑÓN LOCO,1.7
PLATINO 110,CAMBIO PIÑÓN LOCO,1.7
FAMILLY,CAMBIO PIÑÓN LOCO,1.7
MOTOCARRO 4T,CAMBIO PIÑÓN LOCO,2
TORITO,CAMBIO PIÑÓN LOCO,2
KAZE MAX II,CAMBIO PIÑÓN LOCO,2
ZX 130- MAGIC II,CAMBIO PIÑÓN LOCO,5.5
KMX,CAMBIO PIÑÓN LOCO,2
KLX 150,CAMBIO PIÑÓN LOCO,1.5
KLX150  L,CAMBIO PIÑÓN LOCO,1.5
KLX 250,CAMBIO PIÑÓN LOCO,1.8
TRANS-SPORT,CAMBIO PIÑÓN LOCO,5.5
MRX 150,CAMBIO PIÑÓN LOCO,1.5
FURAX,CAMBIO PIÑÓN LOCO,7.5
BOMBER 125,CAMBIO PIÑÓN LOCO,1.7
COMBAT 125,CAMBIO PIÑÓN LOCO,1.7
ONE,CAMBIO PIÑÓN LOCO,5
FLOW,CAMBIO PIÑÓN LOCO,5
ADVANCE II LF,CAMBIO PIÑÓN LOCO,5
SHOCK,CAMBIO PIÑÓN LOCO,5
ACTIV,CAMBIO MANZANA CLUTCH,2.5
SPIKE,CAMBIO MANZANA CLUTCH,2.5
JETIX,CAMBIO MANZANA CLUTCH,2.5
UNI-K 110,CAMBIO MANZANA CLUTCH,2.5
TRACK,CAMBIO MANZANA CLUTCH,2.5
PULSAR 135,CAMBIO MANZANA CLUTCH,2
Perseo,CAMBIO MANZANA CLUTCH,2
PULSAR,CAMBIO MANZANA CLUTCH,2.5
PULSAR 180 UG,CAMBIO MANZANA CLUTCH,2.5
PULSAR 150,CAMBIO MANZANA CLUTCH,2.5
THOR 160,CAMBIO MANZANA CLUTCH,2.5
PULSAR 200,CAMBIO MANZANA CLUTCH,2.5
PULSAR 150 NS,CAMBIO MANZANA CLUTCH,2
PULSAR 150 AS,CAMBIO MANZANA CLUTCH,2
PULSAR 200 AS,CAMBIO MANZANA CLUTCH,2
PULSAR 200 NS,CAMBIO MANZANA CLUTCH,2
TITAN,CAMBIO MANZANA CLUTCH,2.1
PULSAR  RS 200,CAMBIO MANZANA CLUTCH,2.1
PULSAR 220,CAMBIO MANZANA CLUTCH,2.5
AVENGER 220,CAMBIO MANZANA CLUTCH,2.5
XCD,CAMBIO MANZANA CLUTCH,2
DISCOVER 100,CAMBIO MANZANA CLUTCH,2
DISCOVER 135,CAMBIO MANZANA CLUTCH,2
BOXER,CAMBIO MANZANA CLUTCH,2
LEXUS,CAMBIO MANZANA CLUTCH,2
DISCOVER 100 5S,CAMBIO MANZANA CLUTCH,2
DISCOVER 150,CAMBIO MANZANA CLUTCH,2
CHAMPION,CAMBIO MANZANA CLUTCH,2
DISCOVER 125 ST,CAMBIO MANZANA CLUTCH,2
BOXER BM 100,CAMBIO MANZANA CLUTCH,2
BOXER BM 150,CAMBIO MANZANA CLUTCH,2
BOXER BM 100 ES,CAMBIO MANZANA CLUTCH,2
PLATINO 125,CAMBIO MANZANA CLUTCH,2
PLATINO 125 - 5S,CAMBIO MANZANA CLUTCH,2
PLATINO 100,CAMBIO MANZANA CLUTCH,2
PLATINO 110,CAMBIO MANZANA CLUTCH,2
FAMILLY,CAMBIO MANZANA CLUTCH,2
MOTOCARRO 4T,CAMBIO MANZANA CLUTCH,2
TORITO,CAMBIO MANZANA CLUTCH,2
KAZE MAX II,CAMBIO MANZANA CLUTCH,2.5
ZX 130- MAGIC II,CAMBIO MANZANA CLUTCH,2.5
KMX,CAMBIO MANZANA CLUTCH,2.5
KLX 150,CAMBIO MANZANA CLUTCH,1.5
KLX150  L,CAMBIO MANZANA CLUTCH,1.5
KLX 250,CAMBIO MANZANA CLUTCH,1.8
NINJA 250,CAMBIO MANZANA CLUTCH,2.5
NINJA 250 FI,CAMBIO MANZANA CLUTCH,2.5
Z250,CAMBIO MANZANA CLUTCH,2.5
Z250 SL,CAMBIO MANZANA CLUTCH,2.5
ER-6n,CAMBIO MANZANA CLUTCH,2.5
TRANS-SPORT,CAMBIO MANZANA CLUTCH,2.2
MRX 150,CAMBIO MANZANA CLUTCH,1.5
FURAX,CAMBIO MANZANA CLUTCH,2
BOMBER 125,CAMBIO MANZANA CLUTCH,2
BOMBER 250,CAMBIO MANZANA CLUTCH,2
COMBAT 125,CAMBIO MANZANA CLUTCH,2
VENOM 400,CAMBIO MANZANA CLUTCH,2
VENOM 250,CAMBIO MANZANA CLUTCH,2
ONE,CAMBIO MANZANA CLUTCH,2.5
FLOW,CAMBIO MANZANA CLUTCH,2.5
ADVANCE II LF,CAMBIO MANZANA CLUTCH,2.5
ZONTES 155,CAMBIO MANZANA CLUTCH,2.5
SHOCK,CAMBIO MANZANA CLUTCH,2.5
TNT150i,CAMBIO MANZANA CLUTCH,2.5
180S,CAMBIO MANZANA CLUTCH,2.5
TNT25N,CAMBIO MANZANA CLUTCH,2.5
LEONCINO 500,CAMBIO MANZANA CLUTCH,2.5
LEONCINO 250,CAMBIO MANZANA CLUTCH,2.5
TRK 500X,CAMBIO MANZANA CLUTCH,2.5
TRK 251,CAMBIO MANZANA CLUTCH,2.5
302 S,CAMBIO MANZANA CLUTCH,2.5
PULSAR,CAMBIO PIÑÓN TRIPLE DE BALANCEO,2.5
PULSAR 180 UG,CAMBIO PIÑÓN TRIPLE DE BALANCEO,2.5
PULSAR 150,CAMBIO PIÑÓN TRIPLE DE BALANCEO,2.5
THOR 160,CAMBIO PIÑÓN TRIPLE DE BALANCEO,2.5
PULSAR 220,CAMBIO PIÑÓN TRIPLE DE BALANCEO,2.5
AVENGER 220,CAMBIO PIÑÓN TRIPLE DE BALANCEO,2.5
KMX,CAMBIO PIÑÓN TRIPLE DE BALANCEO,2.5
FURAX,CAMBIO PIÑÓN TRIPLE DE BALANCEO,1.5
ACTIV,CAMBIO PIÑÓN PRIMARIO,1.5
SPIKE,CAMBIO PIÑÓN PRIMARIO,1.5
JETIX,CAMBIO PIÑÓN PRIMARIO,1.5
UNI-K 110,CAMBIO PIÑÓN PRIMARIO,1.5
TRACK,CAMBIO PIÑÓN PRIMARIO,1.5
PULSAR 135,CAMBIO PIÑÓN PRIMARIO,2
Perseo,CAMBIO PIÑÓN PRIMARIO,2
PULSAR,CAMBIO PIÑÓN PRIMARIO,2.5
PULSAR 180 UG,CAMBIO PIÑÓN PRIMARIO,2.5
PULSAR 150,CAMBIO PIÑÓN PRIMARIO,2.5
THOR 160,CAMBIO PIÑÓN PRIMARIO,2.5
PULSAR 200,CAMBIO PIÑÓN PRIMARIO,2.5
PULSAR 150 NS,CAMBIO PIÑÓN PRIMARIO,2.2
PULSAR 150 AS,CAMBIO PIÑÓN PRIMARIO,2.2
PULSAR 200 AS,CAMBIO PIÑÓN PRIMARIO,2.2
PULSAR 200 NS,CAMBIO PIÑÓN PRIMARIO,2.2
TITAN,CAMBIO PIÑÓN PRIMARIO,2.3
PULSAR  RS 200,CAMBIO PIÑÓN PRIMARIO,2..3
PULSAR 220,CAMBIO PIÑÓN PRIMARIO,2.5
AVENGER 220,CAMBIO PIÑÓN PRIMARIO,2.5
XCD,CAMBIO PIÑÓN PRIMARIO,2
DISCOVER 100,CAMBIO PIÑÓN PRIMARIO,2
DISCOVER 135,CAMBIO PIÑÓN PRIMARIO,2
BOXER,CAMBIO PIÑÓN PRIMARIO,2
LEXUS,CAMBIO PIÑÓN PRIMARIO,2
DISCOVER 100 5S,CAMBIO PIÑÓN PRIMARIO,2
DISCOVER 150,CAMBIO PIÑÓN PRIMARIO,2
CHAMPION,CAMBIO PIÑÓN PRIMARIO,2
DISCOVER 125 ST,CAMBIO PIÑÓN PRIMARIO,2
BOXER BM 100,CAMBIO PIÑÓN PRIMARIO,2
BOXER BM 150,CAMBIO PIÑÓN PRIMARIO,2
BOXER BM 100 ES,CAMBIO PIÑÓN PRIMARIO,2
PLATINO 125,CAMBIO PIÑÓN PRIMARIO,2
PLATINO 125 - 5S,CAMBIO PIÑÓN PRIMARIO,2
PLATINO 100,CAMBIO PIÑÓN PRIMARIO,2
PLATINO 110,CAMBIO PIÑÓN PRIMARIO,2
FAMILLY,CAMBIO PIÑÓN PRIMARIO,2
MOTOCARRO 4T,CAMBIO PIÑÓN PRIMARIO,2
TORITO,CAMBIO PIÑÓN PRIMARIO,2
KAZE MAX II,CAMBIO PIÑÓN PRIMARIO,2.5
ZX 130- MAGIC II,CAMBIO PIÑÓN PRIMARIO,5.5
KMX,CAMBIO PIÑÓN PRIMARIO,2.5
KLX 150,CAMBIO PIÑÓN PRIMARIO,1.6
KLX150  L,CAMBIO PIÑÓN PRIMARIO,1.6
KLX 250,CAMBIO PIÑÓN PRIMARIO,1.9
NINJA 250,CAMBIO PIÑÓN PRIMARIO,1.9
NINJA 250 FI,CAMBIO PIÑÓN PRIMARIO,1.9
Z250,CAMBIO PIÑÓN PRIMARIO,1.9
Z250 SL,CAMBIO PIÑÓN PRIMARIO,1.9
ER-6n,CAMBIO PIÑÓN PRIMARIO,10
TRANS-SPORT,CAMBIO PIÑÓN PRIMARIO,2.2
MRX 150,CAMBIO PIÑÓN PRIMARIO,1.6
FURAX,CAMBIO PIÑÓN PRIMARIO,2.2
BOMBER 125,CAMBIO PIÑÓN PRIMARIO,2
BOMBER 250,CAMBIO PIÑÓN PRIMARIO,2
COMBAT 125,CAMBIO PIÑÓN PRIMARIO,2
VENOM 400,CAMBIO PIÑÓN PRIMARIO,2
VENOM 250,CAMBIO PIÑÓN PRIMARIO,2.2
ONE,CAMBIO PIÑÓN PRIMARIO,1.5
FLOW,CAMBIO PIÑÓN PRIMARIO,1.5
ADVANCE II LF,CAMBIO PIÑÓN PRIMARIO,1.5
ZONTES 155,CAMBIO PIÑÓN PRIMARIO,1.9
SHOCK,CAMBIO PIÑÓN PRIMARIO,1.5
TNT150i,CAMBIO PIÑÓN PRIMARIO,1.9
180S,CAMBIO PIÑÓN PRIMARIO,1.9
TNT25N,CAMBIO PIÑÓN PRIMARIO,1.9
LEONCINO 500,CAMBIO PIÑÓN PRIMARIO,2
LEONCINO 250,CAMBIO PIÑÓN PRIMARIO,1.9
TRK 500X,CAMBIO PIÑÓN PRIMARIO,2
TRK 251,CAMBIO PIÑÓN PRIMARIO,1.9
302 S,CAMBIO PIÑÓN PRIMARIO,1.9
TOP BOY,CAMBIO DE CLUTCH CENTRIFUGO,1
AGILITY,CAMBIO DE CLUTCH CENTRIFUGO,1
AGILITY RS,CAMBIO DE CLUTCH CENTRIFUGO,1
AGILITY CITY 150,CAMBIO DE CLUTCH CENTRIFUGO,1
BET & WIN,CAMBIO DE CLUTCH CENTRIFUGO,1
ACTIV,CAMBIO DE CLUTCH CENTRIFUGO,1.5
SPIKE,CAMBIO DE CLUTCH CENTRIFUGO,1.5
AGILITY RS  NAKED,CAMBIO DE CLUTCH CENTRIFUGO,1
SUPER 8,CAMBIO DE CLUTCH CENTRIFUGO,1
GACELA,CAMBIO DE CLUTCH CENTRIFUGO,1
ROCKET,CAMBIO DE CLUTCH CENTRIFUGO,1
FLY 125,CAMBIO DE CLUTCH CENTRIFUGO,1
TWIST,CAMBIO DE CLUTCH CENTRIFUGO,1
JETIX,CAMBIO DE CLUTCH CENTRIFUGO,1.5
UNI-K 110,CAMBIO DE CLUTCH CENTRIFUGO,1.5
TRACK,CAMBIO DE CLUTCH CENTRIFUGO,1.5
ZX 130- MAGIC II,CAMBIO DE CLUTCH CENTRIFUGO,1.5
TRANS-SPORT,CAMBIO DE CLUTCH CENTRIFUGO,2.2
ZS,CAMBIO DE CLUTCH CENTRIFUGO,1
LIFE,CAMBIO DE CLUTCH CENTRIFUGO,1
HUNTER,CAMBIO DE CLUTCH CENTRIFUGO,1
BLACK,CAMBIO DE CLUTCH CENTRIFUGO,1
ONE,CAMBIO DE CLUTCH CENTRIFUGO,1.5
FLOW,CAMBIO DE CLUTCH CENTRIFUGO,1.5
ADVANCE II LF,CAMBIO DE CLUTCH CENTRIFUGO,1.5
ZONTES 310M,CAMBIO DE CLUTCH CENTRIFUGO,1
SHOCK,CAMBIO DE CLUTCH CENTRIFUGO,1.5
PULSAR,CAMBIO FILTRO CENTRIFUGO,1.5
PULSAR 180 UG,CAMBIO FILTRO CENTRIFUGO,1.5
PULSAR 150,CAMBIO FILTRO CENTRIFUGO,1.5
PULSAR 220,CAMBIO FILTRO CENTRIFUGO,1.5
AVENGER 220,CAMBIO FILTRO CENTRIFUGO,1.5
DISCOVER 135,CAMBIO FILTRO CENTRIFUGO,1.5
BOXER,CAMBIO FILTRO CENTRIFUGO,1.5
BOXER BM 100,CAMBIO FILTRO CENTRIFUGO,1.5
PLATINO 100,CAMBIO FILTRO CENTRIFUGO,1.5
MOTOCARRO 4T,CAMBIO FILTRO CENTRIFUGO,2
MRX 150,CAMBIO FILTRO CENTRIFUGO,1
FURAX,CAMBIO FILTRO CENTRIFUGO,1.8
BOMBER 125,CAMBIO FILTRO CENTRIFUGO,1.5
COMBAT 125,CAMBIO FILTRO CENTRIFUGO,1.5
TOP BOY,CAMBIO DE VARIADOR DE VELOCIDAD,1
AGILITY,CAMBIO DE VARIADOR DE VELOCIDAD,1
AGILITY RS,CAMBIO DE VARIADOR DE VELOCIDAD,1
AGILITY CITY 150,CAMBIO DE VARIADOR DE VELOCIDAD,1
BET & WIN,CAMBIO DE VARIADOR DE VELOCIDAD,1
AGILITY RS  NAKED,CAMBIO DE VARIADOR DE VELOCIDAD,1
SUPER 8,CAMBIO DE VARIADOR DE VELOCIDAD,1
GACELA,CAMBIO DE VARIADOR DE VELOCIDAD,1
CRUCERO             x-town 300,CAMBIO DE VARIADOR DE VELOCIDAD,1
ROCKET,CAMBIO DE VARIADOR DE VELOCIDAD,1
FLY 125,CAMBIO DE VARIADOR DE VELOCIDAD,1
TWIST,CAMBIO DE VARIADOR DE VELOCIDAD,1
ZS,CAMBIO DE VARIADOR DE VELOCIDAD,1
LIFE,CAMBIO DE VARIADOR DE VELOCIDAD,1
HUNTER,CAMBIO DE VARIADOR DE VELOCIDAD,1
BLACK,CAMBIO DE VARIADOR DE VELOCIDAD,1
ZONTES 310M,CAMBIO DE VARIADOR DE VELOCIDAD,1.5
TOP BOY,CAMBIO DE  LOS ROLLERS,1
AGILITY,CAMBIO DE  LOS ROLLERS,1
AGILITY RS,CAMBIO DE  LOS ROLLERS,1
AGILITY CITY 150,CAMBIO DE  LOS ROLLERS,1
BET & WIN,CAMBIO DE  LOS ROLLERS,1
AGILITY RS  NAKED,CAMBIO DE  LOS ROLLERS,1
SUPER 8,CAMBIO DE  LOS ROLLERS,1
GACELA,CAMBIO DE  LOS ROLLERS,1
CRUCERO             x-town 300,CAMBIO DE  LOS ROLLERS,1
ROCKET,CAMBIO DE  LOS ROLLERS,1
FLY 125,CAMBIO DE  LOS ROLLERS,1
TWIST,CAMBIO DE  LOS ROLLERS,1
ZS,CAMBIO DE  LOS ROLLERS,1
LIFE,CAMBIO DE  LOS ROLLERS,1
HUNTER,CAMBIO DE  LOS ROLLERS,1
BLACK,CAMBIO DE  LOS ROLLERS,1
ZONTES 310M,CAMBIO DE  LOS ROLLERS,1.5
TOP BOY,CAMBIO DE TAPA CLUTCH,0.8
AGILITY,CAMBIO DE TAPA CLUTCH,0.8
AGILITY RS,CAMBIO DE TAPA CLUTCH,0.8
AGILITY CITY 150,CAMBIO DE TAPA CLUTCH,0.8
BET & WIN,CAMBIO DE TAPA CLUTCH,0.8
ACTIV,CAMBIO DE TAPA CLUTCH,1
SPIKE,CAMBIO DE TAPA CLUTCH,1
AGILITY RS  NAKED,CAMBIO DE TAPA CLUTCH,0.8
SUPER 8,CAMBIO DE TAPA CLUTCH,0.8
GACELA,CAMBIO DE TAPA CLUTCH,0.8
ROCKET,CAMBIO DE TAPA CLUTCH,0.8
FLY 125,CAMBIO DE TAPA CLUTCH,0.8
TWIST,CAMBIO DE TAPA CLUTCH,0.8
JETIX,CAMBIO DE TAPA CLUTCH,1
UNI-K 110,CAMBIO DE TAPA CLUTCH,1
TRACK,CAMBIO DE TAPA CLUTCH,1
PULSAR 135,CAMBIO DE TAPA CLUTCH,1
Perseo,CAMBIO DE TAPA CLUTCH,1
PULSAR,CAMBIO DE TAPA CLUTCH,1
PULSAR 180 UG,CAMBIO DE TAPA CLUTCH,1
PULSAR 150,CAMBIO DE TAPA CLUTCH,1
THOR 160,CAMBIO DE TAPA CLUTCH,1
PULSAR 200,CAMBIO DE TAPA CLUTCH,1
PULSAR 150 NS,CAMBIO DE TAPA CLUTCH,1.3
PULSAR 150 AS,CAMBIO DE TAPA CLUTCH,1.3
PULSAR 200 AS,CAMBIO DE TAPA CLUTCH,1.3
PULSAR 200 NS,CAMBIO DE TAPA CLUTCH,1.3
TITAN,CAMBIO DE TAPA CLUTCH,1.4
PULSAR  RS 200,CAMBIO DE TAPA CLUTCH,1.4
PULSAR 220,CAMBIO DE TAPA CLUTCH,1
AVENGER 220,CAMBIO DE TAPA CLUTCH,1
XCD,CAMBIO DE TAPA CLUTCH,1
DISCOVER 100,CAMBIO DE TAPA CLUTCH,1
DISCOVER 135,CAMBIO DE TAPA CLUTCH,1
BOXER,CAMBIO DE TAPA CLUTCH,1
LEXUS,CAMBIO DE TAPA CLUTCH,1
DISCOVER 100 5S,CAMBIO DE TAPA CLUTCH,1
DISCOVER 150,CAMBIO DE TAPA CLUTCH,1
CHAMPION,CAMBIO DE TAPA CLUTCH,1
DISCOVER 125 ST,CAMBIO DE TAPA CLUTCH,1
BOXER BM 100,CAMBIO DE TAPA CLUTCH,1
BOXER BM 150,CAMBIO DE TAPA CLUTCH,1
BOXER BM 100 ES,CAMBIO DE TAPA CLUTCH,1
PLATINO 125,CAMBIO DE TAPA CLUTCH,1
PLATINO 125 - 5S,CAMBIO DE TAPA CLUTCH,1
PLATINO 100,CAMBIO DE TAPA CLUTCH,1
PLATINO 110,CAMBIO DE TAPA CLUTCH,1
FAMILLY,CAMBIO DE TAPA CLUTCH,1
MOTOCARRO 4T,CAMBIO DE TAPA CLUTCH,1.5
TORITO,CAMBIO DE TAPA CLUTCH,1.5
KAZE MAX II,CAMBIO DE TAPA CLUTCH,0.8
ZX 130- MAGIC II,CAMBIO DE TAPA CLUTCH,1
KMX,CAMBIO DE TAPA CLUTCH,1.3
KLX 150,CAMBIO DE TAPA CLUTCH,1
KLX150  L,CAMBIO DE TAPA CLUTCH,1
KLX 250,CAMBIO DE TAPA CLUTCH,1.8
NINJA 250,CAMBIO DE TAPA CLUTCH,2
NINJA 250 FI,CAMBIO DE TAPA CLUTCH,2
Z250,CAMBIO DE TAPA CLUTCH,1.5
Z250 SL,CAMBIO DE TAPA CLUTCH,1.5
ER-6n,CAMBIO DE TAPA CLUTCH,1
TRANS-SPORT,CAMBIO DE TAPA CLUTCH,0.8
MRX 150,CAMBIO DE TAPA CLUTCH,1
FURAX,CAMBIO DE TAPA CLUTCH,0.8
BOMBER 125,CAMBIO DE TAPA CLUTCH,0.8
BOMBER 250,CAMBIO DE TAPA CLUTCH,0.6
COMBAT 125,CAMBIO DE TAPA CLUTCH,0.8
ZS,CAMBIO DE TAPA CLUTCH,0.8
LIFE,CAMBIO DE TAPA CLUTCH,8
HUNTER,CAMBIO DE TAPA CLUTCH,0.8
BLACK,CAMBIO DE TAPA CLUTCH,0.8
VENOM 400,CAMBIO DE TAPA CLUTCH,1
VENOM 250,CAMBIO DE TAPA CLUTCH,1.3
ONE,CAMBIO DE TAPA CLUTCH,1
FLOW,CAMBIO DE TAPA CLUTCH,1
ADVANCE II LF,CAMBIO DE TAPA CLUTCH,1
ZONTES 155,CAMBIO DE TAPA CLUTCH,1.5
ZONTES 310M,CAMBIO DE TAPA CLUTCH,0.8
SHOCK,CAMBIO DE TAPA CLUTCH,1
TNT150i,CAMBIO DE TAPA CLUTCH,1.5
180S,CAMBIO DE TAPA CLUTCH,1.5
TNT25N,CAMBIO DE TAPA CLUTCH,2
LEONCINO 500,CAMBIO DE TAPA CLUTCH,1
LEONCINO 250,CAMBIO DE TAPA CLUTCH,2
TRK 500X,CAMBIO DE TAPA CLUTCH,1
TRK 251,CAMBIO DE TAPA CLUTCH,2
302 S,CAMBIO DE TAPA CLUTCH,2
PULSAR,CAMBIO DE BALANCEADOR,2.5
PULSAR 180 UG,CAMBIO DE BALANCEADOR,2.5
PULSAR 150,CAMBIO DE BALANCEADOR,2.5
THOR 160,CAMBIO DE BALANCEADOR,2.5
PULSAR 200,CAMBIO DE BALANCEADOR,8.5
PULSAR 150 NS,CAMBIO DE BALANCEADOR,7
PULSAR 150 AS,CAMBIO DE BALANCEADOR,8.3
PULSAR 200 AS,CAMBIO DE BALANCEADOR,8.3
PULSAR 200 NS,CAMBIO DE BALANCEADOR,8
TITAN,CAMBIO DE BALANCEADOR,9
PULSAR  RS 200,CAMBIO DE BALANCEADOR,9
PULSAR 220,CAMBIO DE BALANCEADOR,2.5
AVENGER 220,CAMBIO DE BALANCEADOR,2.5
KMX,CAMBIO DE BALANCEADOR,6
KLX 250,CAMBIO DE BALANCEADOR,7
NINJA 250,CAMBIO DE BALANCEADOR,10
NINJA 250 FI,CAMBIO DE BALANCEADOR,10
Z250,CAMBIO DE BALANCEADOR,10
Z250 SL,CAMBIO DE BALANCEADOR,10
ER-6n,CAMBIO DE BALANCEADOR,12
MRX 150,CAMBIO DE BALANCEADOR,6
FURAX,CAMBIO DE BALANCEADOR,7
BOMBER 250,CAMBIO DE BALANCEADOR,7.5
VENOM 250,CAMBIO DE BALANCEADOR,8
ZONTES 155,CAMBIO DE BALANCEADOR,7
TNT150i,CAMBIO DE BALANCEADOR,9
180S,CAMBIO DE BALANCEADOR,9
TNT25N,CAMBIO DE BALANCEADOR,10
LEONCINO 500,CAMBIO DE BALANCEADOR,11
LEONCINO 250,CAMBIO DE BALANCEADOR,10
TRK 500X,CAMBIO DE BALANCEADOR,12
TRK 251,CAMBIO DE BALANCEADOR,10
302 S,CAMBIO DE BALANCEADOR,10
PULSAR 135,CAMBIO VISOR ACEITE,0.7
Perseo,CAMBIO VISOR ACEITE,0.7
PULSAR,CAMBIO VISOR ACEITE,0.7
PULSAR 180 UG,CAMBIO VISOR ACEITE,0.7
PULSAR 150,CAMBIO VISOR ACEITE,0.7
THOR 160,CAMBIO VISOR ACEITE,0.7
PULSAR 200,CAMBIO VISOR ACEITE,0.7
PULSAR 150 NS,CAMBIO VISOR ACEITE,0.7
PULSAR 150 AS,CAMBIO VISOR ACEITE,0.7
PULSAR 200 AS,CAMBIO VISOR ACEITE,0.7
PULSAR 200 NS,CAMBIO VISOR ACEITE,0.7
TITAN,CAMBIO VISOR ACEITE,0.8
PULSAR  RS 200,CAMBIO VISOR ACEITE,0.8
PULSAR 220,CAMBIO VISOR ACEITE,0.7
AVENGER 220,CAMBIO VISOR ACEITE,0.7
XCD,CAMBIO VISOR ACEITE,0.7
DISCOVER 100,CAMBIO VISOR ACEITE,0.7
DISCOVER 135,CAMBIO VISOR ACEITE,0.7
BOXER,CAMBIO VISOR ACEITE,0.7
LEXUS,CAMBIO VISOR ACEITE,0.7
DISCOVER 100 5S,CAMBIO VISOR ACEITE,0.7
DISCOVER 150,CAMBIO VISOR ACEITE,0.7
CHAMPION,CAMBIO VISOR ACEITE,0.7
DISCOVER 125 ST,CAMBIO VISOR ACEITE,0.7
BOXER BM 100,CAMBIO VISOR ACEITE,0.7
BOXER BM 150,CAMBIO VISOR ACEITE,0.7
BOXER BM 100 ES,CAMBIO VISOR ACEITE,0.7
PLATINO 125,CAMBIO VISOR ACEITE,0.7
PLATINO 125 - 5S,CAMBIO VISOR ACEITE,0.7
PLATINO 100,CAMBIO VISOR ACEITE,0.7
PLATINO 110,CAMBIO VISOR ACEITE,0.7
FAMILLY,CAMBIO VISOR ACEITE,0.7
KAZE MAX II,CAMBIO VISOR ACEITE,1
KMX,CAMBIO VISOR ACEITE,1
KLX 250,CAMBIO VISOR ACEITE,1.5
NINJA 250,CAMBIO VISOR ACEITE,1.5
NINJA 250 FI,CAMBIO VISOR ACEITE,1.5
Z250,CAMBIO VISOR ACEITE,1.5
Z250 SL,CAMBIO VISOR ACEITE,1.5
ER-6n,CAMBIO VISOR ACEITE,1.5
FURAX,CAMBIO VISOR ACEITE,1.2
BOMBER 125,CAMBIO VISOR ACEITE,0.7
BOMBER 250,CAMBIO VISOR ACEITE,1
COMBAT 125,CAMBIO VISOR ACEITE,0.7
VENOM 400,CAMBIO VISOR ACEITE,0.7
VENOM 250,CAMBIO VISOR ACEITE,0.7
ZONTES 155,CAMBIO VISOR ACEITE,1.5
TNT150i,CAMBIO VISOR ACEITE,1.5
180S,CAMBIO VISOR ACEITE,1.5
TNT25N,CAMBIO VISOR ACEITE,1.5
LEONCINO 500,CAMBIO VISOR ACEITE,1.5
LEONCINO 250,CAMBIO VISOR ACEITE,1.5
TRK 500X,CAMBIO VISOR ACEITE,1.5
TRK 251,CAMBIO VISOR ACEITE,1.5
302 S,CAMBIO VISOR ACEITE,1.5
ACTIV,CAMBIO LEVA CLUTCH DEL MOTOR,0.7
SPIKE,CAMBIO LEVA CLUTCH DEL MOTOR,0.7
JETIX,CAMBIO LEVA CLUTCH DEL MOTOR,0.7
UNI-K 110,CAMBIO LEVA CLUTCH DEL MOTOR,0.7
TRACK,CAMBIO LEVA CLUTCH DEL MOTOR,0.7
PULSAR 135,CAMBIO LEVA CLUTCH DEL MOTOR,0.7
Perseo,CAMBIO LEVA CLUTCH DEL MOTOR,0.7
PULSAR,CAMBIO LEVA CLUTCH DEL MOTOR,0.7
PULSAR 180 UG,CAMBIO LEVA CLUTCH DEL MOTOR,0.7
PULSAR 150,CAMBIO LEVA CLUTCH DEL MOTOR,0.7
THOR 160,CAMBIO LEVA CLUTCH DEL MOTOR,0.7
PULSAR 200,CAMBIO LEVA CLUTCH DEL MOTOR,0.7
PULSAR 150 NS,CAMBIO LEVA CLUTCH DEL MOTOR,0.7
PULSAR 150 AS,CAMBIO LEVA CLUTCH DEL MOTOR,0.7
PULSAR 200 AS,CAMBIO LEVA CLUTCH DEL MOTOR,0.7
PULSAR 200 NS,CAMBIO LEVA CLUTCH DEL MOTOR,0.7
TITAN,CAMBIO LEVA CLUTCH DEL MOTOR,0.8
PULSAR  RS 200,CAMBIO LEVA CLUTCH DEL MOTOR,0.8
PULSAR 220,CAMBIO LEVA CLUTCH DEL MOTOR,0.7
AVENGER 220,CAMBIO LEVA CLUTCH DEL MOTOR,0.7
XCD,CAMBIO LEVA CLUTCH DEL MOTOR,0.7
DISCOVER 100,CAMBIO LEVA CLUTCH DEL MOTOR,0.7
DISCOVER 135,CAMBIO LEVA CLUTCH DEL MOTOR,0.7
BOXER,CAMBIO LEVA CLUTCH DEL MOTOR,0.7
LEXUS,CAMBIO LEVA CLUTCH DEL MOTOR,0.7
DISCOVER 100 5S,CAMBIO LEVA CLUTCH DEL MOTOR,0.7
DISCOVER 150,CAMBIO LEVA CLUTCH DEL MOTOR,0.7
CHAMPION,CAMBIO LEVA CLUTCH DEL MOTOR,0.7
DISCOVER 125 ST,CAMBIO LEVA CLUTCH DEL MOTOR,0.7
BOXER BM 100,CAMBIO LEVA CLUTCH DEL MOTOR,0.7
BOXER BM 150,CAMBIO LEVA CLUTCH DEL MOTOR,0.7
BOXER BM 100 ES,CAMBIO LEVA CLUTCH DEL MOTOR,0.7
PLATINO 125,CAMBIO LEVA CLUTCH DEL MOTOR,0.7
PLATINO 125 - 5S,CAMBIO LEVA CLUTCH DEL MOTOR,0.7
PLATINO 100,CAMBIO LEVA CLUTCH DEL MOTOR,0.7
PLATINO 110,CAMBIO LEVA CLUTCH DEL MOTOR,0.7
FAMILLY,CAMBIO LEVA CLUTCH DEL MOTOR,0.7
MOTOCARRO 4T,CAMBIO LEVA CLUTCH DEL MOTOR,0.7
TORITO,CAMBIO LEVA CLUTCH DEL MOTOR,0.7
ZX 130- MAGIC II,CAMBIO LEVA CLUTCH DEL MOTOR,0.7
KMX,CAMBIO LEVA CLUTCH DEL MOTOR,1
KLX 150,CAMBIO LEVA CLUTCH DEL MOTOR,1
KLX150  L,CAMBIO LEVA CLUTCH DEL MOTOR,1
KLX 250,CAMBIO LEVA CLUTCH DEL MOTOR,1
NINJA 250,CAMBIO LEVA CLUTCH DEL MOTOR,1.5
NINJA 250 FI,CAMBIO LEVA CLUTCH DEL MOTOR,1.5
Z250,CAMBIO LEVA CLUTCH DEL MOTOR,1.5
ER-6n,CAMBIO LEVA CLUTCH DEL MOTOR,1.5
MRX 150,CAMBIO LEVA CLUTCH DEL MOTOR,1
FURAX,CAMBIO LEVA CLUTCH DEL MOTOR,1.2
BOMBER 125,CAMBIO LEVA CLUTCH DEL MOTOR,0.7
BOMBER 250,CAMBIO LEVA CLUTCH DEL MOTOR,1
COMBAT 125,CAMBIO LEVA CLUTCH DEL MOTOR,0.7
VENOM 400,CAMBIO LEVA CLUTCH DEL MOTOR,0.5
VENOM 250,CAMBIO LEVA CLUTCH DEL MOTOR,0.7
ONE,CAMBIO LEVA CLUTCH DEL MOTOR,0.7
FLOW,CAMBIO LEVA CLUTCH DEL MOTOR,0.7
ADVANCE II LF,CAMBIO LEVA CLUTCH DEL MOTOR,0.7
ZONTES 155,CAMBIO LEVA CLUTCH DEL MOTOR,1.5
SHOCK,CAMBIO LEVA CLUTCH DEL MOTOR,0.7
TNT150i,CAMBIO LEVA CLUTCH DEL MOTOR,1.5
180S,CAMBIO LEVA CLUTCH DEL MOTOR,1.5
TNT25N,CAMBIO LEVA CLUTCH DEL MOTOR,1.5
LEONCINO 500,CAMBIO LEVA CLUTCH DEL MOTOR,1.5
LEONCINO 250,CAMBIO LEVA CLUTCH DEL MOTOR,1.5
TRK 500X,CAMBIO LEVA CLUTCH DEL MOTOR,1.5
TRK 251,CAMBIO LEVA CLUTCH DEL MOTOR,1.5
302 S,CAMBIO LEVA CLUTCH DEL MOTOR,1.5
PULSAR 135,CAMBIO RETENEDOR LEVA CLUTCH,0.7
Perseo,CAMBIO RETENEDOR LEVA CLUTCH,0.7
PULSAR,CAMBIO RETENEDOR LEVA CLUTCH,0.7
PULSAR 180 UG,CAMBIO RETENEDOR LEVA CLUTCH,0.7
PULSAR 150,CAMBIO RETENEDOR LEVA CLUTCH,0.7
THOR 160,CAMBIO RETENEDOR LEVA CLUTCH,0.7
PULSAR 200,CAMBIO RETENEDOR LEVA CLUTCH,0.7
PULSAR 150 NS,CAMBIO RETENEDOR LEVA CLUTCH,0.7
PULSAR 150 AS,CAMBIO RETENEDOR LEVA CLUTCH,0.7
PULSAR 200 AS,CAMBIO RETENEDOR LEVA CLUTCH,0.7
PULSAR 200 NS,CAMBIO RETENEDOR LEVA CLUTCH,0.7
TITAN,CAMBIO RETENEDOR LEVA CLUTCH,0.8
PULSAR  RS 200,CAMBIO RETENEDOR LEVA CLUTCH,0.8
PULSAR 220,CAMBIO RETENEDOR LEVA CLUTCH,0.7
AVENGER 220,CAMBIO RETENEDOR LEVA CLUTCH,0.7
XCD,CAMBIO RETENEDOR LEVA CLUTCH,0.7
DISCOVER 100,CAMBIO RETENEDOR LEVA CLUTCH,0.7
DISCOVER 135,CAMBIO RETENEDOR LEVA CLUTCH,0.7
BOXER,CAMBIO RETENEDOR LEVA CLUTCH,0.7
LEXUS,CAMBIO RETENEDOR LEVA CLUTCH,0.7
DISCOVER 100 5S,CAMBIO RETENEDOR LEVA CLUTCH,0.7
DISCOVER 150,CAMBIO RETENEDOR LEVA CLUTCH,0.7
CHAMPION,CAMBIO RETENEDOR LEVA CLUTCH,0.7
DISCOVER 125 ST,CAMBIO RETENEDOR LEVA CLUTCH,0.7
BOXER BM 100,CAMBIO RETENEDOR LEVA CLUTCH,0.7
BOXER BM 150,CAMBIO RETENEDOR LEVA CLUTCH,0.7
BOXER BM 100 ES,CAMBIO RETENEDOR LEVA CLUTCH,0.7
PLATINO 125,CAMBIO RETENEDOR LEVA CLUTCH,0.7
PLATINO 125 - 5S,CAMBIO RETENEDOR LEVA CLUTCH,0.7
PLATINO 100,CAMBIO RETENEDOR LEVA CLUTCH,0.7
PLATINO 110,CAMBIO RETENEDOR LEVA CLUTCH,0.7
FAMILLY,CAMBIO RETENEDOR LEVA CLUTCH,0.7
MOTOCARRO 4T,CAMBIO RETENEDOR LEVA CLUTCH,0.7
TORITO,CAMBIO RETENEDOR LEVA CLUTCH,0.7
KMX,CAMBIO RETENEDOR LEVA CLUTCH,1
KLX 150,CAMBIO RETENEDOR LEVA CLUTCH,1
KLX150  L,CAMBIO RETENEDOR LEVA CLUTCH,1
KLX 250,CAMBIO RETENEDOR LEVA CLUTCH,1.2
NINJA 250,CAMBIO RETENEDOR LEVA CLUTCH,1.5
NINJA 250 FI,CAMBIO RETENEDOR LEVA CLUTCH,1.5
Z250,CAMBIO RETENEDOR LEVA CLUTCH,1.5
Z250 SL,CAMBIO RETENEDOR LEVA CLUTCH,1.5
ER-6n,CAMBIO RETENEDOR LEVA CLUTCH,1.5
MRX 150,CAMBIO RETENEDOR LEVA CLUTCH,1
FURAX,CAMBIO RETENEDOR LEVA CLUTCH,1.2
BOMBER 125,CAMBIO RETENEDOR LEVA CLUTCH,0.7
BOMBER 250,CAMBIO RETENEDOR LEVA CLUTCH,1
COMBAT 125,CAMBIO RETENEDOR LEVA CLUTCH,0.7
VENOM 400,CAMBIO RETENEDOR LEVA CLUTCH,1
VENOM 250,CAMBIO RETENEDOR LEVA CLUTCH,0.7
ZONTES 155,CAMBIO RETENEDOR LEVA CLUTCH,1.5
TNT150i,CAMBIO RETENEDOR LEVA CLUTCH,1.5
180S,CAMBIO RETENEDOR LEVA CLUTCH,1.5
TNT25N,CAMBIO RETENEDOR LEVA CLUTCH,1.5
LEONCINO 500,CAMBIO RETENEDOR LEVA CLUTCH,1.5
LEONCINO 250,CAMBIO RETENEDOR LEVA CLUTCH,1.5
TRK 500X,CAMBIO RETENEDOR LEVA CLUTCH,1.5
TRK 251,CAMBIO RETENEDOR LEVA CLUTCH,1.5
302 S,CAMBIO RETENEDOR LEVA CLUTCH,1.5
ACTIV,CAMBIO LEVA EXTERNA ACCIONADORA DEL CLUTCH (MOTOR),1
SPIKE,CAMBIO LEVA EXTERNA ACCIONADORA DEL CLUTCH (MOTOR),1
JETIX,CAMBIO LEVA EXTERNA ACCIONADORA DEL CLUTCH (MOTOR),1
UNI-K 110,CAMBIO LEVA EXTERNA ACCIONADORA DEL CLUTCH (MOTOR),1
TRACK,CAMBIO LEVA EXTERNA ACCIONADORA DEL CLUTCH (MOTOR),1
PULSAR 135,CAMBIO LEVA EXTERNA ACCIONADORA DEL CLUTCH (MOTOR),0.3
Perseo,CAMBIO LEVA EXTERNA ACCIONADORA DEL CLUTCH (MOTOR),0.3
PULSAR,CAMBIO LEVA EXTERNA ACCIONADORA DEL CLUTCH (MOTOR),0.3
PULSAR 180 UG,CAMBIO LEVA EXTERNA ACCIONADORA DEL CLUTCH (MOTOR),0.3
PULSAR 150,CAMBIO LEVA EXTERNA ACCIONADORA DEL CLUTCH (MOTOR),0.3
THOR 160,CAMBIO LEVA EXTERNA ACCIONADORA DEL CLUTCH (MOTOR),0.3
PULSAR 200,CAMBIO LEVA EXTERNA ACCIONADORA DEL CLUTCH (MOTOR),0.3
PULSAR 150 NS,CAMBIO LEVA EXTERNA ACCIONADORA DEL CLUTCH (MOTOR),0.7
PULSAR 150 AS,CAMBIO LEVA EXTERNA ACCIONADORA DEL CLUTCH (MOTOR),0.7
PULSAR 200 AS,CAMBIO LEVA EXTERNA ACCIONADORA DEL CLUTCH (MOTOR),0.7
PULSAR 200 NS,CAMBIO LEVA EXTERNA ACCIONADORA DEL CLUTCH (MOTOR),0.7
TITAN,CAMBIO LEVA EXTERNA ACCIONADORA DEL CLUTCH (MOTOR),0.8
PULSAR  RS 200,CAMBIO LEVA EXTERNA ACCIONADORA DEL CLUTCH (MOTOR),0.8
PULSAR 220,CAMBIO LEVA EXTERNA ACCIONADORA DEL CLUTCH (MOTOR),0.3
AVENGER 220,CAMBIO LEVA EXTERNA ACCIONADORA DEL CLUTCH (MOTOR),0.3
DISCOVER 100 5S,CAMBIO LEVA EXTERNA ACCIONADORA DEL CLUTCH (MOTOR),0.3
DISCOVER 150,CAMBIO LEVA EXTERNA ACCIONADORA DEL CLUTCH (MOTOR),0.3
CHAMPION,CAMBIO LEVA EXTERNA ACCIONADORA DEL CLUTCH (MOTOR),0.3
DISCOVER 125 ST,CAMBIO LEVA EXTERNA ACCIONADORA DEL CLUTCH (MOTOR),0.3
MOTOCARRO 4T,CAMBIO LEVA EXTERNA ACCIONADORA DEL CLUTCH (MOTOR),0.7
TORITO,CAMBIO LEVA EXTERNA ACCIONADORA DEL CLUTCH (MOTOR),0.7
KAZE MAX II,CAMBIO LEVA EXTERNA ACCIONADORA DEL CLUTCH (MOTOR),1
ZX 130- MAGIC II,CAMBIO LEVA EXTERNA ACCIONADORA DEL CLUTCH (MOTOR),1
KMX,CAMBIO LEVA EXTERNA ACCIONADORA DEL CLUTCH (MOTOR),1
KLX 250,CAMBIO LEVA EXTERNA ACCIONADORA DEL CLUTCH (MOTOR),1
TRANS-SPORT,CAMBIO LEVA EXTERNA ACCIONADORA DEL CLUTCH (MOTOR),1
MRX 150,CAMBIO LEVA EXTERNA ACCIONADORA DEL CLUTCH (MOTOR),1
BOMBER 250,CAMBIO LEVA EXTERNA ACCIONADORA DEL CLUTCH (MOTOR),1
VENOM 400,CAMBIO LEVA EXTERNA ACCIONADORA DEL CLUTCH (MOTOR),1.5
VENOM 250,CAMBIO LEVA EXTERNA ACCIONADORA DEL CLUTCH (MOTOR),0.7
ONE,CAMBIO LEVA EXTERNA ACCIONADORA DEL CLUTCH (MOTOR),1
FLOW,CAMBIO LEVA EXTERNA ACCIONADORA DEL CLUTCH (MOTOR),1
ADVANCE II LF,CAMBIO LEVA EXTERNA ACCIONADORA DEL CLUTCH (MOTOR),1
SHOCK,CAMBIO LEVA EXTERNA ACCIONADORA DEL CLUTCH (MOTOR),1
NINJA 250,CAMBIO Y/O REPARACION DEL SEMI CARTER DEL CLUTCH,1.5
NINJA 250 FI,CAMBIO Y/O REPARACION DEL SEMI CARTER DEL CLUTCH,1.5
Z250,CAMBIO Y/O REPARACION DEL SEMI CARTER DEL CLUTCH,1.5
Z250 SL,CAMBIO Y/O REPARACION DEL SEMI CARTER DEL CLUTCH,1.5
ER-6n,CAMBIO Y/O REPARACION DEL SEMI CARTER DEL CLUTCH,1.5
ZONTES 155,CAMBIO Y/O REPARACION DEL SEMI CARTER DEL CLUTCH,1.5
TNT150i,CAMBIO Y/O REPARACION DEL SEMI CARTER DEL CLUTCH,1.5
180S,CAMBIO Y/O REPARACION DEL SEMI CARTER DEL CLUTCH,1.5
TNT25N,CAMBIO Y/O REPARACION DEL SEMI CARTER DEL CLUTCH,1.5
LEONCINO 500,CAMBIO Y/O REPARACION DEL SEMI CARTER DEL CLUTCH,1.5
LEONCINO 250,CAMBIO Y/O REPARACION DEL SEMI CARTER DEL CLUTCH,1.5
TRK 500X,CAMBIO Y/O REPARACION DEL SEMI CARTER DEL CLUTCH,1.5
TRK 251,CAMBIO Y/O REPARACION DEL SEMI CARTER DEL CLUTCH,1.5
302 S,CAMBIO Y/O REPARACION DEL SEMI CARTER DEL CLUTCH,1.5
ACTIV,CAMBIO Y/O REPARACION DEL BUJE CENTRAL DEL CLUTCH,2.5
SPIKE,CAMBIO Y/O REPARACION DEL BUJE CENTRAL DEL CLUTCH,2.5
JETIX,CAMBIO Y/O REPARACION DEL BUJE CENTRAL DEL CLUTCH,2.5
UNI-K 110,CAMBIO Y/O REPARACION DEL BUJE CENTRAL DEL CLUTCH,2.5
TRACK,CAMBIO Y/O REPARACION DEL BUJE CENTRAL DEL CLUTCH,2.5
PULSAR 135,CAMBIO Y/O REPARACION DEL BUJE CENTRAL DEL CLUTCH,2
Perseo,CAMBIO Y/O REPARACION DEL BUJE CENTRAL DEL CLUTCH,2
PULSAR,CAMBIO Y/O REPARACION DEL BUJE CENTRAL DEL CLUTCH,2
PULSAR 200,CAMBIO Y/O REPARACION DEL BUJE CENTRAL DEL CLUTCH,1.5
PULSAR 150 NS,CAMBIO Y/O REPARACION DEL BUJE CENTRAL DEL CLUTCH,2
PULSAR 150 AS,CAMBIO Y/O REPARACION DEL BUJE CENTRAL DEL CLUTCH,2
PULSAR 200 AS,CAMBIO Y/O REPARACION DEL BUJE CENTRAL DEL CLUTCH,2
PULSAR 200 NS,CAMBIO Y/O REPARACION DEL BUJE CENTRAL DEL CLUTCH,2
TITAN,CAMBIO Y/O REPARACION DEL BUJE CENTRAL DEL CLUTCH,2.1
PULSAR  RS 200,CAMBIO Y/O REPARACION DEL BUJE CENTRAL DEL CLUTCH,2.1
XCD,CAMBIO Y/O REPARACION DEL BUJE CENTRAL DEL CLUTCH,2
DISCOVER 100,CAMBIO Y/O REPARACION DEL BUJE CENTRAL DEL CLUTCH,2
DISCOVER 135,CAMBIO Y/O REPARACION DEL BUJE CENTRAL DEL CLUTCH,2
BOXER,CAMBIO Y/O REPARACION DEL BUJE CENTRAL DEL CLUTCH,2
LEXUS,CAMBIO Y/O REPARACION DEL BUJE CENTRAL DEL CLUTCH,2
DISCOVER 100 5S,CAMBIO Y/O REPARACION DEL BUJE CENTRAL DEL CLUTCH,2
DISCOVER 150,CAMBIO Y/O REPARACION DEL BUJE CENTRAL DEL CLUTCH,2
CHAMPION,CAMBIO Y/O REPARACION DEL BUJE CENTRAL DEL CLUTCH,2
DISCOVER 125 ST,CAMBIO Y/O REPARACION DEL BUJE CENTRAL DEL CLUTCH,2
BOXER BM 100,CAMBIO Y/O REPARACION DEL BUJE CENTRAL DEL CLUTCH,2
BOXER BM 150,CAMBIO Y/O REPARACION DEL BUJE CENTRAL DEL CLUTCH,2
BOXER BM 100 ES,CAMBIO Y/O REPARACION DEL BUJE CENTRAL DEL CLUTCH,2
PLATINO 125,CAMBIO Y/O REPARACION DEL BUJE CENTRAL DEL CLUTCH,2
PLATINO 125 - 5S,CAMBIO Y/O REPARACION DEL BUJE CENTRAL DEL CLUTCH,2
PLATINO 100,CAMBIO Y/O REPARACION DEL BUJE CENTRAL DEL CLUTCH,2
PLATINO 110,CAMBIO Y/O REPARACION DEL BUJE CENTRAL DEL CLUTCH,2
FAMILLY,CAMBIO Y/O REPARACION DEL BUJE CENTRAL DEL CLUTCH,2
MOTOCARRO 4T,CAMBIO Y/O REPARACION DEL BUJE CENTRAL DEL CLUTCH,2
TORITO,CAMBIO Y/O REPARACION DEL BUJE CENTRAL DEL CLUTCH,2
KAZE MAX II,CAMBIO Y/O REPARACION DEL BUJE CENTRAL DEL CLUTCH,1.8
ZX 130- MAGIC II,CAMBIO Y/O REPARACION DEL BUJE CENTRAL DEL CLUTCH,2.5
KLX 150,CAMBIO Y/O REPARACION DEL BUJE CENTRAL DEL CLUTCH,1.5
KLX150  L,CAMBIO Y/O REPARACION DEL BUJE CENTRAL DEL CLUTCH,1.5
KLX 250,CAMBIO Y/O REPARACION DEL BUJE CENTRAL DEL CLUTCH,1.5
NINJA 250,CAMBIO Y/O REPARACION DEL BUJE CENTRAL DEL CLUTCH,2.5
NINJA 250 FI,CAMBIO Y/O REPARACION DEL BUJE CENTRAL DEL CLUTCH,2.5
Z250,CAMBIO Y/O REPARACION DEL BUJE CENTRAL DEL CLUTCH,2
Z250 SL,CAMBIO Y/O REPARACION DEL BUJE CENTRAL DEL CLUTCH,2
ER-6n,CAMBIO Y/O REPARACION DEL BUJE CENTRAL DEL CLUTCH,2.5
TRANS-SPORT,CAMBIO Y/O REPARACION DEL BUJE CENTRAL DEL CLUTCH,1.8
MRX 150,CAMBIO Y/O REPARACION DEL BUJE CENTRAL DEL CLUTCH,1.5
BOMBER 125,CAMBIO Y/O REPARACION DEL BUJE CENTRAL DEL CLUTCH,2
BOMBER 250,CAMBIO Y/O REPARACION DEL BUJE CENTRAL DEL CLUTCH,1.5
COMBAT 125,CAMBIO Y/O REPARACION DEL BUJE CENTRAL DEL CLUTCH,2
VENOM 400,CAMBIO Y/O REPARACION DEL BUJE CENTRAL DEL CLUTCH,2
VENOM 250,CAMBIO Y/O REPARACION DEL BUJE CENTRAL DEL CLUTCH,2
ONE,CAMBIO Y/O REPARACION DEL BUJE CENTRAL DEL CLUTCH,2.5
FLOW,CAMBIO Y/O REPARACION DEL BUJE CENTRAL DEL CLUTCH,2.5
ADVANCE II LF,CAMBIO Y/O REPARACION DEL BUJE CENTRAL DEL CLUTCH,2.5
ZONTES 155,CAMBIO Y/O REPARACION DEL BUJE CENTRAL DEL CLUTCH,2
SHOCK,CAMBIO Y/O REPARACION DEL BUJE CENTRAL DEL CLUTCH,2.5
TNT150i,CAMBIO Y/O REPARACION DEL BUJE CENTRAL DEL CLUTCH,2
180S,CAMBIO Y/O REPARACION DEL BUJE CENTRAL DEL CLUTCH,2
TNT25N,CAMBIO Y/O REPARACION DEL BUJE CENTRAL DEL CLUTCH,2.5
LEONCINO 500,CAMBIO Y/O REPARACION DEL BUJE CENTRAL DEL CLUTCH,2.5
LEONCINO 250,CAMBIO Y/O REPARACION DEL BUJE CENTRAL DEL CLUTCH,2.5
TRK 500X,CAMBIO Y/O REPARACION DEL BUJE CENTRAL DEL CLUTCH,2.5
TRK 251,CAMBIO Y/O REPARACION DEL BUJE CENTRAL DEL CLUTCH,2.5
302 S,CAMBIO Y/O REPARACION DEL BUJE CENTRAL DEL CLUTCH,2.5
BOMBER 250,CAMBIO Y/O REPARACION DE LAS ARANDELAS SEPARADORAS DE CLUTCH,1.5
VENOM 400,CAMBIO Y/O REPARACION DE LAS ARANDELAS SEPARADORAS DE CLUTCH,2
AGILITY,CAMBIO Y/O REPARACION DE LAS ZAPATAS DEL CLUTCH CENTRIFUGO,1
AGILITY RS,CAMBIO Y/O REPARACION DE LAS ZAPATAS DEL CLUTCH CENTRIFUGO,1
AGILITY CITY 150,CAMBIO Y/O REPARACION DE LAS ZAPATAS DEL CLUTCH CENTRIFUGO,1
BET & WIN,CAMBIO Y/O REPARACION DE LAS ZAPATAS DEL CLUTCH CENTRIFUGO,1
ACTIV,CAMBIO Y/O REPARACION DE LAS ZAPATAS DEL CLUTCH CENTRIFUGO,1.5
SPIKE,CAMBIO Y/O REPARACION DE LAS ZAPATAS DEL CLUTCH CENTRIFUGO,1.5
AGILITY RS  NAKED,CAMBIO Y/O REPARACION DE LAS ZAPATAS DEL CLUTCH CENTRIFUGO,1
SUPER 8,CAMBIO Y/O REPARACION DE LAS ZAPATAS DEL CLUTCH CENTRIFUGO,1
GACELA,CAMBIO Y/O REPARACION DE LAS ZAPATAS DEL CLUTCH CENTRIFUGO,1
CRUCERO             x-town 300,CAMBIO Y/O REPARACION DE LAS ZAPATAS DEL CLUTCH CENTRIFUGO,1
ROCKET,CAMBIO Y/O REPARACION DE LAS ZAPATAS DEL CLUTCH CENTRIFUGO,1
FLY 125,CAMBIO Y/O REPARACION DE LAS ZAPATAS DEL CLUTCH CENTRIFUGO,1
TWIST,CAMBIO Y/O REPARACION DE LAS ZAPATAS DEL CLUTCH CENTRIFUGO,1
JETIX,CAMBIO Y/O REPARACION DE LAS ZAPATAS DEL CLUTCH CENTRIFUGO,1.5
UNI-K 110,CAMBIO Y/O REPARACION DE LAS ZAPATAS DEL CLUTCH CENTRIFUGO,1.5
TRACK,CAMBIO Y/O REPARACION DE LAS ZAPATAS DEL CLUTCH CENTRIFUGO,1.5
KAZE MAX II,CAMBIO Y/O REPARACION DE LAS ZAPATAS DEL CLUTCH CENTRIFUGO,1.3
ZX 130- MAGIC II,CAMBIO Y/O REPARACION DE LAS ZAPATAS DEL CLUTCH CENTRIFUGO,1.5
TRANS-SPORT,CAMBIO Y/O REPARACION DE LAS ZAPATAS DEL CLUTCH CENTRIFUGO,1.3
ZS,CAMBIO Y/O REPARACION DE LAS ZAPATAS DEL CLUTCH CENTRIFUGO,1
LIFE,CAMBIO Y/O REPARACION DE LAS ZAPATAS DEL CLUTCH CENTRIFUGO,1
HUNTER,CAMBIO Y/O REPARACION DE LAS ZAPATAS DEL CLUTCH CENTRIFUGO,1
BLACK,CAMBIO Y/O REPARACION DE LAS ZAPATAS DEL CLUTCH CENTRIFUGO,1
ONE,CAMBIO Y/O REPARACION DE LAS ZAPATAS DEL CLUTCH CENTRIFUGO,1.5
ZONTES 310M,CAMBIO Y/O REPARACION DE LAS ZAPATAS DEL CLUTCH CENTRIFUGO,1
JETIX,CAMBIO  DE  LA TAPA DEL FILTRO CENTRIFUGO,0.7
UNI-K 110,CAMBIO  DE  LA TAPA DEL FILTRO CENTRIFUGO,0.7
TRACK,CAMBIO  DE  LA TAPA DEL FILTRO CENTRIFUGO,0.7
KAZE MAX II,CAMBIO  DE  LA TAPA DEL FILTRO CENTRIFUGO,1.5
TRANS-SPORT,CAMBIO  DE  LA TAPA DEL FILTRO CENTRIFUGO,1.5
BOMBER 125,CAMBIO  DE  LA TAPA DEL FILTRO CENTRIFUGO,0.7
COMBAT 125,CAMBIO  DE  LA TAPA DEL FILTRO CENTRIFUGO,0.7
AGILITY,CAMBIO DEL EMPAQUE DE LA TAPA DEL CLUTCH CENTRIFUGO,0.5
AGILITY RS,CAMBIO DEL EMPAQUE DE LA TAPA DEL CLUTCH CENTRIFUGO,0.5
AGILITY CITY 150,CAMBIO DEL EMPAQUE DE LA TAPA DEL CLUTCH CENTRIFUGO,0.5
BET & WIN,CAMBIO DEL EMPAQUE DE LA TAPA DEL CLUTCH CENTRIFUGO,0.5
AGILITY RS  NAKED,CAMBIO DEL EMPAQUE DE LA TAPA DEL CLUTCH CENTRIFUGO,0.5
SUPER 8,CAMBIO DEL EMPAQUE DE LA TAPA DEL CLUTCH CENTRIFUGO,0.5
GACELA,CAMBIO DEL EMPAQUE DE LA TAPA DEL CLUTCH CENTRIFUGO,0.5
ROCKET,CAMBIO DEL EMPAQUE DE LA TAPA DEL CLUTCH CENTRIFUGO,0.5
FLY 125,CAMBIO DEL EMPAQUE DE LA TAPA DEL CLUTCH CENTRIFUGO,0.5
TWIST,CAMBIO DEL EMPAQUE DE LA TAPA DEL CLUTCH CENTRIFUGO,0.5
KAZE MAX II,CAMBIO DEL EMPAQUE DE LA TAPA DEL CLUTCH CENTRIFUGO,1.5
TRANS-SPORT,CAMBIO DEL EMPAQUE DE LA TAPA DEL CLUTCH CENTRIFUGO,1.5
BOMBER 125,CAMBIO DEL EMPAQUE DE LA TAPA DEL CLUTCH CENTRIFUGO,0.7
COMBAT 125,CAMBIO DEL EMPAQUE DE LA TAPA DEL CLUTCH CENTRIFUGO,0.7
ZS,CAMBIO DEL EMPAQUE DE LA TAPA DEL CLUTCH CENTRIFUGO,0.5
LIFE,CAMBIO DEL EMPAQUE DE LA TAPA DEL CLUTCH CENTRIFUGO,0.5
HUNTER,CAMBIO DEL EMPAQUE DE LA TAPA DEL CLUTCH CENTRIFUGO,0.5
BLACK,CAMBIO DEL EMPAQUE DE LA TAPA DEL CLUTCH CENTRIFUGO,0.5
ZONTES 310M,CAMBIO DEL EMPAQUE DE LA TAPA DEL CLUTCH CENTRIFUGO,0.5
ACTIV,CAMBIO TAPA O EMPAQUE  DEL FILTRO CENTRIFUGO,1
SPIKE,CAMBIO TAPA O EMPAQUE  DEL FILTRO CENTRIFUGO,1
JETIX,CAMBIO TAPA O EMPAQUE  DEL FILTRO CENTRIFUGO,1
UNI-K 110,CAMBIO TAPA O EMPAQUE  DEL FILTRO CENTRIFUGO,1
TRACK,CAMBIO TAPA O EMPAQUE  DEL FILTRO CENTRIFUGO,1
PULSAR,CAMBIO TAPA O EMPAQUE  DEL FILTRO CENTRIFUGO,0.9
PULSAR 180 UG,CAMBIO TAPA O EMPAQUE  DEL FILTRO CENTRIFUGO,0.9
PULSAR 150,CAMBIO TAPA O EMPAQUE  DEL FILTRO CENTRIFUGO,0.9
PULSAR 220,CAMBIO TAPA O EMPAQUE  DEL FILTRO CENTRIFUGO,0.9
AVENGER 220,CAMBIO TAPA O EMPAQUE  DEL FILTRO CENTRIFUGO,1
DISCOVER 135,CAMBIO TAPA O EMPAQUE  DEL FILTRO CENTRIFUGO,1
BOXER,CAMBIO TAPA O EMPAQUE  DEL FILTRO CENTRIFUGO,0.9
BOXER BM 100,CAMBIO TAPA O EMPAQUE  DEL FILTRO CENTRIFUGO,0.9
PLATINO 100,CAMBIO TAPA O EMPAQUE  DEL FILTRO CENTRIFUGO,0.9
FURAX,CAMBIO TAPA O EMPAQUE  DEL FILTRO CENTRIFUGO,1.5
BOMBER 125,CAMBIO TAPA O EMPAQUE  DEL FILTRO CENTRIFUGO,0.7
COMBAT 125,CAMBIO TAPA O EMPAQUE  DEL FILTRO CENTRIFUGO,0.7
FLOW,CAMBIO TAPA O EMPAQUE  DEL FILTRO CENTRIFUGO,1
ADVANCE II LF,CAMBIO TAPA O EMPAQUE  DEL FILTRO CENTRIFUGO,1
SHOCK,CAMBIO TAPA O EMPAQUE  DEL FILTRO CENTRIFUGO,1
JETIX,CAMBIO DE LOS TORNILLOS DE LA TAPA DEL FILTRO CENTRIFUGO,0.7
UNI-K 110,CAMBIO DE LOS TORNILLOS DE LA TAPA DEL FILTRO CENTRIFUGO,0.7
TRACK,CAMBIO DE LOS TORNILLOS DE LA TAPA DEL FILTRO CENTRIFUGO,0.7
PULSAR 180 UG,CAMBIO DE LOS TORNILLOS DE LA TAPA DEL FILTRO CENTRIFUGO,0.9
PULSAR 150,CAMBIO DE LOS TORNILLOS DE LA TAPA DEL FILTRO CENTRIFUGO,0.9
PULSAR 220,CAMBIO DE LOS TORNILLOS DE LA TAPA DEL FILTRO CENTRIFUGO,0.9
AVENGER 220,CAMBIO DE LOS TORNILLOS DE LA TAPA DEL FILTRO CENTRIFUGO,1
FURAX,CAMBIO DE LOS TORNILLOS DE LA TAPA DEL FILTRO CENTRIFUGO,1.8
BOMBER 125,CAMBIO DE LOS TORNILLOS DE LA TAPA DEL FILTRO CENTRIFUGO,0.5
COMBAT 125,CAMBIO DE LOS TORNILLOS DE LA TAPA DEL FILTRO CENTRIFUGO,0.5
FURAX,CAMBIO DEL PIN DEL FILTRO CENTRIFUGO,1.4
ACTIV,CAMBIO  DE LA TUERCA O PIN SUJETADORA DEL CLUTCH,1.5
SPIKE,CAMBIO  DE LA TUERCA O PIN SUJETADORA DEL CLUTCH,1.5
JETIX,CAMBIO  DE LA TUERCA O PIN SUJETADORA DEL CLUTCH,1.5
UNI-K 110,CAMBIO  DE LA TUERCA O PIN SUJETADORA DEL CLUTCH,1.5
TRACK,CAMBIO  DE LA TUERCA O PIN SUJETADORA DEL CLUTCH,1.5
PULSAR 135,CAMBIO  DE LA TUERCA O PIN SUJETADORA DEL CLUTCH,1
Perseo,CAMBIO  DE LA TUERCA O PIN SUJETADORA DEL CLUTCH,1
PULSAR,CAMBIO  DE LA TUERCA O PIN SUJETADORA DEL CLUTCH,1
PULSAR 180 UG,CAMBIO  DE LA TUERCA O PIN SUJETADORA DEL CLUTCH,1
PULSAR 150,CAMBIO  DE LA TUERCA O PIN SUJETADORA DEL CLUTCH,1
THOR 160,CAMBIO  DE LA TUERCA O PIN SUJETADORA DEL CLUTCH,1
PULSAR 200,CAMBIO  DE LA TUERCA O PIN SUJETADORA DEL CLUTCH,1
PULSAR 150 NS,CAMBIO  DE LA TUERCA O PIN SUJETADORA DEL CLUTCH,1.2
PULSAR 150 AS,CAMBIO  DE LA TUERCA O PIN SUJETADORA DEL CLUTCH,1.2
PULSAR 200 AS,CAMBIO  DE LA TUERCA O PIN SUJETADORA DEL CLUTCH,1.2
PULSAR 200 NS,CAMBIO  DE LA TUERCA O PIN SUJETADORA DEL CLUTCH,1.2
TITAN,CAMBIO  DE LA TUERCA O PIN SUJETADORA DEL CLUTCH,1.3
PULSAR  RS 200,CAMBIO  DE LA TUERCA O PIN SUJETADORA DEL CLUTCH,1.3
PULSAR 220,CAMBIO  DE LA TUERCA O PIN SUJETADORA DEL CLUTCH,1
AVENGER 220,CAMBIO  DE LA TUERCA O PIN SUJETADORA DEL CLUTCH,1
XCD,CAMBIO  DE LA TUERCA O PIN SUJETADORA DEL CLUTCH,1
DISCOVER 100,CAMBIO  DE LA TUERCA O PIN SUJETADORA DEL CLUTCH,1
DISCOVER 135,CAMBIO  DE LA TUERCA O PIN SUJETADORA DEL CLUTCH,1
BOXER,CAMBIO  DE LA TUERCA O PIN SUJETADORA DEL CLUTCH,1
LEXUS,CAMBIO  DE LA TUERCA O PIN SUJETADORA DEL CLUTCH,1
DISCOVER 100 5S,CAMBIO  DE LA TUERCA O PIN SUJETADORA DEL CLUTCH,1
DISCOVER 150,CAMBIO  DE LA TUERCA O PIN SUJETADORA DEL CLUTCH,1
CHAMPION,CAMBIO  DE LA TUERCA O PIN SUJETADORA DEL CLUTCH,1
DISCOVER 125 ST,CAMBIO  DE LA TUERCA O PIN SUJETADORA DEL CLUTCH,1
BOXER BM 100,CAMBIO  DE LA TUERCA O PIN SUJETADORA DEL CLUTCH,1
BOXER BM 150,CAMBIO  DE LA TUERCA O PIN SUJETADORA DEL CLUTCH,1
BOXER BM 100 ES,CAMBIO  DE LA TUERCA O PIN SUJETADORA DEL CLUTCH,1
PLATINO 125,CAMBIO  DE LA TUERCA O PIN SUJETADORA DEL CLUTCH,1
PLATINO 125 - 5S,CAMBIO  DE LA TUERCA O PIN SUJETADORA DEL CLUTCH,1
PLATINO 100,CAMBIO  DE LA TUERCA O PIN SUJETADORA DEL CLUTCH,1
PLATINO 110,CAMBIO  DE LA TUERCA O PIN SUJETADORA DEL CLUTCH,1
FAMILLY,CAMBIO  DE LA TUERCA O PIN SUJETADORA DEL CLUTCH,1
MOTOCARRO 4T,CAMBIO  DE LA TUERCA O PIN SUJETADORA DEL CLUTCH,1.5
TORITO,CAMBIO  DE LA TUERCA O PIN SUJETADORA DEL CLUTCH,1.5
KAZE MAX II,CAMBIO  DE LA TUERCA O PIN SUJETADORA DEL CLUTCH,1.6
ZX 130- MAGIC II,CAMBIO  DE LA TUERCA O PIN SUJETADORA DEL CLUTCH,1.5
KMX,CAMBIO  DE LA TUERCA O PIN SUJETADORA DEL CLUTCH,1
KLX 150,CAMBIO  DE LA TUERCA O PIN SUJETADORA DEL CLUTCH,1
KLX150  L,CAMBIO  DE LA TUERCA O PIN SUJETADORA DEL CLUTCH,1
KLX 250,CAMBIO  DE LA TUERCA O PIN SUJETADORA DEL CLUTCH,1.2
NINJA 250,CAMBIO  DE LA TUERCA O PIN SUJETADORA DEL CLUTCH,1.5
NINJA 250 FI,CAMBIO  DE LA TUERCA O PIN SUJETADORA DEL CLUTCH,1.5
Z250,CAMBIO  DE LA TUERCA O PIN SUJETADORA DEL CLUTCH,1.5
Z250 SL,CAMBIO  DE LA TUERCA O PIN SUJETADORA DEL CLUTCH,1.5
ER-6n,CAMBIO  DE LA TUERCA O PIN SUJETADORA DEL CLUTCH,1.5
TRANS-SPORT,CAMBIO  DE LA TUERCA O PIN SUJETADORA DEL CLUTCH,1.8
MRX 150,CAMBIO  DE LA TUERCA O PIN SUJETADORA DEL CLUTCH,1
FURAX,CAMBIO  DE LA TUERCA O PIN SUJETADORA DEL CLUTCH,1.3
BOMBER 125,CAMBIO  DE LA TUERCA O PIN SUJETADORA DEL CLUTCH,1
BOMBER 250,CAMBIO  DE LA TUERCA O PIN SUJETADORA DEL CLUTCH,1
COMBAT 125,CAMBIO  DE LA TUERCA O PIN SUJETADORA DEL CLUTCH,1
VENOM 400,CAMBIO  DE LA TUERCA O PIN SUJETADORA DEL CLUTCH,1.5
VENOM 250,CAMBIO  DE LA TUERCA O PIN SUJETADORA DEL CLUTCH,1.2
ONE,CAMBIO  DE LA TUERCA O PIN SUJETADORA DEL CLUTCH,1.5
FLOW,CAMBIO  DE LA TUERCA O PIN SUJETADORA DEL CLUTCH,1.5
ADVANCE II LF,CAMBIO  DE LA TUERCA O PIN SUJETADORA DEL CLUTCH,1.5
ZONTES 155,CAMBIO  DE LA TUERCA O PIN SUJETADORA DEL CLUTCH,1.5
SHOCK,CAMBIO  DE LA TUERCA O PIN SUJETADORA DEL CLUTCH,1.5
TNT150i,CAMBIO  DE LA TUERCA O PIN SUJETADORA DEL CLUTCH,1.5
180S,CAMBIO  DE LA TUERCA O PIN SUJETADORA DEL CLUTCH,1.5
TNT25N,CAMBIO  DE LA TUERCA O PIN SUJETADORA DEL CLUTCH,1.5
LEONCINO 500,CAMBIO  DE LA TUERCA O PIN SUJETADORA DEL CLUTCH,1.5
LEONCINO 250,CAMBIO  DE LA TUERCA O PIN SUJETADORA DEL CLUTCH,1.5
TRK 500X,CAMBIO  DE LA TUERCA O PIN SUJETADORA DEL CLUTCH,1.5
TRK 251,CAMBIO  DE LA TUERCA O PIN SUJETADORA DEL CLUTCH,1.5
302 S,CAMBIO  DE LA TUERCA O PIN SUJETADORA DEL CLUTCH,1.5
AGILITY,CAMBIO DE LA TUERCA SUJETADORA DEL CLUTCH CENTRIFUGO,0.5
AGILITY RS,CAMBIO DE LA TUERCA SUJETADORA DEL CLUTCH CENTRIFUGO,0.5
AGILITY CITY 150,CAMBIO DE LA TUERCA SUJETADORA DEL CLUTCH CENTRIFUGO,0.5
BET & WIN,CAMBIO DE LA TUERCA SUJETADORA DEL CLUTCH CENTRIFUGO,0.5
ACTIV,CAMBIO DE LA TUERCA SUJETADORA DEL CLUTCH CENTRIFUGO,0.7
SPIKE,CAMBIO DE LA TUERCA SUJETADORA DEL CLUTCH CENTRIFUGO,0.7
AGILITY RS  NAKED,CAMBIO DE LA TUERCA SUJETADORA DEL CLUTCH CENTRIFUGO,0.5
SUPER 8,CAMBIO DE LA TUERCA SUJETADORA DEL CLUTCH CENTRIFUGO,0.5
GACELA,CAMBIO DE LA TUERCA SUJETADORA DEL CLUTCH CENTRIFUGO,0.5
CRUCERO             x-town 300,CAMBIO DE LA TUERCA SUJETADORA DEL CLUTCH CENTRIFUGO,0.7
ROCKET,CAMBIO DE LA TUERCA SUJETADORA DEL CLUTCH CENTRIFUGO,0.5
FLY 125,CAMBIO DE LA TUERCA SUJETADORA DEL CLUTCH CENTRIFUGO,0.5
TWIST,CAMBIO DE LA TUERCA SUJETADORA DEL CLUTCH CENTRIFUGO,0.5
JETIX,CAMBIO DE LA TUERCA SUJETADORA DEL CLUTCH CENTRIFUGO,0.7
UNI-K 110,CAMBIO DE LA TUERCA SUJETADORA DEL CLUTCH CENTRIFUGO,0.7
TRACK,CAMBIO DE LA TUERCA SUJETADORA DEL CLUTCH CENTRIFUGO,0.7
KAZE MAX II,CAMBIO DE LA TUERCA SUJETADORA DEL CLUTCH CENTRIFUGO,1.6
ZX 130- MAGIC II,CAMBIO DE LA TUERCA SUJETADORA DEL CLUTCH CENTRIFUGO,0.7
TRANS-SPORT,CAMBIO DE LA TUERCA SUJETADORA DEL CLUTCH CENTRIFUGO,1.8
ZS,CAMBIO DE LA TUERCA SUJETADORA DEL CLUTCH CENTRIFUGO,0.5
LIFE,CAMBIO DE LA TUERCA SUJETADORA DEL CLUTCH CENTRIFUGO,0.5
HUNTER,CAMBIO DE LA TUERCA SUJETADORA DEL CLUTCH CENTRIFUGO,0.5
ONE,CAMBIO DE LA TUERCA SUJETADORA DEL CLUTCH CENTRIFUGO,0.7
FLOW,CAMBIO DE LA TUERCA SUJETADORA DEL CLUTCH CENTRIFUGO,0.7
ADVANCE II LF,CAMBIO DE LA TUERCA SUJETADORA DEL CLUTCH CENTRIFUGO,0.7
SHOCK,CAMBIO DE LA TUERCA SUJETADORA DEL CLUTCH CENTRIFUGO,0.7
BOMBER 250,CAMBIO DE LA ARANDELA DEL CLUTCH Y DEL CLUTCH CENTRIFUGO,1
ACTIV,TENSIÓN SISTEMA DE CLUTCH SEMI AUTOMATICO,0.3
SPIKE,TENSIÓN SISTEMA DE CLUTCH SEMI AUTOMATICO,0.3
JETIX,TENSIÓN SISTEMA DE CLUTCH SEMI AUTOMATICO,0.3
UNI-K 110,TENSIÓN SISTEMA DE CLUTCH SEMI AUTOMATICO,0.3
TRACK,TENSIÓN SISTEMA DE CLUTCH SEMI AUTOMATICO,0.3
KAZE MAX II,TENSIÓN SISTEMA DE CLUTCH SEMI AUTOMATICO,0.3
ZX 130- MAGIC II,TENSIÓN SISTEMA DE CLUTCH SEMI AUTOMATICO,0.3
TRANS-SPORT,TENSIÓN SISTEMA DE CLUTCH SEMI AUTOMATICO,0.3
ONE,TENSIÓN SISTEMA DE CLUTCH SEMI AUTOMATICO,0.3
FLOW,TENSIÓN SISTEMA DE CLUTCH SEMI AUTOMATICO,0.3
ADVANCE II LF,TENSIÓN SISTEMA DE CLUTCH SEMI AUTOMATICO,0.3
SHOCK,TENSIÓN SISTEMA DE CLUTCH SEMI AUTOMATICO,0.3
ACTIV,CAMBIO DE ACCIONADOR DE CLUTCH,0.7
SPIKE,CAMBIO DE ACCIONADOR DE CLUTCH,0.7
JETIX,CAMBIO DE ACCIONADOR DE CLUTCH,0.7
UNI-K 110,CAMBIO DE ACCIONADOR DE CLUTCH,0.7
TRACK,CAMBIO DE ACCIONADOR DE CLUTCH,0.7
PULSAR 135,CAMBIO DE ACCIONADOR DE CLUTCH,0.7
Perseo,CAMBIO DE ACCIONADOR DE CLUTCH,0.7
PULSAR,CAMBIO DE ACCIONADOR DE CLUTCH,0.7
PULSAR 180 UG,CAMBIO DE ACCIONADOR DE CLUTCH,0.7
PULSAR 150,CAMBIO DE ACCIONADOR DE CLUTCH,0.7
THOR 160,CAMBIO DE ACCIONADOR DE CLUTCH,0.7
PULSAR 200,CAMBIO DE ACCIONADOR DE CLUTCH,0.7
TITAN,CAMBIO DE ACCIONADOR DE CLUTCH,0.7
PULSAR 220,CAMBIO DE ACCIONADOR DE CLUTCH,0.7
AVENGER 220,CAMBIO DE ACCIONADOR DE CLUTCH,0.7
XCD,CAMBIO DE ACCIONADOR DE CLUTCH,0.7
DISCOVER 100,CAMBIO DE ACCIONADOR DE CLUTCH,0.7
DISCOVER 135,CAMBIO DE ACCIONADOR DE CLUTCH,0.7
BOXER,CAMBIO DE ACCIONADOR DE CLUTCH,0.7
LEXUS,CAMBIO DE ACCIONADOR DE CLUTCH,0.7
DISCOVER 100 5S,CAMBIO DE ACCIONADOR DE CLUTCH,0.7
DISCOVER 150,CAMBIO DE ACCIONADOR DE CLUTCH,0.7
CHAMPION,CAMBIO DE ACCIONADOR DE CLUTCH,0.7
DISCOVER 125 ST,CAMBIO DE ACCIONADOR DE CLUTCH,0.7
BOXER BM 100,CAMBIO DE ACCIONADOR DE CLUTCH,0.7
BOXER BM 150,CAMBIO DE ACCIONADOR DE CLUTCH,0.7
BOXER BM 100 ES,CAMBIO DE ACCIONADOR DE CLUTCH,0.7
PLATINO 125,CAMBIO DE ACCIONADOR DE CLUTCH,0.7
PLATINO 125 - 5S,CAMBIO DE ACCIONADOR DE CLUTCH,0.7
PLATINO 100,CAMBIO DE ACCIONADOR DE CLUTCH,0.7
PLATINO 110,CAMBIO DE ACCIONADOR DE CLUTCH,0.7
FAMILLY,CAMBIO DE ACCIONADOR DE CLUTCH,0.7
MOTOCARRO 4T,CAMBIO DE ACCIONADOR DE CLUTCH,2
TORITO,CAMBIO DE ACCIONADOR DE CLUTCH,2
KAZE MAX II,CAMBIO DE ACCIONADOR DE CLUTCH,1.6
ZX 130- MAGIC II,CAMBIO DE ACCIONADOR DE CLUTCH,0.7
KMX,CAMBIO DE ACCIONADOR DE CLUTCH,1
KLX 150,CAMBIO DE ACCIONADOR DE CLUTCH,0.7
KLX150  L,CAMBIO DE ACCIONADOR DE CLUTCH,0.7
KLX 250,CAMBIO DE ACCIONADOR DE CLUTCH,1
NINJA 250,CAMBIO DE ACCIONADOR DE CLUTCH,1.5
NINJA 250 FI,CAMBIO DE ACCIONADOR DE CLUTCH,1.5
Z250,CAMBIO DE ACCIONADOR DE CLUTCH,1
Z250 SL,CAMBIO DE ACCIONADOR DE CLUTCH,1
ER-6n,CAMBIO DE ACCIONADOR DE CLUTCH,1.5
TRANS-SPORT,CAMBIO DE ACCIONADOR DE CLUTCH,0.7
MRX 150,CAMBIO DE ACCIONADOR DE CLUTCH,0.7
FURAX,CAMBIO DE ACCIONADOR DE CLUTCH,0.7
BOMBER 125,CAMBIO DE ACCIONADOR DE CLUTCH,0.7
BOMBER 250,CAMBIO DE ACCIONADOR DE CLUTCH,0.7
COMBAT 125,CAMBIO DE ACCIONADOR DE CLUTCH,0.7
VENOM 400,CAMBIO DE ACCIONADOR DE CLUTCH,1
ONE,CAMBIO DE ACCIONADOR DE CLUTCH,0.7
FLOW,CAMBIO DE ACCIONADOR DE CLUTCH,0.7
ADVANCE II LF,CAMBIO DE ACCIONADOR DE CLUTCH,0.7
ZONTES 155,CAMBIO DE ACCIONADOR DE CLUTCH,1
SHOCK,CAMBIO DE ACCIONADOR DE CLUTCH,0.7
TNT150i,CAMBIO DE ACCIONADOR DE CLUTCH,1
180S,CAMBIO DE ACCIONADOR DE CLUTCH,1
TNT25N,CAMBIO DE ACCIONADOR DE CLUTCH,1.5
LEONCINO 500,CAMBIO DE ACCIONADOR DE CLUTCH,1.5
LEONCINO 250,CAMBIO DE ACCIONADOR DE CLUTCH,1.5
TRK 500X,CAMBIO DE ACCIONADOR DE CLUTCH,1.5
TRK 251,CAMBIO DE ACCIONADOR DE CLUTCH,1.5
302 S,CAMBIO DE ACCIONADOR DE CLUTCH,1.5
TOP BOY,CAMBIO EJE DE SALIDA ( TRANSMISIÓN ),2
AGILITY,CAMBIO EJE DE SALIDA ( TRANSMISIÓN ),2
AGILITY RS,CAMBIO EJE DE SALIDA ( TRANSMISIÓN ),2
AGILITY CITY 150,CAMBIO EJE DE SALIDA ( TRANSMISIÓN ),2
BET & WIN,CAMBIO EJE DE SALIDA ( TRANSMISIÓN ),2.5
ACTIV,CAMBIO EJE DE SALIDA ( TRANSMISIÓN ),5.5
SPIKE,CAMBIO EJE DE SALIDA ( TRANSMISIÓN ),5.5
AGILITY RS  NAKED,CAMBIO EJE DE SALIDA ( TRANSMISIÓN ),2
SUPER 8,CAMBIO EJE DE SALIDA ( TRANSMISIÓN ),2
GACELA,CAMBIO EJE DE SALIDA ( TRANSMISIÓN ),2
CRUCERO             x-town 300,CAMBIO EJE DE SALIDA ( TRANSMISIÓN ),3
ROCKET,CAMBIO EJE DE SALIDA ( TRANSMISIÓN ),2
FLY 125,CAMBIO EJE DE SALIDA ( TRANSMISIÓN ),2
TWIST,CAMBIO EJE DE SALIDA ( TRANSMISIÓN ),2
JETIX,CAMBIO EJE DE SALIDA ( TRANSMISIÓN ),5.5
UNI-K 110,CAMBIO EJE DE SALIDA ( TRANSMISIÓN ),5.5
TRACK,CAMBIO EJE DE SALIDA ( TRANSMISIÓN ),5.5
PULSAR 135,CAMBIO EJE DE SALIDA ( TRANSMISIÓN ),6
Perseo,CAMBIO EJE DE SALIDA ( TRANSMISIÓN ),6
PULSAR,CAMBIO EJE DE SALIDA ( TRANSMISIÓN ),7.5
PULSAR 180 UG,CAMBIO EJE DE SALIDA ( TRANSMISIÓN ),7.5
PULSAR 150,CAMBIO EJE DE SALIDA ( TRANSMISIÓN ),7.5
THOR 160,CAMBIO EJE DE SALIDA ( TRANSMISIÓN ),7.5
PULSAR 200,CAMBIO EJE DE SALIDA ( TRANSMISIÓN ),7.5
PULSAR 150 NS,CAMBIO EJE DE SALIDA ( TRANSMISIÓN ),7
PULSAR 150 AS,CAMBIO EJE DE SALIDA ( TRANSMISIÓN ),7.8
PULSAR 200 AS,CAMBIO EJE DE SALIDA ( TRANSMISIÓN ),7.8
PULSAR 200 NS,CAMBIO EJE DE SALIDA ( TRANSMISIÓN ),7.5
TITAN,CAMBIO EJE DE SALIDA ( TRANSMISIÓN ),8.5
PULSAR  RS 200,CAMBIO EJE DE SALIDA ( TRANSMISIÓN ),8.5
PULSAR 220,CAMBIO EJE DE SALIDA ( TRANSMISIÓN ),7.5
AVENGER 220,CAMBIO EJE DE SALIDA ( TRANSMISIÓN ),7.5
XCD,CAMBIO EJE DE SALIDA ( TRANSMISIÓN ),6
DISCOVER 100,CAMBIO EJE DE SALIDA ( TRANSMISIÓN ),6
DISCOVER 135,CAMBIO EJE DE SALIDA ( TRANSMISIÓN ),6
BOXER,CAMBIO EJE DE SALIDA ( TRANSMISIÓN ),6
LEXUS,CAMBIO EJE DE SALIDA ( TRANSMISIÓN ),6
DISCOVER 100 5S,CAMBIO EJE DE SALIDA ( TRANSMISIÓN ),6
DISCOVER 150,CAMBIO EJE DE SALIDA ( TRANSMISIÓN ),6
CHAMPION,CAMBIO EJE DE SALIDA ( TRANSMISIÓN ),6
DISCOVER 125 ST,CAMBIO EJE DE SALIDA ( TRANSMISIÓN ),6
BOXER BM 100,CAMBIO EJE DE SALIDA ( TRANSMISIÓN ),6
BOXER BM 150,CAMBIO EJE DE SALIDA ( TRANSMISIÓN ),0.6
BOXER BM 100 ES,CAMBIO EJE DE SALIDA ( TRANSMISIÓN ),0.6
PLATINO 125,CAMBIO EJE DE SALIDA ( TRANSMISIÓN ),6
PLATINO 125 - 5S,CAMBIO EJE DE SALIDA ( TRANSMISIÓN ),6
PLATINO 100,CAMBIO EJE DE SALIDA ( TRANSMISIÓN ),5
PLATINO 110,CAMBIO EJE DE SALIDA ( TRANSMISIÓN ),6
FAMILLY,CAMBIO EJE DE SALIDA ( TRANSMISIÓN ),6
MOTOCARRO 4T,CAMBIO EJE DE SALIDA ( TRANSMISIÓN ),9
TORITO,CAMBIO EJE DE SALIDA ( TRANSMISIÓN ),9
KAZE MAX II,CAMBIO EJE DE SALIDA ( TRANSMISIÓN ),5.5
ZX 130- MAGIC II,CAMBIO EJE DE SALIDA ( TRANSMISIÓN ),5.5
KMX,CAMBIO EJE DE SALIDA ( TRANSMISIÓN ),6
KLX 150,CAMBIO EJE DE SALIDA ( TRANSMISIÓN ),6
KLX150  L,CAMBIO EJE DE SALIDA ( TRANSMISIÓN ),6
KLX 250,CAMBIO EJE DE SALIDA ( TRANSMISIÓN ),7
NINJA 250,CAMBIO EJE DE SALIDA ( TRANSMISIÓN ),10
NINJA 250 FI,CAMBIO EJE DE SALIDA ( TRANSMISIÓN ),10
Z250,CAMBIO EJE DE SALIDA ( TRANSMISIÓN ),10
Z250 SL,CAMBIO EJE DE SALIDA ( TRANSMISIÓN ),10
ER-6n,CAMBIO EJE DE SALIDA ( TRANSMISIÓN ),5
TRANS-SPORT,CAMBIO EJE DE SALIDA ( TRANSMISIÓN ),5.5
MRX 150,CAMBIO EJE DE SALIDA ( TRANSMISIÓN ),6
FURAX,CAMBIO EJE DE SALIDA ( TRANSMISIÓN ),7.5
BOMBER 125,CAMBIO EJE DE SALIDA ( TRANSMISIÓN ),6
BOMBER 250,CAMBIO EJE DE SALIDA ( TRANSMISIÓN ),7.5
COMBAT 125,CAMBIO EJE DE SALIDA ( TRANSMISIÓN ),6
ZS,CAMBIO EJE DE SALIDA ( TRANSMISIÓN ),2
LIFE,CAMBIO EJE DE SALIDA ( TRANSMISIÓN ),2
HUNTER,CAMBIO EJE DE SALIDA ( TRANSMISIÓN ),2.5
BLACK,CAMBIO EJE DE SALIDA ( TRANSMISIÓN ),2.5
VENOM 400,CAMBIO EJE DE SALIDA ( TRANSMISIÓN ),11
VENOM 250,CAMBIO EJE DE SALIDA ( TRANSMISIÓN ),7.5
ONE,CAMBIO EJE DE SALIDA ( TRANSMISIÓN ),5.5
FLOW,CAMBIO EJE DE SALIDA ( TRANSMISIÓN ),5.5
ADVANCE II LF,CAMBIO EJE DE SALIDA ( TRANSMISIÓN ),5.5
ZONTES 155,CAMBIO EJE DE SALIDA ( TRANSMISIÓN ),9
SHOCK,CAMBIO EJE DE SALIDA ( TRANSMISIÓN ),5.5
TNT150i,CAMBIO EJE DE SALIDA ( TRANSMISIÓN ),9
180S,CAMBIO EJE DE SALIDA ( TRANSMISIÓN ),9
TNT25N,CAMBIO EJE DE SALIDA ( TRANSMISIÓN ),10
LEONCINO 500,CAMBIO EJE DE SALIDA ( TRANSMISIÓN ),7
LEONCINO 250,CAMBIO EJE DE SALIDA ( TRANSMISIÓN ),10
TRK 500X,CAMBIO EJE DE SALIDA ( TRANSMISIÓN ),8
TRK 251,CAMBIO EJE DE SALIDA ( TRANSMISIÓN ),10
302 S,CAMBIO EJE DE SALIDA ( TRANSMISIÓN ),10
TOP BOY,CAMBIO DE PIÑONERIA DE CAJA,2
AGILITY,CAMBIO DE PIÑONERIA DE CAJA,2
AGILITY RS,CAMBIO DE PIÑONERIA DE CAJA,2
AGILITY CITY 150,CAMBIO DE PIÑONERIA DE CAJA,2.5
BET & WIN,CAMBIO DE PIÑONERIA DE CAJA,2.5
ACTIV,CAMBIO DE PIÑONERIA DE CAJA,5.5
SPIKE,CAMBIO DE PIÑONERIA DE CAJA,5.5
AGILITY RS  NAKED,CAMBIO DE PIÑONERIA DE CAJA,2
SUPER 8,CAMBIO DE PIÑONERIA DE CAJA,2
GACELA,CAMBIO DE PIÑONERIA DE CAJA,2
CRUCERO             x-town 300,CAMBIO DE PIÑONERIA DE CAJA,3
ROCKET,CAMBIO DE PIÑONERIA DE CAJA,2
FLY 125,CAMBIO DE PIÑONERIA DE CAJA,2
TWIST,CAMBIO DE PIÑONERIA DE CAJA,2
JETIX,CAMBIO DE PIÑONERIA DE CAJA,5.5
UNI-K 110,CAMBIO DE PIÑONERIA DE CAJA,5.5
TRACK,CAMBIO DE PIÑONERIA DE CAJA,5.5
PULSAR 135,CAMBIO DE PIÑONERIA DE CAJA,6
Perseo,CAMBIO DE PIÑONERIA DE CAJA,6
PULSAR,CAMBIO DE PIÑONERIA DE CAJA,7.5
PULSAR 180 UG,CAMBIO DE PIÑONERIA DE CAJA,7.5
PULSAR 150,CAMBIO DE PIÑONERIA DE CAJA,7.5
THOR 160,CAMBIO DE PIÑONERIA DE CAJA,7.5
PULSAR 200,CAMBIO DE PIÑONERIA DE CAJA,7.5
PULSAR 150 NS,CAMBIO DE PIÑONERIA DE CAJA,7
PULSAR 150 AS,CAMBIO DE PIÑONERIA DE CAJA,7.8
PULSAR 200 AS,CAMBIO DE PIÑONERIA DE CAJA,7.8
PULSAR 200 NS,CAMBIO DE PIÑONERIA DE CAJA,7.5
TITAN,CAMBIO DE PIÑONERIA DE CAJA,8.5
PULSAR  RS 200,CAMBIO DE PIÑONERIA DE CAJA,8.5
PULSAR 220,CAMBIO DE PIÑONERIA DE CAJA,7.5
AVENGER 220,CAMBIO DE PIÑONERIA DE CAJA,7.5
XCD,CAMBIO DE PIÑONERIA DE CAJA,6
DISCOVER 100,CAMBIO DE PIÑONERIA DE CAJA,6
DISCOVER 135,CAMBIO DE PIÑONERIA DE CAJA,6
BOXER,CAMBIO DE PIÑONERIA DE CAJA,6
LEXUS,CAMBIO DE PIÑONERIA DE CAJA,6
DISCOVER 100 5S,CAMBIO DE PIÑONERIA DE CAJA,6
DISCOVER 150,CAMBIO DE PIÑONERIA DE CAJA,6
CHAMPION,CAMBIO DE PIÑONERIA DE CAJA,6
DISCOVER 125 ST,CAMBIO DE PIÑONERIA DE CAJA,6
BOXER BM 100,CAMBIO DE PIÑONERIA DE CAJA,6
BOXER BM 150,CAMBIO DE PIÑONERIA DE CAJA,0.6
BOXER BM 100 ES,CAMBIO DE PIÑONERIA DE CAJA,0.6
PLATINO 125,CAMBIO DE PIÑONERIA DE CAJA,6
PLATINO 125 - 5S,CAMBIO DE PIÑONERIA DE CAJA,6
PLATINO 100,CAMBIO DE PIÑONERIA DE CAJA,5
PLATINO 110,CAMBIO DE PIÑONERIA DE CAJA,6
FAMILLY,CAMBIO DE PIÑONERIA DE CAJA,6
MOTOCARRO 4T,CAMBIO DE PIÑONERIA DE CAJA,9
TORITO,CAMBIO DE PIÑONERIA DE CAJA,9
KAZE MAX II,CAMBIO DE PIÑONERIA DE CAJA,5.5
ZX 130- MAGIC II,CAMBIO DE PIÑONERIA DE CAJA,5.5
KMX,CAMBIO DE PIÑONERIA DE CAJA,6
KLX 150,CAMBIO DE PIÑONERIA DE CAJA,6
KLX150  L,CAMBIO DE PIÑONERIA DE CAJA,6
KLX 250,CAMBIO DE PIÑONERIA DE CAJA,7
NINJA 250,CAMBIO DE PIÑONERIA DE CAJA,10
NINJA 250 FI,CAMBIO DE PIÑONERIA DE CAJA,10
Z250,CAMBIO DE PIÑONERIA DE CAJA,10
Z250 SL,CAMBIO DE PIÑONERIA DE CAJA,10
ER-6n,CAMBIO DE PIÑONERIA DE CAJA,5
TRANS-SPORT,CAMBIO DE PIÑONERIA DE CAJA,5.5
MRX 150,CAMBIO DE PIÑONERIA DE CAJA,6
FURAX,CAMBIO DE PIÑONERIA DE CAJA,7.5
BOMBER 125,CAMBIO DE PIÑONERIA DE CAJA,6
BOMBER 250,CAMBIO DE PIÑONERIA DE CAJA,7.5
COMBAT 125,CAMBIO DE PIÑONERIA DE CAJA,6
ZS,CAMBIO DE PIÑONERIA DE CAJA,2
LIFE,CAMBIO DE PIÑONERIA DE CAJA,2
HUNTER,CAMBIO DE PIÑONERIA DE CAJA,2.5
BLACK,CAMBIO DE PIÑONERIA DE CAJA,2.5
VENOM 400,CAMBIO DE PIÑONERIA DE CAJA,11
VENOM 250,CAMBIO DE PIÑONERIA DE CAJA,7.5
ONE,CAMBIO DE PIÑONERIA DE CAJA,5.5
FLOW,CAMBIO DE PIÑONERIA DE CAJA,5.5
ADVANCE II LF,CAMBIO DE PIÑONERIA DE CAJA,5.5
ZONTES 155,CAMBIO DE PIÑONERIA DE CAJA,9
SHOCK,CAMBIO DE PIÑONERIA DE CAJA,5.5
TNT150i,CAMBIO DE PIÑONERIA DE CAJA,9
180S,CAMBIO DE PIÑONERIA DE CAJA,9
TNT25N,CAMBIO DE PIÑONERIA DE CAJA,10
LEONCINO 500,CAMBIO DE PIÑONERIA DE CAJA,7
LEONCINO 250,CAMBIO DE PIÑONERIA DE CAJA,10
TRK 500X,CAMBIO DE PIÑONERIA DE CAJA,8
TRK 251,CAMBIO DE PIÑONERIA DE CAJA,10
302 S,CAMBIO DE PIÑONERIA DE CAJA,10
TOP BOY,CAMBIO RETEN EJE SALIDA,2
AGILITY,CAMBIO RETEN EJE SALIDA,2
AGILITY RS,CAMBIO RETEN EJE SALIDA,2
AGILITY CITY 150,CAMBIO RETEN EJE SALIDA,2
BET & WIN,CAMBIO RETEN EJE SALIDA,2.5
ACTIV,CAMBIO RETEN EJE SALIDA,0.5
SPIKE,CAMBIO RETEN EJE SALIDA,0.5
AGILITY RS  NAKED,CAMBIO RETEN EJE SALIDA,2
SUPER 8,CAMBIO RETEN EJE SALIDA,2
GACELA,CAMBIO RETEN EJE SALIDA,2
ROCKET,CAMBIO RETEN EJE SALIDA,2
FLY 125,CAMBIO RETEN EJE SALIDA,2
TWIST,CAMBIO RETEN EJE SALIDA,2
JETIX,CAMBIO RETEN EJE SALIDA,0.5
UNI-K 110,CAMBIO RETEN EJE SALIDA,0.5
TRACK,CAMBIO RETEN EJE SALIDA,0.5
PULSAR 135,CAMBIO RETEN EJE SALIDA,0.5
Perseo,CAMBIO RETEN EJE SALIDA,0.5
PULSAR,CAMBIO RETEN EJE SALIDA,0.5
PULSAR 180 UG,CAMBIO RETEN EJE SALIDA,0.5
PULSAR 150,CAMBIO RETEN EJE SALIDA,0.5
THOR 160,CAMBIO RETEN EJE SALIDA,0.5
PULSAR 200,CAMBIO RETEN EJE SALIDA,0.5
PULSAR 150 NS,CAMBIO RETEN EJE SALIDA,0.5
PULSAR 150 AS,CAMBIO RETEN EJE SALIDA,0.5
PULSAR 200 AS,CAMBIO RETEN EJE SALIDA,0.5
PULSAR 200 NS,CAMBIO RETEN EJE SALIDA,0.5
TITAN,CAMBIO RETEN EJE SALIDA,0.5
PULSAR  RS 200,CAMBIO RETEN EJE SALIDA,0.5
PULSAR 220,CAMBIO RETEN EJE SALIDA,0.5
AVENGER 220,CAMBIO RETEN EJE SALIDA,0.5
XCD,CAMBIO RETEN EJE SALIDA,0.5
DISCOVER 100,CAMBIO RETEN EJE SALIDA,0.5
DISCOVER 135,CAMBIO RETEN EJE SALIDA,0.5
BOXER,CAMBIO RETEN EJE SALIDA,0.5
LEXUS,CAMBIO RETEN EJE SALIDA,0.5
DISCOVER 100 5S,CAMBIO RETEN EJE SALIDA,0.5
DISCOVER 150,CAMBIO RETEN EJE SALIDA,0.5
CHAMPION,CAMBIO RETEN EJE SALIDA,0.5
DISCOVER 125 ST,CAMBIO RETEN EJE SALIDA,0.5
BOXER BM 100,CAMBIO RETEN EJE SALIDA,0.5
BOXER BM 150,CAMBIO RETEN EJE SALIDA,0.5
BOXER BM 100 ES,CAMBIO RETEN EJE SALIDA,0.5
PLATINO 125,CAMBIO RETEN EJE SALIDA,0.5
PLATINO 125 - 5S,CAMBIO RETEN EJE SALIDA,0.5
PLATINO 100,CAMBIO RETEN EJE SALIDA,0.5
PLATINO 110,CAMBIO RETEN EJE SALIDA,0.5
FAMILLY,CAMBIO RETEN EJE SALIDA,0.5
MOTOCARRO 4T,CAMBIO RETEN EJE SALIDA,1.5
TORITO,CAMBIO RETEN EJE SALIDA,1.5
KAZE MAX II,CAMBIO RETEN EJE SALIDA,0.5
ZX 130- MAGIC II,CAMBIO RETEN EJE SALIDA,0.5
KMX,CAMBIO RETEN EJE SALIDA,0.5
KLX 150,CAMBIO RETEN EJE SALIDA,0.5
KLX150  L,CAMBIO RETEN EJE SALIDA,0.5
KLX 250,CAMBIO RETEN EJE SALIDA,0.6
NINJA 250,CAMBIO RETEN EJE SALIDA,0.5
NINJA 250 FI,CAMBIO RETEN EJE SALIDA,0.5
Z250,CAMBIO RETEN EJE SALIDA,0.5
Z250 SL,CAMBIO RETEN EJE SALIDA,0.5
ER-6n,CAMBIO RETEN EJE SALIDA,5
TRANS-SPORT,CAMBIO RETEN EJE SALIDA,0.5
MRX 150,CAMBIO RETEN EJE SALIDA,0.5
FURAX,CAMBIO RETEN EJE SALIDA,0.5
BOMBER 125,CAMBIO RETEN EJE SALIDA,0.5
BOMBER 250,CAMBIO RETEN EJE SALIDA,0.4
COMBAT 125,CAMBIO RETEN EJE SALIDA,0.5
ZS,CAMBIO RETEN EJE SALIDA,2
LIFE,CAMBIO RETEN EJE SALIDA,2
HUNTER,CAMBIO RETEN EJE SALIDA,2.5
BLACK,CAMBIO RETEN EJE SALIDA,2.5
VENOM 400,CAMBIO RETEN EJE SALIDA,0.7
VENOM 250,CAMBIO RETEN EJE SALIDA,0.5
ONE,CAMBIO RETEN EJE SALIDA,0.5
FLOW,CAMBIO RETEN EJE SALIDA,0.5
ADVANCE II LF,CAMBIO RETEN EJE SALIDA,0.5
ZONTES 155,CAMBIO RETEN EJE SALIDA,0.5
SHOCK,CAMBIO RETEN EJE SALIDA,0.5
TNT150i,CAMBIO RETEN EJE SALIDA,0.5
180S,CAMBIO RETEN EJE SALIDA,0.5
TNT25N,CAMBIO RETEN EJE SALIDA,0.5
LEONCINO 500,CAMBIO RETEN EJE SALIDA,7
LEONCINO 250,CAMBIO RETEN EJE SALIDA,0.5
TRK 500X,CAMBIO RETEN EJE SALIDA,8
TRK 251,CAMBIO RETEN EJE SALIDA,0.5
302 S,CAMBIO RETEN EJE SALIDA,0.5
AGILITY CITY 150,CAMBIO DE SELECTOR Y/O HORQUILLAS DE CAMBIOS,2.5
ACTIV,CAMBIO DE SELECTOR Y/O HORQUILLAS DE CAMBIOS,5.5
SPIKE,CAMBIO DE SELECTOR Y/O HORQUILLAS DE CAMBIOS,5.5
JETIX,CAMBIO DE SELECTOR Y/O HORQUILLAS DE CAMBIOS,5.5
UNI-K 110,CAMBIO DE SELECTOR Y/O HORQUILLAS DE CAMBIOS,5.5
TRACK,CAMBIO DE SELECTOR Y/O HORQUILLAS DE CAMBIOS,5.5
PULSAR 135,CAMBIO DE SELECTOR Y/O HORQUILLAS DE CAMBIOS,6
Perseo,CAMBIO DE SELECTOR Y/O HORQUILLAS DE CAMBIOS,6
PULSAR,CAMBIO DE SELECTOR Y/O HORQUILLAS DE CAMBIOS,7.5
PULSAR 180 UG,CAMBIO DE SELECTOR Y/O HORQUILLAS DE CAMBIOS,7.5
PULSAR 150,CAMBIO DE SELECTOR Y/O HORQUILLAS DE CAMBIOS,7.5
THOR 160,CAMBIO DE SELECTOR Y/O HORQUILLAS DE CAMBIOS,7.5
PULSAR 200,CAMBIO DE SELECTOR Y/O HORQUILLAS DE CAMBIOS,7.5
PULSAR 150 NS,CAMBIO DE SELECTOR Y/O HORQUILLAS DE CAMBIOS,7
PULSAR 150 AS,CAMBIO DE SELECTOR Y/O HORQUILLAS DE CAMBIOS,7.8
PULSAR 200 AS,CAMBIO DE SELECTOR Y/O HORQUILLAS DE CAMBIOS,7.8
PULSAR 200 NS,CAMBIO DE SELECTOR Y/O HORQUILLAS DE CAMBIOS,7.5
TITAN,CAMBIO DE SELECTOR Y/O HORQUILLAS DE CAMBIOS,8.5
PULSAR  RS 200,CAMBIO DE SELECTOR Y/O HORQUILLAS DE CAMBIOS,8.5
PULSAR 220,CAMBIO DE SELECTOR Y/O HORQUILLAS DE CAMBIOS,7.5
AVENGER 220,CAMBIO DE SELECTOR Y/O HORQUILLAS DE CAMBIOS,7.5
XCD,CAMBIO DE SELECTOR Y/O HORQUILLAS DE CAMBIOS,6
DISCOVER 100,CAMBIO DE SELECTOR Y/O HORQUILLAS DE CAMBIOS,6
DISCOVER 135,CAMBIO DE SELECTOR Y/O HORQUILLAS DE CAMBIOS,6
BOXER,CAMBIO DE SELECTOR Y/O HORQUILLAS DE CAMBIOS,5
LEXUS,CAMBIO DE SELECTOR Y/O HORQUILLAS DE CAMBIOS,5
DISCOVER 100 5S,CAMBIO DE SELECTOR Y/O HORQUILLAS DE CAMBIOS,6
DISCOVER 150,CAMBIO DE SELECTOR Y/O HORQUILLAS DE CAMBIOS,6
CHAMPION,CAMBIO DE SELECTOR Y/O HORQUILLAS DE CAMBIOS,6
DISCOVER 125 ST,CAMBIO DE SELECTOR Y/O HORQUILLAS DE CAMBIOS,6
BOXER BM 100,CAMBIO DE SELECTOR Y/O HORQUILLAS DE CAMBIOS,5
BOXER BM 150,CAMBIO DE SELECTOR Y/O HORQUILLAS DE CAMBIOS,6
BOXER BM 100 ES,CAMBIO DE SELECTOR Y/O HORQUILLAS DE CAMBIOS,6
PLATINO 125,CAMBIO DE SELECTOR Y/O HORQUILLAS DE CAMBIOS,6
PLATINO 125 - 5S,CAMBIO DE SELECTOR Y/O HORQUILLAS DE CAMBIOS,6
PLATINO 100,CAMBIO DE SELECTOR Y/O HORQUILLAS DE CAMBIOS,5
PLATINO 110,CAMBIO DE SELECTOR Y/O HORQUILLAS DE CAMBIOS,6
FAMILLY,CAMBIO DE SELECTOR Y/O HORQUILLAS DE CAMBIOS,6
MOTOCARRO 4T,CAMBIO DE SELECTOR Y/O HORQUILLAS DE CAMBIOS,2
KAZE MAX II,CAMBIO DE SELECTOR Y/O HORQUILLAS DE CAMBIOS,5.5
ZX 130- MAGIC II,CAMBIO DE SELECTOR Y/O HORQUILLAS DE CAMBIOS,5.5
KMX,CAMBIO DE SELECTOR Y/O HORQUILLAS DE CAMBIOS,6
KLX 150,CAMBIO DE SELECTOR Y/O HORQUILLAS DE CAMBIOS,6
KLX150  L,CAMBIO DE SELECTOR Y/O HORQUILLAS DE CAMBIOS,6
KLX 250,CAMBIO DE SELECTOR Y/O HORQUILLAS DE CAMBIOS,7
NINJA 250,CAMBIO DE SELECTOR Y/O HORQUILLAS DE CAMBIOS,10
NINJA 250 FI,CAMBIO DE SELECTOR Y/O HORQUILLAS DE CAMBIOS,10
Z250,CAMBIO DE SELECTOR Y/O HORQUILLAS DE CAMBIOS,10
Z250 SL,CAMBIO DE SELECTOR Y/O HORQUILLAS DE CAMBIOS,10
ER-6n,CAMBIO DE SELECTOR Y/O HORQUILLAS DE CAMBIOS,5
TRANS-SPORT,CAMBIO DE SELECTOR Y/O HORQUILLAS DE CAMBIOS,5.5
MRX 150,CAMBIO DE SELECTOR Y/O HORQUILLAS DE CAMBIOS,6
FURAX,CAMBIO DE SELECTOR Y/O HORQUILLAS DE CAMBIOS,7.5
BOMBER 125,CAMBIO DE SELECTOR Y/O HORQUILLAS DE CAMBIOS,5
BOMBER 250,CAMBIO DE SELECTOR Y/O HORQUILLAS DE CAMBIOS,7.5
COMBAT 125,CAMBIO DE SELECTOR Y/O HORQUILLAS DE CAMBIOS,5
VENOM 400,CAMBIO DE SELECTOR Y/O HORQUILLAS DE CAMBIOS,11
VENOM 250,CAMBIO DE SELECTOR Y/O HORQUILLAS DE CAMBIOS,7.5
ONE,CAMBIO DE SELECTOR Y/O HORQUILLAS DE CAMBIOS,5.5
FLOW,CAMBIO DE SELECTOR Y/O HORQUILLAS DE CAMBIOS,5.5
ADVANCE II LF,CAMBIO DE SELECTOR Y/O HORQUILLAS DE CAMBIOS,5.5
ZONTES 155,CAMBIO DE SELECTOR Y/O HORQUILLAS DE CAMBIOS,9
SHOCK,CAMBIO DE SELECTOR Y/O HORQUILLAS DE CAMBIOS,5.5
TNT150i,CAMBIO DE SELECTOR Y/O HORQUILLAS DE CAMBIOS,9
180S,CAMBIO DE SELECTOR Y/O HORQUILLAS DE CAMBIOS,9
TNT25N,CAMBIO DE SELECTOR Y/O HORQUILLAS DE CAMBIOS,10
LEONCINO 500,CAMBIO DE SELECTOR Y/O HORQUILLAS DE CAMBIOS,7
LEONCINO 250,CAMBIO DE SELECTOR Y/O HORQUILLAS DE CAMBIOS,10
TRK 500X,CAMBIO DE SELECTOR Y/O HORQUILLAS DE CAMBIOS,8
TRK 251,CAMBIO DE SELECTOR Y/O HORQUILLAS DE CAMBIOS,10
302 S,CAMBIO DE SELECTOR Y/O HORQUILLAS DE CAMBIOS,10
TOP BOY,CAMBIO DE  RODAMIENTOS DE LA CAJA,2
AGILITY,CAMBIO DE  RODAMIENTOS DE LA CAJA,2
AGILITY RS,CAMBIO DE  RODAMIENTOS DE LA CAJA,2
AGILITY CITY 150,CAMBIO DE  RODAMIENTOS DE LA CAJA,2
BET & WIN,CAMBIO DE  RODAMIENTOS DE LA CAJA,2.5
ACTIV,CAMBIO DE  RODAMIENTOS DE LA CAJA,5.5
SPIKE,CAMBIO DE  RODAMIENTOS DE LA CAJA,5.5
AGILITY RS  NAKED,CAMBIO DE  RODAMIENTOS DE LA CAJA,2
SUPER 8,CAMBIO DE  RODAMIENTOS DE LA CAJA,2
GACELA,CAMBIO DE  RODAMIENTOS DE LA CAJA,2
CRUCERO             x-town 300,CAMBIO DE  RODAMIENTOS DE LA CAJA,3
ROCKET,CAMBIO DE  RODAMIENTOS DE LA CAJA,2
FLY 125,CAMBIO DE  RODAMIENTOS DE LA CAJA,2
TWIST,CAMBIO DE  RODAMIENTOS DE LA CAJA,2
JETIX,CAMBIO DE  RODAMIENTOS DE LA CAJA,5.5
UNI-K 110,CAMBIO DE  RODAMIENTOS DE LA CAJA,5.5
TRACK,CAMBIO DE  RODAMIENTOS DE LA CAJA,5.5
PULSAR 135,CAMBIO DE  RODAMIENTOS DE LA CAJA,6
Perseo,CAMBIO DE  RODAMIENTOS DE LA CAJA,6
PULSAR,CAMBIO DE  RODAMIENTOS DE LA CAJA,7.5
PULSAR 180 UG,CAMBIO DE  RODAMIENTOS DE LA CAJA,7.5
PULSAR 150,CAMBIO DE  RODAMIENTOS DE LA CAJA,7.5
THOR 160,CAMBIO DE  RODAMIENTOS DE LA CAJA,7.5
PULSAR 200,CAMBIO DE  RODAMIENTOS DE LA CAJA,7.5
PULSAR 150 NS,CAMBIO DE  RODAMIENTOS DE LA CAJA,7
PULSAR 150 AS,CAMBIO DE  RODAMIENTOS DE LA CAJA,7.8
PULSAR 200 AS,CAMBIO DE  RODAMIENTOS DE LA CAJA,7.8
PULSAR 200 NS,CAMBIO DE  RODAMIENTOS DE LA CAJA,7.5
TITAN,CAMBIO DE  RODAMIENTOS DE LA CAJA,8.5
PULSAR  RS 200,CAMBIO DE  RODAMIENTOS DE LA CAJA,8.5
PULSAR 220,CAMBIO DE  RODAMIENTOS DE LA CAJA,7.5
AVENGER 220,CAMBIO DE  RODAMIENTOS DE LA CAJA,7.5
XCD,CAMBIO DE  RODAMIENTOS DE LA CAJA,6
DISCOVER 100,CAMBIO DE  RODAMIENTOS DE LA CAJA,6
DISCOVER 135,CAMBIO DE  RODAMIENTOS DE LA CAJA,6
BOXER,CAMBIO DE  RODAMIENTOS DE LA CAJA,5
LEXUS,CAMBIO DE  RODAMIENTOS DE LA CAJA,5
DISCOVER 100 5S,CAMBIO DE  RODAMIENTOS DE LA CAJA,6
DISCOVER 150,CAMBIO DE  RODAMIENTOS DE LA CAJA,6
CHAMPION,CAMBIO DE  RODAMIENTOS DE LA CAJA,6
DISCOVER 125 ST,CAMBIO DE  RODAMIENTOS DE LA CAJA,6
BOXER BM 100,CAMBIO DE  RODAMIENTOS DE LA CAJA,5
BOXER BM 150,CAMBIO DE  RODAMIENTOS DE LA CAJA,6
BOXER BM 100 ES,CAMBIO DE  RODAMIENTOS DE LA CAJA,6
PLATINO 125,CAMBIO DE  RODAMIENTOS DE LA CAJA,6
PLATINO 125 - 5S,CAMBIO DE  RODAMIENTOS DE LA CAJA,6
PLATINO 100,CAMBIO DE  RODAMIENTOS DE LA CAJA,5
PLATINO 110,CAMBIO DE  RODAMIENTOS DE LA CAJA,6
FAMILLY,CAMBIO DE  RODAMIENTOS DE LA CAJA,6
MOTOCARRO 4T,CAMBIO DE  RODAMIENTOS DE LA CAJA,10
TORITO,CAMBIO DE  RODAMIENTOS DE LA CAJA,1
KAZE MAX II,CAMBIO DE  RODAMIENTOS DE LA CAJA,5.5
ZX 130- MAGIC II,CAMBIO DE  RODAMIENTOS DE LA CAJA,5.5
KMX,CAMBIO DE  RODAMIENTOS DE LA CAJA,6
KLX 150,CAMBIO DE  RODAMIENTOS DE LA CAJA,6
KLX150  L,CAMBIO DE  RODAMIENTOS DE LA CAJA,6
KLX 250,CAMBIO DE  RODAMIENTOS DE LA CAJA,7
NINJA 250,CAMBIO DE  RODAMIENTOS DE LA CAJA,10
NINJA 250 FI,CAMBIO DE  RODAMIENTOS DE LA CAJA,10
Z250,CAMBIO DE  RODAMIENTOS DE LA CAJA,10
Z250 SL,CAMBIO DE  RODAMIENTOS DE LA CAJA,10
ER-6n,CAMBIO DE  RODAMIENTOS DE LA CAJA,5
TRANS-SPORT,CAMBIO DE  RODAMIENTOS DE LA CAJA,5.5
MRX 150,CAMBIO DE  RODAMIENTOS DE LA CAJA,6
FURAX,CAMBIO DE  RODAMIENTOS DE LA CAJA,7.5
BOMBER 125,CAMBIO DE  RODAMIENTOS DE LA CAJA,5
BOMBER 250,CAMBIO DE  RODAMIENTOS DE LA CAJA,7.5
COMBAT 125,CAMBIO DE  RODAMIENTOS DE LA CAJA,5
ZS,CAMBIO DE  RODAMIENTOS DE LA CAJA,2
LIFE,CAMBIO DE  RODAMIENTOS DE LA CAJA,2
HUNTER,CAMBIO DE  RODAMIENTOS DE LA CAJA,2.5
BLACK,CAMBIO DE  RODAMIENTOS DE LA CAJA,2.5
VENOM 400,CAMBIO DE  RODAMIENTOS DE LA CAJA,11
VENOM 250,CAMBIO DE  RODAMIENTOS DE LA CAJA,7.5
ONE,CAMBIO DE  RODAMIENTOS DE LA CAJA,5.5
FLOW,CAMBIO DE  RODAMIENTOS DE LA CAJA,5.5
ADVANCE II LF,CAMBIO DE  RODAMIENTOS DE LA CAJA,5.5
ZONTES 155,CAMBIO DE  RODAMIENTOS DE LA CAJA,9
ZONTES 310M,CAMBIO DE  RODAMIENTOS DE LA CAJA,2.5
SHOCK,CAMBIO DE  RODAMIENTOS DE LA CAJA,5.5
TNT150i,CAMBIO DE  RODAMIENTOS DE LA CAJA,9
180S,CAMBIO DE  RODAMIENTOS DE LA CAJA,9
TNT25N,CAMBIO DE  RODAMIENTOS DE LA CAJA,10
LEONCINO 500,CAMBIO DE  RODAMIENTOS DE LA CAJA,7
LEONCINO 250,CAMBIO DE  RODAMIENTOS DE LA CAJA,10
TRK 500X,CAMBIO DE  RODAMIENTOS DE LA CAJA,8
TRK 251,CAMBIO DE  RODAMIENTOS DE LA CAJA,10
302 S,CAMBIO DE  RODAMIENTOS DE LA CAJA,10
MOTOCARRO 4T,CAMBIO EJE DE SALIDA (LARGO),1
TORITO,CAMBIO EJE DE SALIDA (LARGO),1
MOTOCARRO 4T,CAMBIO EJE DE SALIDA (CORTO),1
TORITO,CAMBIO EJE DE SALIDA (CORTO),1
TOP BOY,CAMBIO RETENEDOR EJE TRANSMISION INTERNO,2
AGILITY,CAMBIO RETENEDOR EJE TRANSMISION INTERNO,2
AGILITY RS,CAMBIO RETENEDOR EJE TRANSMISION INTERNO,2
AGILITY CITY 150,CAMBIO RETENEDOR EJE TRANSMISION INTERNO,2
BET & WIN,CAMBIO RETENEDOR EJE TRANSMISION INTERNO,2.5
AGILITY RS  NAKED,CAMBIO RETENEDOR EJE TRANSMISION INTERNO,2
SUPER 8,CAMBIO RETENEDOR EJE TRANSMISION INTERNO,2
GACELA,CAMBIO RETENEDOR EJE TRANSMISION INTERNO,2
CRUCERO             x-town 300,CAMBIO RETENEDOR EJE TRANSMISION INTERNO,2
ROCKET,CAMBIO RETENEDOR EJE TRANSMISION INTERNO,2
FLY 125,CAMBIO RETENEDOR EJE TRANSMISION INTERNO,2
TWIST,CAMBIO RETENEDOR EJE TRANSMISION INTERNO,2
ZS,CAMBIO RETENEDOR EJE TRANSMISION INTERNO,2
LIFE,CAMBIO RETENEDOR EJE TRANSMISION INTERNO,2
HUNTER,CAMBIO RETENEDOR EJE TRANSMISION INTERNO,2
BLACK,CAMBIO RETENEDOR EJE TRANSMISION INTERNO,2
ZONTES 310M,CAMBIO RETENEDOR EJE TRANSMISION INTERNO,2
MOTOCARRO 4T,CAMBIO PIÑONES SATELITALES,4
TORITO,CAMBIO PIÑONES SATELITALES,4
MOTOCARRO 4T,CAMBIO DE CRUCETAS,9
TORITO,CAMBIO DE CRUCETAS,9
MOTOCARRO 4T,CAMBIOS DE PIÑONES DE REVERSA,2.5
TORITO,CAMBIOS DE PIÑONES DE REVERSA,2.5
MOTOCARRO 4T,CAMBIO DE ACOPLES CARDAN,2.5
TORITO,CAMBIO DE ACOPLES CARDAN,2.5
TOP BOY,CAMBIO EMPAQUE DE TRANSMISION,1.5
AGILITY,CAMBIO EMPAQUE DE TRANSMISION,1.5
AGILITY RS,CAMBIO EMPAQUE DE TRANSMISION,1.5
AGILITY CITY 150,CAMBIO EMPAQUE DE TRANSMISION,1.5
BET & WIN,CAMBIO EMPAQUE DE TRANSMISION,2
AGILITY RS  NAKED,CAMBIO EMPAQUE DE TRANSMISION,1.5
SUPER 8,CAMBIO EMPAQUE DE TRANSMISION,1.5
GACELA,CAMBIO EMPAQUE DE TRANSMISION,1.5
CRUCERO             x-town 300,CAMBIO EMPAQUE DE TRANSMISION,2.5
ROCKET,CAMBIO EMPAQUE DE TRANSMISION,1.5
FLY 125,CAMBIO EMPAQUE DE TRANSMISION,1.5
TWIST,CAMBIO EMPAQUE DE TRANSMISION,1.5
MOTOCARRO 4T,CAMBIO EMPAQUE DE TRANSMISION,3
TORITO,CAMBIO EMPAQUE DE TRANSMISION,2
ZS,CAMBIO EMPAQUE DE TRANSMISION,1.5
LIFE,CAMBIO EMPAQUE DE TRANSMISION,1.5
HUNTER,CAMBIO EMPAQUE DE TRANSMISION,2
BLACK,CAMBIO EMPAQUE DE TRANSMISION,2
ZONTES 310M,CAMBIO EMPAQUE DE TRANSMISION,2
MOTOCARRO 4T,CAMBIO EMPAQUE REVERSA,3
TORITO,CAMBIO EMPAQUE REVERSA,2
MOTOCARRO 4T,CAMBIO EMPAQUE SATELITES,3
TORITO,CAMBIO EMPAQUE SATELITES,2
ACTIV,CAMBIO EJE DE CAMBIOS Y RESORTES,2.5
SPIKE,CAMBIO EJE DE CAMBIOS Y RESORTES,2.5
JETIX,CAMBIO EJE DE CAMBIOS Y RESORTES,2.5
UNI-K 110,CAMBIO EJE DE CAMBIOS Y RESORTES,2.5
TRACK,CAMBIO EJE DE CAMBIOS Y RESORTES,2.5
PULSAR 135,CAMBIO EJE DE CAMBIOS Y RESORTES,2
Perseo,CAMBIO EJE DE CAMBIOS Y RESORTES,2
PULSAR,CAMBIO EJE DE CAMBIOS Y RESORTES,2.5
PULSAR 180 UG,CAMBIO EJE DE CAMBIOS Y RESORTES,2.5
PULSAR 150,CAMBIO EJE DE CAMBIOS Y RESORTES,2.5
THOR 160,CAMBIO EJE DE CAMBIOS Y RESORTES,2.5
PULSAR 200,CAMBIO EJE DE CAMBIOS Y RESORTES,2.5
PULSAR 150 NS,CAMBIO EJE DE CAMBIOS Y RESORTES,2.5
PULSAR 150 AS,CAMBIO EJE DE CAMBIOS Y RESORTES,2.5
PULSAR 200 AS,CAMBIO EJE DE CAMBIOS Y RESORTES,2.5
PULSAR 200 NS,CAMBIO EJE DE CAMBIOS Y RESORTES,2.5
TITAN,CAMBIO EJE DE CAMBIOS Y RESORTES,2.6
PULSAR  RS 200,CAMBIO EJE DE CAMBIOS Y RESORTES,2.6
PULSAR 220,CAMBIO EJE DE CAMBIOS Y RESORTES,2.5
AVENGER 220,CAMBIO EJE DE CAMBIOS Y RESORTES,2.5
XCD,CAMBIO EJE DE CAMBIOS Y RESORTES,2
DISCOVER 100,CAMBIO EJE DE CAMBIOS Y RESORTES,2
DISCOVER 135,CAMBIO EJE DE CAMBIOS Y RESORTES,2
BOXER,CAMBIO EJE DE CAMBIOS Y RESORTES,2
LEXUS,CAMBIO EJE DE CAMBIOS Y RESORTES,2
DISCOVER 100 5S,CAMBIO EJE DE CAMBIOS Y RESORTES,2
DISCOVER 150,CAMBIO EJE DE CAMBIOS Y RESORTES,2
CHAMPION,CAMBIO EJE DE CAMBIOS Y RESORTES,2
DISCOVER 125 ST,CAMBIO EJE DE CAMBIOS Y RESORTES,2
BOXER BM 100,CAMBIO EJE DE CAMBIOS Y RESORTES,2
BOXER BM 150,CAMBIO EJE DE CAMBIOS Y RESORTES,2
BOXER BM 100 ES,CAMBIO EJE DE CAMBIOS Y RESORTES,2
PLATINO 125,CAMBIO EJE DE CAMBIOS Y RESORTES,2
PLATINO 125 - 5S,CAMBIO EJE DE CAMBIOS Y RESORTES,2
PLATINO 100,CAMBIO EJE DE CAMBIOS Y RESORTES,2
PLATINO 110,CAMBIO EJE DE CAMBIOS Y RESORTES,2
FAMILLY,CAMBIO EJE DE CAMBIOS Y RESORTES,2
MOTOCARRO 4T,CAMBIO EJE DE CAMBIOS Y RESORTES,2
TORITO,CAMBIO EJE DE CAMBIOS Y RESORTES,2
KAZE MAX II,CAMBIO EJE DE CAMBIOS Y RESORTES,2
ZX 130- MAGIC II,CAMBIO EJE DE CAMBIOS Y RESORTES,2.5
KMX,CAMBIO EJE DE CAMBIOS Y RESORTES,2.5
KLX 150,CAMBIO EJE DE CAMBIOS Y RESORTES,2
KLX150  L,CAMBIO EJE DE CAMBIOS Y RESORTES,2
KLX 250,CAMBIO EJE DE CAMBIOS Y RESORTES,2.2
NINJA 250,CAMBIO EJE DE CAMBIOS Y RESORTES,2.5
NINJA 250 FI,CAMBIO EJE DE CAMBIOS Y RESORTES,2.5
Z250,CAMBIO EJE DE CAMBIOS Y RESORTES,2.2
Z250 SL,CAMBIO EJE DE CAMBIOS Y RESORTES,2.2
ER-6n,CAMBIO EJE DE CAMBIOS Y RESORTES,2.5
TRANS-SPORT,CAMBIO EJE DE CAMBIOS Y RESORTES,2
MRX 150,CAMBIO EJE DE CAMBIOS Y RESORTES,2
FURAX,CAMBIO EJE DE CAMBIOS Y RESORTES,2
BOMBER 125,CAMBIO EJE DE CAMBIOS Y RESORTES,2
BOMBER 250,CAMBIO EJE DE CAMBIOS Y RESORTES,1.5
COMBAT 125,CAMBIO EJE DE CAMBIOS Y RESORTES,2
VENOM 400,CAMBIO EJE DE CAMBIOS Y RESORTES,1.5
VENOM 250,CAMBIO EJE DE CAMBIOS Y RESORTES,2.5
ONE,CAMBIO EJE DE CAMBIOS Y RESORTES,2.5
FLOW,CAMBIO EJE DE CAMBIOS Y RESORTES,2.5
ADVANCE II LF,CAMBIO EJE DE CAMBIOS Y RESORTES,2.5
ZONTES 155,CAMBIO EJE DE CAMBIOS Y RESORTES,2.2
SHOCK,CAMBIO EJE DE CAMBIOS Y RESORTES,2.5
TNT150i,CAMBIO EJE DE CAMBIOS Y RESORTES,2.2
180S,CAMBIO EJE DE CAMBIOS Y RESORTES,2.2
TNT25N,CAMBIO EJE DE CAMBIOS Y RESORTES,2.5
LEONCINO 500,CAMBIO EJE DE CAMBIOS Y RESORTES,2.5
LEONCINO 250,CAMBIO EJE DE CAMBIOS Y RESORTES,2.5
TRK 500X,CAMBIO EJE DE CAMBIOS Y RESORTES,2.5
TRK 251,CAMBIO EJE DE CAMBIOS Y RESORTES,2.5
302 S,CAMBIO EJE DE CAMBIOS Y RESORTES,2.5
ACTIV,CAMBIO PEDAL DE CAMBIOS,0.2
SPIKE,CAMBIO PEDAL DE CAMBIOS,0.2
JETIX,CAMBIO PEDAL DE CAMBIOS,0.2
UNI-K 110,CAMBIO PEDAL DE CAMBIOS,0.2
TRACK,CAMBIO PEDAL DE CAMBIOS,0.2
PULSAR 135,CAMBIO PEDAL DE CAMBIOS,0.4
Perseo,CAMBIO PEDAL DE CAMBIOS,0.4
PULSAR,CAMBIO PEDAL DE CAMBIOS,0.2
PULSAR 180 UG,CAMBIO PEDAL DE CAMBIOS,0.4
PULSAR 150,CAMBIO PEDAL DE CAMBIOS,0.4
THOR 160,CAMBIO PEDAL DE CAMBIOS,0.4
PULSAR 200,CAMBIO PEDAL DE CAMBIOS,0.4
PULSAR 150 NS,CAMBIO PEDAL DE CAMBIOS,0.4
PULSAR 150 AS,CAMBIO PEDAL DE CAMBIOS,0.4
PULSAR 200 AS,CAMBIO PEDAL DE CAMBIOS,0.4
PULSAR 200 NS,CAMBIO PEDAL DE CAMBIOS,0.4
TITAN,CAMBIO PEDAL DE CAMBIOS,0.4
PULSAR  RS 200,CAMBIO PEDAL DE CAMBIOS,0.4
PULSAR 220,CAMBIO PEDAL DE CAMBIOS,0.4
AVENGER 220,CAMBIO PEDAL DE CAMBIOS,0.4
XCD,CAMBIO PEDAL DE CAMBIOS,0.2
DISCOVER 100,CAMBIO PEDAL DE CAMBIOS,0.2
DISCOVER 135,CAMBIO PEDAL DE CAMBIOS,0.2
BOXER,CAMBIO PEDAL DE CAMBIOS,0.2
LEXUS,CAMBIO PEDAL DE CAMBIOS,0.2
DISCOVER 100 5S,CAMBIO PEDAL DE CAMBIOS,0.4
DISCOVER 150,CAMBIO PEDAL DE CAMBIOS,0.4
CHAMPION,CAMBIO PEDAL DE CAMBIOS,0.4
DISCOVER 125 ST,CAMBIO PEDAL DE CAMBIOS,0.4
BOXER BM 100,CAMBIO PEDAL DE CAMBIOS,0.2
BOXER BM 150,CAMBIO PEDAL DE CAMBIOS,0.2
BOXER BM 100 ES,CAMBIO PEDAL DE CAMBIOS,0.2
PLATINO 125,CAMBIO PEDAL DE CAMBIOS,0.2
PLATINO 125 - 5S,CAMBIO PEDAL DE CAMBIOS,0.2
PLATINO 100,CAMBIO PEDAL DE CAMBIOS,0.2
PLATINO 110,CAMBIO PEDAL DE CAMBIOS,0.2
FAMILLY,CAMBIO PEDAL DE CAMBIOS,0.2
MOTOCARRO 4T,CAMBIO PEDAL DE CAMBIOS,0.2
TORITO,CAMBIO PEDAL DE CAMBIOS,0.2
MOTOCARRO DIESEL,CAMBIO PEDAL DE CAMBIOS,0.2
KAZE MAX II,CAMBIO PEDAL DE CAMBIOS,0.2
ZX 130- MAGIC II,CAMBIO PEDAL DE CAMBIOS,0.2
KMX,CAMBIO PEDAL DE CAMBIOS,0.2
KLX 150,CAMBIO PEDAL DE CAMBIOS,0.2
KLX150  L,CAMBIO PEDAL DE CAMBIOS,0.2
KLX 250,CAMBIO PEDAL DE CAMBIOS,0.3
NINJA 250,CAMBIO PEDAL DE CAMBIOS,0.3
NINJA 250 FI,CAMBIO PEDAL DE CAMBIOS,0.3
Z250,CAMBIO PEDAL DE CAMBIOS,0.3
Z250 SL,CAMBIO PEDAL DE CAMBIOS,0.3
ER-6n,CAMBIO PEDAL DE CAMBIOS,0.2
TRANS-SPORT,CAMBIO PEDAL DE CAMBIOS,0.2
MRX 150,CAMBIO PEDAL DE CAMBIOS,0.2
FURAX,CAMBIO PEDAL DE CAMBIOS,0.2
BOMBER 125,CAMBIO PEDAL DE CAMBIOS,0.2
BOMBER 250,CAMBIO PEDAL DE CAMBIOS,0.4
COMBAT 125,CAMBIO PEDAL DE CAMBIOS,0.2
VENOM 400,CAMBIO PEDAL DE CAMBIOS,0.5
VENOM 250,CAMBIO PEDAL DE CAMBIOS,0.4
ONE,CAMBIO PEDAL DE CAMBIOS,0.2
FLOW,CAMBIO PEDAL DE CAMBIOS,0.2
ADVANCE II LF,CAMBIO PEDAL DE CAMBIOS,0.2
ZONTES 155,CAMBIO PEDAL DE CAMBIOS,0.3
SHOCK,CAMBIO PEDAL DE CAMBIOS,0.2
TNT150i,CAMBIO PEDAL DE CAMBIOS,0.3
180S,CAMBIO PEDAL DE CAMBIOS,0.3
TNT25N,CAMBIO PEDAL DE CAMBIOS,0.3
LEONCINO 500,CAMBIO PEDAL DE CAMBIOS,0.2
LEONCINO 250,CAMBIO PEDAL DE CAMBIOS,0.3
TRK 500X,CAMBIO PEDAL DE CAMBIOS,0.2
TRK 251,CAMBIO PEDAL DE CAMBIOS,0.3
302 S,CAMBIO PEDAL DE CAMBIOS,0.3
ACTIV,CAMBIO RETEN EJE CAMBIOS EXTERNO,0.4
SPIKE,CAMBIO RETEN EJE CAMBIOS EXTERNO,0.4
JETIX,CAMBIO RETEN EJE CAMBIOS EXTERNO,0.4
UNI-K 110,CAMBIO RETEN EJE CAMBIOS EXTERNO,0.4
TRACK,CAMBIO RETEN EJE CAMBIOS EXTERNO,0.4
PULSAR 135,CAMBIO RETEN EJE CAMBIOS EXTERNO,0.4
Perseo,CAMBIO RETEN EJE CAMBIOS EXTERNO,0.4
PULSAR,CAMBIO RETEN EJE CAMBIOS EXTERNO,0.4
PULSAR 180 UG,CAMBIO RETEN EJE CAMBIOS EXTERNO,0.4
PULSAR 150,CAMBIO RETEN EJE CAMBIOS EXTERNO,0.4
THOR 160,CAMBIO RETEN EJE CAMBIOS EXTERNO,0.4
PULSAR 200,CAMBIO RETEN EJE CAMBIOS EXTERNO,0.4
PULSAR 150 NS,CAMBIO RETEN EJE CAMBIOS EXTERNO,0.4
PULSAR 150 AS,CAMBIO RETEN EJE CAMBIOS EXTERNO,0.4
PULSAR 200 AS,CAMBIO RETEN EJE CAMBIOS EXTERNO,0.4
PULSAR 200 NS,CAMBIO RETEN EJE CAMBIOS EXTERNO,0.4
TITAN,CAMBIO RETEN EJE CAMBIOS EXTERNO,0.4
PULSAR  RS 200,CAMBIO RETEN EJE CAMBIOS EXTERNO,0.4
PULSAR 220,CAMBIO RETEN EJE CAMBIOS EXTERNO,0.4
AVENGER 220,CAMBIO RETEN EJE CAMBIOS EXTERNO,0.4
XCD,CAMBIO RETEN EJE CAMBIOS EXTERNO,0.4
DISCOVER 100,CAMBIO RETEN EJE CAMBIOS EXTERNO,0.4
DISCOVER 135,CAMBIO RETEN EJE CAMBIOS EXTERNO,0.4
BOXER,CAMBIO RETEN EJE CAMBIOS EXTERNO,0.4
LEXUS,CAMBIO RETEN EJE CAMBIOS EXTERNO,0.4
DISCOVER 100 5S,CAMBIO RETEN EJE CAMBIOS EXTERNO,0.4
DISCOVER 150,CAMBIO RETEN EJE CAMBIOS EXTERNO,0.4
CHAMPION,CAMBIO RETEN EJE CAMBIOS EXTERNO,0.4
DISCOVER 125 ST,CAMBIO RETEN EJE CAMBIOS EXTERNO,0.4
BOXER BM 100,CAMBIO RETEN EJE CAMBIOS EXTERNO,0.4
BOXER BM 150,CAMBIO RETEN EJE CAMBIOS EXTERNO,0.4
BOXER BM 100 ES,CAMBIO RETEN EJE CAMBIOS EXTERNO,0.4
PLATINO 125,CAMBIO RETEN EJE CAMBIOS EXTERNO,0.4
PLATINO 125 - 5S,CAMBIO RETEN EJE CAMBIOS EXTERNO,0.4
PLATINO 100,CAMBIO RETEN EJE CAMBIOS EXTERNO,0.4
PLATINO 110,CAMBIO RETEN EJE CAMBIOS EXTERNO,0.4
FAMILLY,CAMBIO RETEN EJE CAMBIOS EXTERNO,0.4
KAZE MAX II,CAMBIO RETEN EJE CAMBIOS EXTERNO,0.4
ZX 130- MAGIC II,CAMBIO RETEN EJE CAMBIOS EXTERNO,0.4
KMX,CAMBIO RETEN EJE CAMBIOS EXTERNO,0.4
KLX 150,CAMBIO RETEN EJE CAMBIOS EXTERNO,0.4
KLX150  L,CAMBIO RETEN EJE CAMBIOS EXTERNO,0.4
KLX 250,CAMBIO RETEN EJE CAMBIOS EXTERNO,0.5
NINJA 250,CAMBIO RETEN EJE CAMBIOS EXTERNO,0.5
NINJA 250 FI,CAMBIO RETEN EJE CAMBIOS EXTERNO,0.5
Z250,CAMBIO RETEN EJE CAMBIOS EXTERNO,0.5
Z250 SL,CAMBIO RETEN EJE CAMBIOS EXTERNO,0.5
ER-6n,CAMBIO RETEN EJE CAMBIOS EXTERNO,1
TRANS-SPORT,CAMBIO RETEN EJE CAMBIOS EXTERNO,0.4
MRX 150,CAMBIO RETEN EJE CAMBIOS EXTERNO,0.4
FURAX,CAMBIO RETEN EJE CAMBIOS EXTERNO,0.4
BOMBER 125,CAMBIO RETEN EJE CAMBIOS EXTERNO,0.4
BOMBER 250,CAMBIO RETEN EJE CAMBIOS EXTERNO,0.4
COMBAT 125,CAMBIO RETEN EJE CAMBIOS EXTERNO,0.4
VENOM 400,CAMBIO RETEN EJE CAMBIOS EXTERNO,0.4
VENOM 250,CAMBIO RETEN EJE CAMBIOS EXTERNO,0.4
ONE,CAMBIO RETEN EJE CAMBIOS EXTERNO,0.4
FLOW,CAMBIO RETEN EJE CAMBIOS EXTERNO,0.4
ADVANCE II LF,CAMBIO RETEN EJE CAMBIOS EXTERNO,0.4
ZONTES 155,CAMBIO RETEN EJE CAMBIOS EXTERNO,0.5
SHOCK,CAMBIO RETEN EJE CAMBIOS EXTERNO,0.4
TNT150i,CAMBIO RETEN EJE CAMBIOS EXTERNO,0.5
180S,CAMBIO RETEN EJE CAMBIOS EXTERNO,0.5
TNT25N,CAMBIO RETEN EJE CAMBIOS EXTERNO,0.5
LEONCINO 500,CAMBIO RETEN EJE CAMBIOS EXTERNO,1
LEONCINO 250,CAMBIO RETEN EJE CAMBIOS EXTERNO,0.5
TRK 500X,CAMBIO RETEN EJE CAMBIOS EXTERNO,1
TRK 251,CAMBIO RETEN EJE CAMBIOS EXTERNO,0.5
302 S,CAMBIO RETEN EJE CAMBIOS EXTERNO,0.5
ACTIV,CAMBIO LEVA SELECTOR DE CAMBIOS (ESTRELLA),2.5
SPIKE,CAMBIO LEVA SELECTOR DE CAMBIOS (ESTRELLA),2.5
JETIX,CAMBIO LEVA SELECTOR DE CAMBIOS (ESTRELLA),2.5
UNI-K 110,CAMBIO LEVA SELECTOR DE CAMBIOS (ESTRELLA),2.5
TRACK,CAMBIO LEVA SELECTOR DE CAMBIOS (ESTRELLA),2.5
PULSAR 135,CAMBIO LEVA SELECTOR DE CAMBIOS (ESTRELLA),2
Perseo,CAMBIO LEVA SELECTOR DE CAMBIOS (ESTRELLA),2
PULSAR,CAMBIO LEVA SELECTOR DE CAMBIOS (ESTRELLA),2.5
PULSAR 180 UG,CAMBIO LEVA SELECTOR DE CAMBIOS (ESTRELLA),2.5
PULSAR 150,CAMBIO LEVA SELECTOR DE CAMBIOS (ESTRELLA),2.5
THOR 160,CAMBIO LEVA SELECTOR DE CAMBIOS (ESTRELLA),2.5
PULSAR 200,CAMBIO LEVA SELECTOR DE CAMBIOS (ESTRELLA),2.5
PULSAR 150 NS,CAMBIO LEVA SELECTOR DE CAMBIOS (ESTRELLA),2.5
PULSAR 150 AS,CAMBIO LEVA SELECTOR DE CAMBIOS (ESTRELLA),2.5
PULSAR 200 AS,CAMBIO LEVA SELECTOR DE CAMBIOS (ESTRELLA),2.5
PULSAR 200 NS,CAMBIO LEVA SELECTOR DE CAMBIOS (ESTRELLA),2.5
TITAN,CAMBIO LEVA SELECTOR DE CAMBIOS (ESTRELLA),2.6
PULSAR  RS 200,CAMBIO LEVA SELECTOR DE CAMBIOS (ESTRELLA),2.6
PULSAR 220,CAMBIO LEVA SELECTOR DE CAMBIOS (ESTRELLA),2.5
AVENGER 220,CAMBIO LEVA SELECTOR DE CAMBIOS (ESTRELLA),2.5
XCD,CAMBIO LEVA SELECTOR DE CAMBIOS (ESTRELLA),2
DISCOVER 100,CAMBIO LEVA SELECTOR DE CAMBIOS (ESTRELLA),2
DISCOVER 135,CAMBIO LEVA SELECTOR DE CAMBIOS (ESTRELLA),2
BOXER,CAMBIO LEVA SELECTOR DE CAMBIOS (ESTRELLA),2
LEXUS,CAMBIO LEVA SELECTOR DE CAMBIOS (ESTRELLA),2
DISCOVER 100 5S,CAMBIO LEVA SELECTOR DE CAMBIOS (ESTRELLA),2
DISCOVER 150,CAMBIO LEVA SELECTOR DE CAMBIOS (ESTRELLA),2
CHAMPION,CAMBIO LEVA SELECTOR DE CAMBIOS (ESTRELLA),2
DISCOVER 125 ST,CAMBIO LEVA SELECTOR DE CAMBIOS (ESTRELLA),2
BOXER BM 100,CAMBIO LEVA SELECTOR DE CAMBIOS (ESTRELLA),2
BOXER BM 150,CAMBIO LEVA SELECTOR DE CAMBIOS (ESTRELLA),2
BOXER BM 100 ES,CAMBIO LEVA SELECTOR DE CAMBIOS (ESTRELLA),2
PLATINO 125,CAMBIO LEVA SELECTOR DE CAMBIOS (ESTRELLA),2
PLATINO 125 - 5S,CAMBIO LEVA SELECTOR DE CAMBIOS (ESTRELLA),2
PLATINO 100,CAMBIO LEVA SELECTOR DE CAMBIOS (ESTRELLA),2
PLATINO 110,CAMBIO LEVA SELECTOR DE CAMBIOS (ESTRELLA),2
FAMILLY,CAMBIO LEVA SELECTOR DE CAMBIOS (ESTRELLA),2
MOTOCARRO 4T,CAMBIO LEVA SELECTOR DE CAMBIOS (ESTRELLA),2
TORITO,CAMBIO LEVA SELECTOR DE CAMBIOS (ESTRELLA),2
KAZE MAX II,CAMBIO LEVA SELECTOR DE CAMBIOS (ESTRELLA),2
ZX 130- MAGIC II,CAMBIO LEVA SELECTOR DE CAMBIOS (ESTRELLA),2.5
KMX,CAMBIO LEVA SELECTOR DE CAMBIOS (ESTRELLA),2.5
KLX 150,CAMBIO LEVA SELECTOR DE CAMBIOS (ESTRELLA),2
KLX150  L,CAMBIO LEVA SELECTOR DE CAMBIOS (ESTRELLA),2
KLX 250,CAMBIO LEVA SELECTOR DE CAMBIOS (ESTRELLA),2.5
NINJA 250,CAMBIO LEVA SELECTOR DE CAMBIOS (ESTRELLA),2.5
NINJA 250 FI,CAMBIO LEVA SELECTOR DE CAMBIOS (ESTRELLA),2.5
Z250,CAMBIO LEVA SELECTOR DE CAMBIOS (ESTRELLA),2.5
Z250 SL,CAMBIO LEVA SELECTOR DE CAMBIOS (ESTRELLA),2.5
ER-6n,CAMBIO LEVA SELECTOR DE CAMBIOS (ESTRELLA),2.5
TRANS-SPORT,CAMBIO LEVA SELECTOR DE CAMBIOS (ESTRELLA),2
MRX 150,CAMBIO LEVA SELECTOR DE CAMBIOS (ESTRELLA),2
FURAX,CAMBIO LEVA SELECTOR DE CAMBIOS (ESTRELLA),2
BOMBER 125,CAMBIO LEVA SELECTOR DE CAMBIOS (ESTRELLA),2
BOMBER 250,CAMBIO LEVA SELECTOR DE CAMBIOS (ESTRELLA),1.5
COMBAT 125,CAMBIO LEVA SELECTOR DE CAMBIOS (ESTRELLA),2
VENOM 400,CAMBIO LEVA SELECTOR DE CAMBIOS (ESTRELLA),1.5
VENOM 250,CAMBIO LEVA SELECTOR DE CAMBIOS (ESTRELLA),2.5
ONE,CAMBIO LEVA SELECTOR DE CAMBIOS (ESTRELLA),2.5
FLOW,CAMBIO LEVA SELECTOR DE CAMBIOS (ESTRELLA),2.5
ADVANCE II LF,CAMBIO LEVA SELECTOR DE CAMBIOS (ESTRELLA),2.5
ZONTES 155,CAMBIO LEVA SELECTOR DE CAMBIOS (ESTRELLA),2.5
SHOCK,CAMBIO LEVA SELECTOR DE CAMBIOS (ESTRELLA),2.5
TNT150i,CAMBIO LEVA SELECTOR DE CAMBIOS (ESTRELLA),2.5
180S,CAMBIO LEVA SELECTOR DE CAMBIOS (ESTRELLA),2.5
TNT25N,CAMBIO LEVA SELECTOR DE CAMBIOS (ESTRELLA),2.5
LEONCINO 500,CAMBIO LEVA SELECTOR DE CAMBIOS (ESTRELLA),2.5
LEONCINO 250,CAMBIO LEVA SELECTOR DE CAMBIOS (ESTRELLA),2.5
TRK 500X,CAMBIO LEVA SELECTOR DE CAMBIOS (ESTRELLA),2.5
TRK 251,CAMBIO LEVA SELECTOR DE CAMBIOS (ESTRELLA),2.5
302 S,CAMBIO LEVA SELECTOR DE CAMBIOS (ESTRELLA),2.5
ACTIV,CAMBIO PLATINA SELECTOR,2.5
SPIKE,CAMBIO PLATINA SELECTOR,2.5
JETIX,CAMBIO PLATINA SELECTOR,2.5
UNI-K 110,CAMBIO PLATINA SELECTOR,2.5
TRACK,CAMBIO PLATINA SELECTOR,2.5
PULSAR 135,CAMBIO PLATINA SELECTOR,2
Perseo,CAMBIO PLATINA SELECTOR,2
PULSAR,CAMBIO PLATINA SELECTOR,2.5
PULSAR 180 UG,CAMBIO PLATINA SELECTOR,2.5
PULSAR 150,CAMBIO PLATINA SELECTOR,2.5
THOR 160,CAMBIO PLATINA SELECTOR,2.5
PULSAR 200,CAMBIO PLATINA SELECTOR,2.5
PULSAR 150 NS,CAMBIO PLATINA SELECTOR,2.5
PULSAR 150 AS,CAMBIO PLATINA SELECTOR,2.5
PULSAR 200 AS,CAMBIO PLATINA SELECTOR,2.5
PULSAR 200 NS,CAMBIO PLATINA SELECTOR,2.5
TITAN,CAMBIO PLATINA SELECTOR,2.6
PULSAR  RS 200,CAMBIO PLATINA SELECTOR,2.6
PULSAR 220,CAMBIO PLATINA SELECTOR,2.5
AVENGER 220,CAMBIO PLATINA SELECTOR,2.5
XCD,CAMBIO PLATINA SELECTOR,2
DISCOVER 100,CAMBIO PLATINA SELECTOR,2
DISCOVER 135,CAMBIO PLATINA SELECTOR,2
BOXER,CAMBIO PLATINA SELECTOR,2
LEXUS,CAMBIO PLATINA SELECTOR,2
DISCOVER 100 5S,CAMBIO PLATINA SELECTOR,2
DISCOVER 150,CAMBIO PLATINA SELECTOR,2
CHAMPION,CAMBIO PLATINA SELECTOR,2
DISCOVER 125 ST,CAMBIO PLATINA SELECTOR,2
BOXER BM 100,CAMBIO PLATINA SELECTOR,2
BOXER BM 150,CAMBIO PLATINA SELECTOR,2
BOXER BM 100 ES,CAMBIO PLATINA SELECTOR,2
PLATINO 125,CAMBIO PLATINA SELECTOR,2
PLATINO 125 - 5S,CAMBIO PLATINA SELECTOR,2
PLATINO 100,CAMBIO PLATINA SELECTOR,2
PLATINO 110,CAMBIO PLATINA SELECTOR,2
FAMILLY,CAMBIO PLATINA SELECTOR,2
KAZE MAX II,CAMBIO PLATINA SELECTOR,2
ZX 130- MAGIC II,CAMBIO PLATINA SELECTOR,2.5
KMX,CAMBIO PLATINA SELECTOR,2.5
KLX 150,CAMBIO PLATINA SELECTOR,2
KLX150  L,CAMBIO PLATINA SELECTOR,2
KLX 250,CAMBIO PLATINA SELECTOR,2
TRANS-SPORT,CAMBIO PLATINA SELECTOR,2
MRX 150,CAMBIO PLATINA SELECTOR,2
FURAX,CAMBIO PLATINA SELECTOR,2
BOMBER 125,CAMBIO PLATINA SELECTOR,2
BOMBER 250,CAMBIO PLATINA SELECTOR,1.5
COMBAT 125,CAMBIO PLATINA SELECTOR,2
VENOM 250,CAMBIO PLATINA SELECTOR,2.5
ONE,CAMBIO PLATINA SELECTOR,2.5
FLOW,CAMBIO PLATINA SELECTOR,2.5
ADVANCE II LF,CAMBIO PLATINA SELECTOR,2.5
ZONTES 155,CAMBIO PLATINA SELECTOR,2.5
SHOCK,CAMBIO PLATINA SELECTOR,2.5
ACTIV,CAMBIO SENSOR DE CAMBIOS Y/O NEUTRA,0.5
SPIKE,CAMBIO SENSOR DE CAMBIOS Y/O NEUTRA,0.5
JETIX,CAMBIO SENSOR DE CAMBIOS Y/O NEUTRA,0.5
UNI-K 110,CAMBIO SENSOR DE CAMBIOS Y/O NEUTRA,0.5
TRACK,CAMBIO SENSOR DE CAMBIOS Y/O NEUTRA,0.5
PULSAR 135,CAMBIO SENSOR DE CAMBIOS Y/O NEUTRA,0.5
Perseo,CAMBIO SENSOR DE CAMBIOS Y/O NEUTRA,0.5
PULSAR,CAMBIO SENSOR DE CAMBIOS Y/O NEUTRA,0.5
PULSAR 180 UG,CAMBIO SENSOR DE CAMBIOS Y/O NEUTRA,0.5
PULSAR 150,CAMBIO SENSOR DE CAMBIOS Y/O NEUTRA,0.5
THOR 160,CAMBIO SENSOR DE CAMBIOS Y/O NEUTRA,0.5
PULSAR 200,CAMBIO SENSOR DE CAMBIOS Y/O NEUTRA,1
PULSAR 150 NS,CAMBIO SENSOR DE CAMBIOS Y/O NEUTRA,0.6
PULSAR 150 AS,CAMBIO SENSOR DE CAMBIOS Y/O NEUTRA,0.6
PULSAR 200 AS,CAMBIO SENSOR DE CAMBIOS Y/O NEUTRA,0.6
PULSAR 200 NS,CAMBIO SENSOR DE CAMBIOS Y/O NEUTRA,0.6
TITAN,CAMBIO SENSOR DE CAMBIOS Y/O NEUTRA,0.6
PULSAR  RS 200,CAMBIO SENSOR DE CAMBIOS Y/O NEUTRA,0.6
PULSAR 220,CAMBIO SENSOR DE CAMBIOS Y/O NEUTRA,0.5
AVENGER 220,CAMBIO SENSOR DE CAMBIOS Y/O NEUTRA,0.5
XCD,CAMBIO SENSOR DE CAMBIOS Y/O NEUTRA,0.5
DISCOVER 100,CAMBIO SENSOR DE CAMBIOS Y/O NEUTRA,0.5
DISCOVER 135,CAMBIO SENSOR DE CAMBIOS Y/O NEUTRA,0.5
BOXER,CAMBIO SENSOR DE CAMBIOS Y/O NEUTRA,0.5
LEXUS,CAMBIO SENSOR DE CAMBIOS Y/O NEUTRA,0.5
DISCOVER 100 5S,CAMBIO SENSOR DE CAMBIOS Y/O NEUTRA,0.5
DISCOVER 150,CAMBIO SENSOR DE CAMBIOS Y/O NEUTRA,0.5
CHAMPION,CAMBIO SENSOR DE CAMBIOS Y/O NEUTRA,0.5
DISCOVER 125 ST,CAMBIO SENSOR DE CAMBIOS Y/O NEUTRA,0.5
BOXER BM 100,CAMBIO SENSOR DE CAMBIOS Y/O NEUTRA,0.5
BOXER BM 150,CAMBIO SENSOR DE CAMBIOS Y/O NEUTRA,0.5
BOXER BM 100 ES,CAMBIO SENSOR DE CAMBIOS Y/O NEUTRA,0.5
PLATINO 125,CAMBIO SENSOR DE CAMBIOS Y/O NEUTRA,0.5
PLATINO 125 - 5S,CAMBIO SENSOR DE CAMBIOS Y/O NEUTRA,0.5
PLATINO 100,CAMBIO SENSOR DE CAMBIOS Y/O NEUTRA,0.5
PLATINO 110,CAMBIO SENSOR DE CAMBIOS Y/O NEUTRA,0.5
FAMILLY,CAMBIO SENSOR DE CAMBIOS Y/O NEUTRA,0.5
MOTOCARRO 4T,CAMBIO SENSOR DE CAMBIOS Y/O NEUTRA,0.3
TORITO,CAMBIO SENSOR DE CAMBIOS Y/O NEUTRA,0.3
KAZE MAX II,CAMBIO SENSOR DE CAMBIOS Y/O NEUTRA,0.5
ZX 130- MAGIC II,CAMBIO SENSOR DE CAMBIOS Y/O NEUTRA,1
KMX,CAMBIO SENSOR DE CAMBIOS Y/O NEUTRA,0.5
KLX 150,CAMBIO SENSOR DE CAMBIOS Y/O NEUTRA,0.3
KLX150  L,CAMBIO SENSOR DE CAMBIOS Y/O NEUTRA,0.3
KLX 250,CAMBIO SENSOR DE CAMBIOS Y/O NEUTRA,0.5
NINJA 250,CAMBIO SENSOR DE CAMBIOS Y/O NEUTRA,0.6
NINJA 250 FI,CAMBIO SENSOR DE CAMBIOS Y/O NEUTRA,0.6
Z250,CAMBIO SENSOR DE CAMBIOS Y/O NEUTRA,0.6
Z250 SL,CAMBIO SENSOR DE CAMBIOS Y/O NEUTRA,0.6
ER-6n,CAMBIO SENSOR DE CAMBIOS Y/O NEUTRA,0.5
TRANS-SPORT,CAMBIO SENSOR DE CAMBIOS Y/O NEUTRA,0.5
MRX 150,CAMBIO SENSOR DE CAMBIOS Y/O NEUTRA,0.3
FURAX,CAMBIO SENSOR DE CAMBIOS Y/O NEUTRA,0.5
BOMBER 125,CAMBIO SENSOR DE CAMBIOS Y/O NEUTRA,0.5
BOMBER 250,CAMBIO SENSOR DE CAMBIOS Y/O NEUTRA,0.8
COMBAT 125,CAMBIO SENSOR DE CAMBIOS Y/O NEUTRA,0.5
VENOM 400,CAMBIO SENSOR DE CAMBIOS Y/O NEUTRA,1
VENOM 250,CAMBIO SENSOR DE CAMBIOS Y/O NEUTRA,0.6
ONE,CAMBIO SENSOR DE CAMBIOS Y/O NEUTRA,0.5
FLOW,CAMBIO SENSOR DE CAMBIOS Y/O NEUTRA,0.5
ADVANCE II LF,CAMBIO SENSOR DE CAMBIOS Y/O NEUTRA,0.5
ZONTES 155,CAMBIO SENSOR DE CAMBIOS Y/O NEUTRA,0.6
SHOCK,CAMBIO SENSOR DE CAMBIOS Y/O NEUTRA,0.5
TNT150i,CAMBIO SENSOR DE CAMBIOS Y/O NEUTRA,0.6
180S,CAMBIO SENSOR DE CAMBIOS Y/O NEUTRA,0.6
TNT25N,CAMBIO SENSOR DE CAMBIOS Y/O NEUTRA,0.6
LEONCINO 500,CAMBIO SENSOR DE CAMBIOS Y/O NEUTRA,0.5
LEONCINO 250,CAMBIO SENSOR DE CAMBIOS Y/O NEUTRA,0.6
TRK 500X,CAMBIO SENSOR DE CAMBIOS Y/O NEUTRA,0.5
TRK 251,CAMBIO SENSOR DE CAMBIOS Y/O NEUTRA,0.6
302 S,CAMBIO SENSOR DE CAMBIOS Y/O NEUTRA,0.6
KMX,CAMBIO RETENENEDOR EJE CAMBIOS INTERNO,6
ACTIV,CAMBIO SENSOR DE CAMBIOS (PLATINA),0.5
SPIKE,CAMBIO SENSOR DE CAMBIOS (PLATINA),0.5
JETIX,CAMBIO SENSOR DE CAMBIOS (PLATINA),0.5
UNI-K 110,CAMBIO SENSOR DE CAMBIOS (PLATINA),0.5
TRACK,CAMBIO SENSOR DE CAMBIOS (PLATINA),0.5
ZX 130- MAGIC II,CAMBIO SENSOR DE CAMBIOS (PLATINA),0.5
TRANS-SPORT,CAMBIO SENSOR DE CAMBIOS (PLATINA),0.6
ONE,CAMBIO SENSOR DE CAMBIOS (PLATINA),0.5
FLOW,CAMBIO SENSOR DE CAMBIOS (PLATINA),0.5
ADVANCE II LF,CAMBIO SENSOR DE CAMBIOS (PLATINA),0.5
SHOCK,CAMBIO SENSOR DE CAMBIOS (PLATINA),0.5
KAZE MAX II,CAMBIO ESTRELLA DE CAMBIOS,1.8
VENOM 400,CAMBIO ESTRELLA DE CAMBIOS,1.5
FLOW,CAMBIO ESTRELLA DE CAMBIOS,2.5
ADVANCE II LF,CAMBIO ESTRELLA DE CAMBIOS,2.5
ZONTES 155,CAMBIO ESTRELLA DE CAMBIOS,2
SHOCK,CAMBIO ESTRELLA DE CAMBIOS,2.5
KAZE MAX II,SISTEMA DE LUBRICACIÓN,1.8
AGILITY,CAMBIO Y/O REPARACIÓN BOMBA ACEITE 4T,2.5
AGILITY RS,CAMBIO Y/O REPARACIÓN BOMBA ACEITE 4T,2.5
AGILITY CITY 150,CAMBIO Y/O REPARACIÓN BOMBA ACEITE 4T,2.5
BET & WIN,CAMBIO Y/O REPARACIÓN BOMBA ACEITE 4T,3
ACTIV,CAMBIO Y/O REPARACIÓN BOMBA ACEITE 4T,2.5
SPIKE,CAMBIO Y/O REPARACIÓN BOMBA ACEITE 4T,2.5
AGILITY RS  NAKED,CAMBIO Y/O REPARACIÓN BOMBA ACEITE 4T,2.5
SUPER 8,CAMBIO Y/O REPARACIÓN BOMBA ACEITE 4T,2.5
GACELA,CAMBIO Y/O REPARACIÓN BOMBA ACEITE 4T,2.5
CRUCERO             x-town 300,CAMBIO Y/O REPARACIÓN BOMBA ACEITE 4T,3.5
ROCKET,CAMBIO Y/O REPARACIÓN BOMBA ACEITE 4T,2.5
FLY 125,CAMBIO Y/O REPARACIÓN BOMBA ACEITE 4T,2.5
TWIST,CAMBIO Y/O REPARACIÓN BOMBA ACEITE 4T,2.5
JETIX,CAMBIO Y/O REPARACIÓN BOMBA ACEITE 4T,2.5
UNI-K 110,CAMBIO Y/O REPARACIÓN BOMBA ACEITE 4T,2.5
TRACK,CAMBIO Y/O REPARACIÓN BOMBA ACEITE 4T,2.5
PULSAR 135,CAMBIO Y/O REPARACIÓN BOMBA ACEITE 4T,1.5
Perseo,CAMBIO Y/O REPARACIÓN BOMBA ACEITE 4T,1.5
PULSAR,CAMBIO Y/O REPARACIÓN BOMBA ACEITE 4T,1.5
PULSAR 180 UG,CAMBIO Y/O REPARACIÓN BOMBA ACEITE 4T,1.5
PULSAR 150,CAMBIO Y/O REPARACIÓN BOMBA ACEITE 4T,1.5
THOR 160,CAMBIO Y/O REPARACIÓN BOMBA ACEITE 4T,1.5
PULSAR 200,CAMBIO Y/O REPARACIÓN BOMBA ACEITE 4T,1.5
PULSAR 150 NS,CAMBIO Y/O REPARACIÓN BOMBA ACEITE 4T,1.5
PULSAR 150 AS,CAMBIO Y/O REPARACIÓN BOMBA ACEITE 4T,1.5
PULSAR 200 AS,CAMBIO Y/O REPARACIÓN BOMBA ACEITE 4T,1.5
PULSAR 200 NS,CAMBIO Y/O REPARACIÓN BOMBA ACEITE 4T,1.5
TITAN,CAMBIO Y/O REPARACIÓN BOMBA ACEITE 4T,1.6
PULSAR  RS 200,CAMBIO Y/O REPARACIÓN BOMBA ACEITE 4T,1.6
PULSAR 220,CAMBIO Y/O REPARACIÓN BOMBA ACEITE 4T,1.5
AVENGER 220,CAMBIO Y/O REPARACIÓN BOMBA ACEITE 4T,1.5
XCD,CAMBIO Y/O REPARACIÓN BOMBA ACEITE 4T,1.5
DISCOVER 100,CAMBIO Y/O REPARACIÓN BOMBA ACEITE 4T,1.5
DISCOVER 135,CAMBIO Y/O REPARACIÓN BOMBA ACEITE 4T,1.5
BOXER,CAMBIO Y/O REPARACIÓN BOMBA ACEITE 4T,1.5
LEXUS,CAMBIO Y/O REPARACIÓN BOMBA ACEITE 4T,1.5
DISCOVER 100 5S,CAMBIO Y/O REPARACIÓN BOMBA ACEITE 4T,1.5
DISCOVER 150,CAMBIO Y/O REPARACIÓN BOMBA ACEITE 4T,1.5
CHAMPION,CAMBIO Y/O REPARACIÓN BOMBA ACEITE 4T,1.5
DISCOVER 125 ST,CAMBIO Y/O REPARACIÓN BOMBA ACEITE 4T,1.5
BOXER BM 100,CAMBIO Y/O REPARACIÓN BOMBA ACEITE 4T,1.5
BOXER BM 150,CAMBIO Y/O REPARACIÓN BOMBA ACEITE 4T,1.5
BOXER BM 100 ES,CAMBIO Y/O REPARACIÓN BOMBA ACEITE 4T,1.5
PLATINO 125,CAMBIO Y/O REPARACIÓN BOMBA ACEITE 4T,1.5
PLATINO 125 - 5S,CAMBIO Y/O REPARACIÓN BOMBA ACEITE 4T,1.5
PLATINO 100,CAMBIO Y/O REPARACIÓN BOMBA ACEITE 4T,1.5
PLATINO 110,CAMBIO Y/O REPARACIÓN BOMBA ACEITE 4T,1.5
FAMILLY,CAMBIO Y/O REPARACIÓN BOMBA ACEITE 4T,1.5
MOTOCARRO 4T,CAMBIO Y/O REPARACIÓN BOMBA ACEITE 4T,2.5
TORITO,CAMBIO Y/O REPARACIÓN BOMBA ACEITE 4T,2.5
KAZE MAX II,CAMBIO Y/O REPARACIÓN BOMBA ACEITE 4T,2
ZX 130- MAGIC II,CAMBIO Y/O REPARACIÓN BOMBA ACEITE 4T,2.5
KLX 150,CAMBIO Y/O REPARACIÓN BOMBA ACEITE 4T,2
KLX150  L,CAMBIO Y/O REPARACIÓN BOMBA ACEITE 4T,2
KLX 250,CAMBIO Y/O REPARACIÓN BOMBA ACEITE 4T,2.3
NINJA 250,CAMBIO Y/O REPARACIÓN BOMBA ACEITE 4T,2.5
NINJA 250 FI,CAMBIO Y/O REPARACIÓN BOMBA ACEITE 4T,2.5
Z250,CAMBIO Y/O REPARACIÓN BOMBA ACEITE 4T,2.5
Z250 SL,CAMBIO Y/O REPARACIÓN BOMBA ACEITE 4T,2.5
ER-6n,CAMBIO Y/O REPARACIÓN BOMBA ACEITE 4T,3
TRANS-SPORT,CAMBIO Y/O REPARACIÓN BOMBA ACEITE 4T,2
MRX 150,CAMBIO Y/O REPARACIÓN BOMBA ACEITE 4T,1.5
FURAX,CAMBIO Y/O REPARACIÓN BOMBA ACEITE 4T,2
BOMBER 125,CAMBIO Y/O REPARACIÓN BOMBA ACEITE 4T,1.5
BOMBER 250,CAMBIO Y/O REPARACIÓN BOMBA ACEITE 4T,1
COMBAT 125,CAMBIO Y/O REPARACIÓN BOMBA ACEITE 4T,1.5
ZS,CAMBIO Y/O REPARACIÓN BOMBA ACEITE 4T,2.5
LIFE,CAMBIO Y/O REPARACIÓN BOMBA ACEITE 4T,2.5
HUNTER,CAMBIO Y/O REPARACIÓN BOMBA ACEITE 4T,3.5
BLACK,CAMBIO Y/O REPARACIÓN BOMBA ACEITE 4T,3.5
VENOM 400,CAMBIO Y/O REPARACIÓN BOMBA ACEITE 4T,1.5
VENOM 250,CAMBIO Y/O REPARACIÓN BOMBA ACEITE 4T,1.5
ONE,CAMBIO Y/O REPARACIÓN BOMBA ACEITE 4T,2.5
FLOW,CAMBIO Y/O REPARACIÓN BOMBA ACEITE 4T,2.5
ADVANCE II LF,CAMBIO Y/O REPARACIÓN BOMBA ACEITE 4T,2.5
ZONTES 155,CAMBIO Y/O REPARACIÓN BOMBA ACEITE 4T,2.5
ZONTES 310M,CAMBIO Y/O REPARACIÓN BOMBA ACEITE 4T,4.5
SHOCK,CAMBIO Y/O REPARACIÓN BOMBA ACEITE 4T,2.5
TNT150i,CAMBIO Y/O REPARACIÓN BOMBA ACEITE 4T,2.5
180S,CAMBIO Y/O REPARACIÓN BOMBA ACEITE 4T,2.5
TNT25N,CAMBIO Y/O REPARACIÓN BOMBA ACEITE 4T,2.5
LEONCINO 500,CAMBIO Y/O REPARACIÓN BOMBA ACEITE 4T,3
LEONCINO 250,CAMBIO Y/O REPARACIÓN BOMBA ACEITE 4T,2.5
TRK 500X,CAMBIO Y/O REPARACIÓN BOMBA ACEITE 4T,3
TRK 251,CAMBIO Y/O REPARACIÓN BOMBA ACEITE 4T,2.5
302 S,CAMBIO Y/O REPARACIÓN BOMBA ACEITE 4T,2.5
TOP BOY,CAMBIO RECIPIENTE DE ACEITE DE DOS TIEMPOS,1
KMX,CAMBIO RECIPIENTE DE ACEITE DE DOS TIEMPOS,1.5
TOP BOY,CAMBIO Y/O CALIBRACIÓN BOMBA DE ACEITE DE 2T,0.7
KMX,CAMBIO Y/O CALIBRACIÓN BOMBA DE ACEITE DE 2T,0.5
TOP BOY,CAMBIO SENSOR DE ACEITE 2T,0.5
KMX,CAMBIO SENSOR DE ACEITE 2T,0.3
TOP BOY,CAMBIO CONDUCTO LUBRICACIÓN 2T Y 4T,0.5
PULSAR,CAMBIO CONDUCTO LUBRICACIÓN 2T Y 4T,0.5
PULSAR 180 UG,CAMBIO CONDUCTO LUBRICACIÓN 2T Y 4T,0.5
PULSAR 150,CAMBIO CONDUCTO LUBRICACIÓN 2T Y 4T,0.5
PULSAR 220,CAMBIO CONDUCTO LUBRICACIÓN 2T Y 4T,0.5
AVENGER 220,CAMBIO CONDUCTO LUBRICACIÓN 2T Y 4T,0.5
BOXER,CAMBIO CONDUCTO LUBRICACIÓN 2T Y 4T,0.4
BOXER BM 100,CAMBIO CONDUCTO LUBRICACIÓN 2T Y 4T,0.5
PLATINO 100,CAMBIO CONDUCTO LUBRICACIÓN 2T Y 4T,0.5
KMX,CAMBIO CONDUCTO LUBRICACIÓN 2T Y 4T,0.5
NINJA 250,CAMBIO CONDUCTO LUBRICACIÓN 2T Y 4T,1
BOMBER 125,CAMBIO CONDUCTO LUBRICACIÓN 2T Y 4T,0.4
COMBAT 125,CAMBIO CONDUCTO LUBRICACIÓN 2T Y 4T,0.4
TOP BOY,CAMBIO DE EJE BOMBA DE LUBRICACIÓN,0.8
ACTIV,CAMBIO DE EJE BOMBA DE LUBRICACIÓN,2.5
SPIKE,CAMBIO DE EJE BOMBA DE LUBRICACIÓN,5.5
JETIX,CAMBIO DE EJE BOMBA DE LUBRICACIÓN,2.5
UNI-K 110,CAMBIO DE EJE BOMBA DE LUBRICACIÓN,2.5
TRACK,CAMBIO DE EJE BOMBA DE LUBRICACIÓN,2.5
PULSAR 135,CAMBIO DE EJE BOMBA DE LUBRICACIÓN,1.5
Perseo,CAMBIO DE EJE BOMBA DE LUBRICACIÓN,1.5
THOR 160,CAMBIO DE EJE BOMBA DE LUBRICACIÓN,1.5
PULSAR 200,CAMBIO DE EJE BOMBA DE LUBRICACIÓN,1.5
PULSAR 150 NS,CAMBIO DE EJE BOMBA DE LUBRICACIÓN,1.5
PULSAR 150 AS,CAMBIO DE EJE BOMBA DE LUBRICACIÓN,1.5
PULSAR 200 AS,CAMBIO DE EJE BOMBA DE LUBRICACIÓN,1.5
PULSAR 200 NS,CAMBIO DE EJE BOMBA DE LUBRICACIÓN,1.5
PULSAR  RS 200,CAMBIO DE EJE BOMBA DE LUBRICACIÓN,1.6
DISCOVER 100 5S,CAMBIO DE EJE BOMBA DE LUBRICACIÓN,1.5
DISCOVER 150,CAMBIO DE EJE BOMBA DE LUBRICACIÓN,1.5
CHAMPION,CAMBIO DE EJE BOMBA DE LUBRICACIÓN,1.5
DISCOVER 125 ST,CAMBIO DE EJE BOMBA DE LUBRICACIÓN,1.5
KMX,CAMBIO DE EJE BOMBA DE LUBRICACIÓN,0.8
NINJA 250,CAMBIO DE EJE BOMBA DE LUBRICACIÓN,1.5
NINJA 250 FI,CAMBIO DE EJE BOMBA DE LUBRICACIÓN,1.5
Z250,CAMBIO DE EJE BOMBA DE LUBRICACIÓN,1.5
Z250 SL,CAMBIO DE EJE BOMBA DE LUBRICACIÓN,1.5
ER-6n,CAMBIO DE EJE BOMBA DE LUBRICACIÓN,3
BOMBER 250,CAMBIO DE EJE BOMBA DE LUBRICACIÓN,1
VENOM 400,CAMBIO DE EJE BOMBA DE LUBRICACIÓN,1.5
VENOM 250,CAMBIO DE EJE BOMBA DE LUBRICACIÓN,1.5
ONE,CAMBIO DE EJE BOMBA DE LUBRICACIÓN,2.5
FLOW,CAMBIO DE EJE BOMBA DE LUBRICACIÓN,2.5
ADVANCE II LF,CAMBIO DE EJE BOMBA DE LUBRICACIÓN,2.5
ZONTES 155,CAMBIO DE EJE BOMBA DE LUBRICACIÓN,1.5
SHOCK,CAMBIO DE EJE BOMBA DE LUBRICACIÓN,2.5
TNT150i,CAMBIO DE EJE BOMBA DE LUBRICACIÓN,1.5
180S,CAMBIO DE EJE BOMBA DE LUBRICACIÓN,1.5
TNT25N,CAMBIO DE EJE BOMBA DE LUBRICACIÓN,1.5
LEONCINO 500,CAMBIO DE EJE BOMBA DE LUBRICACIÓN,3
LEONCINO 250,CAMBIO DE EJE BOMBA DE LUBRICACIÓN,1.5
TRK 500X,CAMBIO DE EJE BOMBA DE LUBRICACIÓN,3
TRK 251,CAMBIO DE EJE BOMBA DE LUBRICACIÓN,1.5
302 S,CAMBIO DE EJE BOMBA DE LUBRICACIÓN,1.5
AGILITY,CAMBIO DE CADENILLA DE BOMBA DE LUBRICACION 4T,2.5
AGILITY RS,CAMBIO DE CADENILLA DE BOMBA DE LUBRICACION 4T,2.5
AGILITY CITY 150,CAMBIO DE CADENILLA DE BOMBA DE LUBRICACION 4T,2.5
BET & WIN,CAMBIO DE CADENILLA DE BOMBA DE LUBRICACION 4T,3
AGILITY RS  NAKED,CAMBIO DE CADENILLA DE BOMBA DE LUBRICACION 4T,2.5
SUPER 8,CAMBIO DE CADENILLA DE BOMBA DE LUBRICACION 4T,2.5
GACELA,CAMBIO DE CADENILLA DE BOMBA DE LUBRICACION 4T,2.5
CRUCERO             x-town 300,CAMBIO DE CADENILLA DE BOMBA DE LUBRICACION 4T,3.5
ROCKET,CAMBIO DE CADENILLA DE BOMBA DE LUBRICACION 4T,2.5
FLY 125,CAMBIO DE CADENILLA DE BOMBA DE LUBRICACION 4T,2.5
TWIST,CAMBIO DE CADENILLA DE BOMBA DE LUBRICACION 4T,2.5
FURAX,CAMBIO DE CADENILLA DE BOMBA DE LUBRICACION 4T,2
ZS,CAMBIO DE CADENILLA DE BOMBA DE LUBRICACION 4T,2.5
LIFE,CAMBIO DE CADENILLA DE BOMBA DE LUBRICACION 4T,2.5
HUNTER,CAMBIO DE CADENILLA DE BOMBA DE LUBRICACION 4T,3.5
BLACK,CAMBIO DE CADENILLA DE BOMBA DE LUBRICACION 4T,3.5
ZONTES 310M,CAMBIO DE CADENILLA DE BOMBA DE LUBRICACION 4T,3.5
PULSAR 180 UG,CAMBIO DE CHEQUES DE DESCARGE DE LUBRICACION,1
PULSAR 150,CAMBIO DE CHEQUES DE DESCARGE DE LUBRICACION,1
THOR 160,CAMBIO DE CHEQUES DE DESCARGE DE LUBRICACION,1
PULSAR 200,CAMBIO DE CHEQUES DE DESCARGE DE LUBRICACION,1
PULSAR 150 NS,CAMBIO DE CHEQUES DE DESCARGE DE LUBRICACION,1.5
PULSAR 150 AS,CAMBIO DE CHEQUES DE DESCARGE DE LUBRICACION,1.5
PULSAR 200 AS,CAMBIO DE CHEQUES DE DESCARGE DE LUBRICACION,1.5
PULSAR 200 NS,CAMBIO DE CHEQUES DE DESCARGE DE LUBRICACION,1.5
TITAN,CAMBIO DE CHEQUES DE DESCARGE DE LUBRICACION,1.6
PULSAR  RS 200,CAMBIO DE CHEQUES DE DESCARGE DE LUBRICACION,1.6
PULSAR 220,CAMBIO DE CHEQUES DE DESCARGE DE LUBRICACION,1
AVENGER 220,CAMBIO DE CHEQUES DE DESCARGE DE LUBRICACION,1
NINJA 250,CAMBIO DE CHEQUES DE DESCARGE DE LUBRICACION,2
NINJA 250 FI,CAMBIO DE CHEQUES DE DESCARGE DE LUBRICACION,2
Z250,CAMBIO DE CHEQUES DE DESCARGE DE LUBRICACION,2
Z250 SL,CAMBIO DE CHEQUES DE DESCARGE DE LUBRICACION,2
ER-6n,CAMBIO DE CHEQUES DE DESCARGE DE LUBRICACION,2
BOMBER 250,CAMBIO DE CHEQUES DE DESCARGE DE LUBRICACION,1
VENOM 250,CAMBIO DE CHEQUES DE DESCARGE DE LUBRICACION,1.5
ZONTES 155,CAMBIO DE CHEQUES DE DESCARGE DE LUBRICACION,2
TNT150i,CAMBIO DE CHEQUES DE DESCARGE DE LUBRICACION,2
180S,CAMBIO DE CHEQUES DE DESCARGE DE LUBRICACION,2
TNT25N,CAMBIO DE CHEQUES DE DESCARGE DE LUBRICACION,2
LEONCINO 500,CAMBIO DE CHEQUES DE DESCARGE DE LUBRICACION,2
LEONCINO 250,CAMBIO DE CHEQUES DE DESCARGE DE LUBRICACION,2
TRK 500X,CAMBIO DE CHEQUES DE DESCARGE DE LUBRICACION,2
TRK 251,CAMBIO DE CHEQUES DE DESCARGE DE LUBRICACION,2
302 S,CAMBIO DE CHEQUES DE DESCARGE DE LUBRICACION,2
AGILITY,CAMBIO DE FILTRO DE RECOLECCION DE BOMBA DE ACEITE 4T,0.2
AGILITY RS,CAMBIO DE FILTRO DE RECOLECCION DE BOMBA DE ACEITE 4T,0.2
AGILITY CITY 150,CAMBIO DE FILTRO DE RECOLECCION DE BOMBA DE ACEITE 4T,0.2
BET & WIN,CAMBIO DE FILTRO DE RECOLECCION DE BOMBA DE ACEITE 4T,0.2
ACTIV,CAMBIO DE FILTRO DE RECOLECCION DE BOMBA DE ACEITE 4T,1
SPIKE,CAMBIO DE FILTRO DE RECOLECCION DE BOMBA DE ACEITE 4T,0.2
AGILITY RS  NAKED,CAMBIO DE FILTRO DE RECOLECCION DE BOMBA DE ACEITE 4T,0.2
SUPER 8,CAMBIO DE FILTRO DE RECOLECCION DE BOMBA DE ACEITE 4T,0.2
GACELA,CAMBIO DE FILTRO DE RECOLECCION DE BOMBA DE ACEITE 4T,0.2
CRUCERO             x-town 300,CAMBIO DE FILTRO DE RECOLECCION DE BOMBA DE ACEITE 4T,0.3
ROCKET,CAMBIO DE FILTRO DE RECOLECCION DE BOMBA DE ACEITE 4T,0.2
FLY 125,CAMBIO DE FILTRO DE RECOLECCION DE BOMBA DE ACEITE 4T,0.2
TWIST,CAMBIO DE FILTRO DE RECOLECCION DE BOMBA DE ACEITE 4T,0.2
JETIX,CAMBIO DE FILTRO DE RECOLECCION DE BOMBA DE ACEITE 4T,1
UNI-K 110,CAMBIO DE FILTRO DE RECOLECCION DE BOMBA DE ACEITE 4T,1
TRACK,CAMBIO DE FILTRO DE RECOLECCION DE BOMBA DE ACEITE 4T,1
PULSAR 135,CAMBIO DE FILTRO DE RECOLECCION DE BOMBA DE ACEITE 4T,0.2
Perseo,CAMBIO DE FILTRO DE RECOLECCION DE BOMBA DE ACEITE 4T,0.2
PULSAR,CAMBIO DE FILTRO DE RECOLECCION DE BOMBA DE ACEITE 4T,1
PULSAR 180 UG,CAMBIO DE FILTRO DE RECOLECCION DE BOMBA DE ACEITE 4T,1
PULSAR 150,CAMBIO DE FILTRO DE RECOLECCION DE BOMBA DE ACEITE 4T,1
THOR 160,CAMBIO DE FILTRO DE RECOLECCION DE BOMBA DE ACEITE 4T,1
PULSAR 220,CAMBIO DE FILTRO DE RECOLECCION DE BOMBA DE ACEITE 4T,1
AVENGER 220,CAMBIO DE FILTRO DE RECOLECCION DE BOMBA DE ACEITE 4T,1
BOXER,CAMBIO DE FILTRO DE RECOLECCION DE BOMBA DE ACEITE 4T,1
LEXUS,CAMBIO DE FILTRO DE RECOLECCION DE BOMBA DE ACEITE 4T,1
BOXER BM 100,CAMBIO DE FILTRO DE RECOLECCION DE BOMBA DE ACEITE 4T,1
PLATINO 100,CAMBIO DE FILTRO DE RECOLECCION DE BOMBA DE ACEITE 4T,1
ZX 130- MAGIC II,CAMBIO DE FILTRO DE RECOLECCION DE BOMBA DE ACEITE 4T,1
KLX 150,CAMBIO DE FILTRO DE RECOLECCION DE BOMBA DE ACEITE 4T,1
KLX150  L,CAMBIO DE FILTRO DE RECOLECCION DE BOMBA DE ACEITE 4T,1
KLX 250,CAMBIO DE FILTRO DE RECOLECCION DE BOMBA DE ACEITE 4T,1
NINJA 250,CAMBIO DE FILTRO DE RECOLECCION DE BOMBA DE ACEITE 4T,0.2
NINJA 250 FI,CAMBIO DE FILTRO DE RECOLECCION DE BOMBA DE ACEITE 4T,0.3
Z250,CAMBIO DE FILTRO DE RECOLECCION DE BOMBA DE ACEITE 4T,0.3
Z250 SL,CAMBIO DE FILTRO DE RECOLECCION DE BOMBA DE ACEITE 4T,0.3
ER-6n,CAMBIO DE FILTRO DE RECOLECCION DE BOMBA DE ACEITE 4T,1.8
MRX 150,CAMBIO DE FILTRO DE RECOLECCION DE BOMBA DE ACEITE 4T,1
BOMBER 125,CAMBIO DE FILTRO DE RECOLECCION DE BOMBA DE ACEITE 4T,1
COMBAT 125,CAMBIO DE FILTRO DE RECOLECCION DE BOMBA DE ACEITE 4T,1
ZS,CAMBIO DE FILTRO DE RECOLECCION DE BOMBA DE ACEITE 4T,0.2
LIFE,CAMBIO DE FILTRO DE RECOLECCION DE BOMBA DE ACEITE 4T,0.2
HUNTER,CAMBIO DE FILTRO DE RECOLECCION DE BOMBA DE ACEITE 4T,0.2
BLACK,CAMBIO DE FILTRO DE RECOLECCION DE BOMBA DE ACEITE 4T,0.2
ONE,CAMBIO DE FILTRO DE RECOLECCION DE BOMBA DE ACEITE 4T,1
FLOW,CAMBIO DE FILTRO DE RECOLECCION DE BOMBA DE ACEITE 4T,1
ADVANCE II LF,CAMBIO DE FILTRO DE RECOLECCION DE BOMBA DE ACEITE 4T,1
ZONTES 155,CAMBIO DE FILTRO DE RECOLECCION DE BOMBA DE ACEITE 4T,0.3
ZONTES 310M,CAMBIO DE FILTRO DE RECOLECCION DE BOMBA DE ACEITE 4T,0.2
SHOCK,CAMBIO DE FILTRO DE RECOLECCION DE BOMBA DE ACEITE 4T,1
TNT150i,CAMBIO DE FILTRO DE RECOLECCION DE BOMBA DE ACEITE 4T,0.3
180S,CAMBIO DE FILTRO DE RECOLECCION DE BOMBA DE ACEITE 4T,0.3
TNT25N,CAMBIO DE FILTRO DE RECOLECCION DE BOMBA DE ACEITE 4T,0.3
LEONCINO 500,CAMBIO DE FILTRO DE RECOLECCION DE BOMBA DE ACEITE 4T,1.8
LEONCINO 250,CAMBIO DE FILTRO DE RECOLECCION DE BOMBA DE ACEITE 4T,0.3
TRK 500X,CAMBIO DE FILTRO DE RECOLECCION DE BOMBA DE ACEITE 4T,1.8
TRK 251,CAMBIO DE FILTRO DE RECOLECCION DE BOMBA DE ACEITE 4T,0.3
302 S,CAMBIO DE FILTRO DE RECOLECCION DE BOMBA DE ACEITE 4T,0.3
ER-6n,CAMBIO DE TAPA CARTER,1.5
BOMBER 125,CAMBIO DE TAPA CARTER,0.3
COMBAT 125,CAMBIO DE TAPA CARTER,0.3
VENOM 400,CAMBIO DE TAPA CARTER,1
LEONCINO 500,CAMBIO DE TAPA CARTER,2
TRK 500X,CAMBIO DE TAPA CARTER,2
ER-6n,CAMBIO DE EMPAQUE TAPA CARTER,1.5
BOMBER 125,CAMBIO DE EMPAQUE TAPA CARTER,0.3
COMBAT 125,CAMBIO DE EMPAQUE TAPA CARTER,0.3
VENOM 400,CAMBIO DE EMPAQUE TAPA CARTER,1
LEONCINO 500,CAMBIO DE EMPAQUE TAPA CARTER,2
TRK 500X,CAMBIO DE EMPAQUE TAPA CARTER,2
NINJA 250,CAMBIO DE CONDUCTOS INTERNOS DE ACEITE,4
NINJA 250 FI,CAMBIO DE CONDUCTOS INTERNOS DE ACEITE,4
Z250,CAMBIO DE CONDUCTOS INTERNOS DE ACEITE,4
Z250 SL,CAMBIO DE CONDUCTOS INTERNOS DE ACEITE,4
ER-6n,CAMBIO DE CONDUCTOS INTERNOS DE ACEITE,2
ZONTES 155,CAMBIO DE CONDUCTOS INTERNOS DE ACEITE,2
TNT150i,CAMBIO DE CONDUCTOS INTERNOS DE ACEITE,2
180S,CAMBIO DE CONDUCTOS INTERNOS DE ACEITE,2
TNT25N,CAMBIO DE CONDUCTOS INTERNOS DE ACEITE,2
LEONCINO 500,CAMBIO DE CONDUCTOS INTERNOS DE ACEITE,2
LEONCINO 250,CAMBIO DE CONDUCTOS INTERNOS DE ACEITE,2
TRK 500X,CAMBIO DE CONDUCTOS INTERNOS DE ACEITE,2
TRK 251,CAMBIO DE CONDUCTOS INTERNOS DE ACEITE,2
302 S,CAMBIO DE CONDUCTOS INTERNOS DE ACEITE,2
PULSAR 150 NS,CAMBIO SENSOR DE PRESION DE ACEITE,1
PULSAR 150 AS,CAMBIO SENSOR DE PRESION DE ACEITE,1
PULSAR 200 AS,CAMBIO SENSOR DE PRESION DE ACEITE,1
PULSAR 200 NS,CAMBIO SENSOR DE PRESION DE ACEITE,1
TITAN,CAMBIO SENSOR DE PRESION DE ACEITE,1.5
PULSAR  RS 200,CAMBIO SENSOR DE PRESION DE ACEITE,1.5
PULSAR 220,CAMBIO SENSOR DE PRESION DE ACEITE,0.5
NINJA 250,CAMBIO SENSOR DE PRESION DE ACEITE,1
NINJA 250 FI,CAMBIO SENSOR DE PRESION DE ACEITE,1
Z250,CAMBIO SENSOR DE PRESION DE ACEITE,1
ER-6n,CAMBIO SENSOR DE PRESION DE ACEITE,0.8
VENOM 250,CAMBIO SENSOR DE PRESION DE ACEITE,1
ZONTES 155,CAMBIO SENSOR DE PRESION DE ACEITE,1
TNT150i,CAMBIO SENSOR DE PRESION DE ACEITE,1
180S,CAMBIO SENSOR DE PRESION DE ACEITE,1
TNT25N,CAMBIO SENSOR DE PRESION DE ACEITE,1
LEONCINO 500,CAMBIO SENSOR DE PRESION DE ACEITE,0.8
LEONCINO 250,CAMBIO SENSOR DE PRESION DE ACEITE,1
TRK 500X,CAMBIO SENSOR DE PRESION DE ACEITE,0.8
TRK 251,CAMBIO SENSOR DE PRESION DE ACEITE,1
302 S,CAMBIO SENSOR DE PRESION DE ACEITE,1
ACTIV,CAMBIO DEL EJE DEL PIÑON DE LA BOMBA DE LUBRICACION,2.5
SPIKE,CAMBIO DEL EJE DEL PIÑON DE LA BOMBA DE LUBRICACION,5.5
JETIX,CAMBIO DEL EJE DEL PIÑON DE LA BOMBA DE LUBRICACION,2.5
UNI-K 110,CAMBIO DEL EJE DEL PIÑON DE LA BOMBA DE LUBRICACION,2.5
TRACK,CAMBIO DEL EJE DEL PIÑON DE LA BOMBA DE LUBRICACION,2.5
PULSAR 135,CAMBIO DEL EJE DEL PIÑON DE LA BOMBA DE LUBRICACION,1.5
Perseo,CAMBIO DEL EJE DEL PIÑON DE LA BOMBA DE LUBRICACION,1.5
THOR 160,CAMBIO DEL EJE DEL PIÑON DE LA BOMBA DE LUBRICACION,1.5
PULSAR 200,CAMBIO DEL EJE DEL PIÑON DE LA BOMBA DE LUBRICACION,1.5
PULSAR 150 NS,CAMBIO DEL EJE DEL PIÑON DE LA BOMBA DE LUBRICACION,1.5
PULSAR 150 AS,CAMBIO DEL EJE DEL PIÑON DE LA BOMBA DE LUBRICACION,1.5
PULSAR 200 AS,CAMBIO DEL EJE DEL PIÑON DE LA BOMBA DE LUBRICACION,1.5
PULSAR 200 NS,CAMBIO DEL EJE DEL PIÑON DE LA BOMBA DE LUBRICACION,1.5
PULSAR  RS 200,CAMBIO DEL EJE DEL PIÑON DE LA BOMBA DE LUBRICACION,1.6
DISCOVER 100 5S,CAMBIO DEL EJE DEL PIÑON DE LA BOMBA DE LUBRICACION,1.5
DISCOVER 150,CAMBIO DEL EJE DEL PIÑON DE LA BOMBA DE LUBRICACION,1.5
CHAMPION,CAMBIO DEL EJE DEL PIÑON DE LA BOMBA DE LUBRICACION,1.5
DISCOVER 125 ST,CAMBIO DEL EJE DEL PIÑON DE LA BOMBA DE LUBRICACION,1.5
NINJA 250,CAMBIO DEL EJE DEL PIÑON DE LA BOMBA DE LUBRICACION,1.5
NINJA 250 FI,CAMBIO DEL EJE DEL PIÑON DE LA BOMBA DE LUBRICACION,1.5
Z250,CAMBIO DEL EJE DEL PIÑON DE LA BOMBA DE LUBRICACION,1.5
Z250 SL,CAMBIO DEL EJE DEL PIÑON DE LA BOMBA DE LUBRICACION,1.5
ER-6n,CAMBIO DEL EJE DEL PIÑON DE LA BOMBA DE LUBRICACION,2.5
TRANS-SPORT,CAMBIO DEL EJE DEL PIÑON DE LA BOMBA DE LUBRICACION,5
BOMBER 125,CAMBIO DEL EJE DEL PIÑON DE LA BOMBA DE LUBRICACION,0.7
BOMBER 250,CAMBIO DEL EJE DEL PIÑON DE LA BOMBA DE LUBRICACION,1
COMBAT 125,CAMBIO DEL EJE DEL PIÑON DE LA BOMBA DE LUBRICACION,0.7
VENOM 400,CAMBIO DEL EJE DEL PIÑON DE LA BOMBA DE LUBRICACION,1.5
VENOM 250,CAMBIO DEL EJE DEL PIÑON DE LA BOMBA DE LUBRICACION,1.5
ONE,CAMBIO DEL EJE DEL PIÑON DE LA BOMBA DE LUBRICACION,2.5
FLOW,CAMBIO DEL EJE DEL PIÑON DE LA BOMBA DE LUBRICACION,2.5
ADVANCE II LF,CAMBIO DEL EJE DEL PIÑON DE LA BOMBA DE LUBRICACION,2.5
ZONTES 155,CAMBIO DEL EJE DEL PIÑON DE LA BOMBA DE LUBRICACION,1.5
SHOCK,CAMBIO DEL EJE DEL PIÑON DE LA BOMBA DE LUBRICACION,2.5
TNT150i,CAMBIO DEL EJE DEL PIÑON DE LA BOMBA DE LUBRICACION,1.5
180S,CAMBIO DEL EJE DEL PIÑON DE LA BOMBA DE LUBRICACION,1.5
TNT25N,CAMBIO DEL EJE DEL PIÑON DE LA BOMBA DE LUBRICACION,1.5
LEONCINO 500,CAMBIO DEL EJE DEL PIÑON DE LA BOMBA DE LUBRICACION,2.5
LEONCINO 250,CAMBIO DEL EJE DEL PIÑON DE LA BOMBA DE LUBRICACION,1.5
TRK 500X,CAMBIO DEL EJE DEL PIÑON DE LA BOMBA DE LUBRICACION,2.5
TRK 251,CAMBIO DEL EJE DEL PIÑON DE LA BOMBA DE LUBRICACION,1.5
302 S,CAMBIO DEL EJE DEL PIÑON DE LA BOMBA DE LUBRICACION,1.5
AGILITY,CAMBIO DEL PIÑON ACCIONADOR DE LA BOMBA DE LUBRICACION,2.5
AGILITY RS,CAMBIO DEL PIÑON ACCIONADOR DE LA BOMBA DE LUBRICACION,2.5
AGILITY CITY 150,CAMBIO DEL PIÑON ACCIONADOR DE LA BOMBA DE LUBRICACION,2.5
BET & WIN,CAMBIO DEL PIÑON ACCIONADOR DE LA BOMBA DE LUBRICACION,3
ACTIV,CAMBIO DEL PIÑON ACCIONADOR DE LA BOMBA DE LUBRICACION,2.5
SPIKE,CAMBIO DEL PIÑON ACCIONADOR DE LA BOMBA DE LUBRICACION,5
AGILITY RS  NAKED,CAMBIO DEL PIÑON ACCIONADOR DE LA BOMBA DE LUBRICACION,2.5
SUPER 8,CAMBIO DEL PIÑON ACCIONADOR DE LA BOMBA DE LUBRICACION,2.5
GACELA,CAMBIO DEL PIÑON ACCIONADOR DE LA BOMBA DE LUBRICACION,2.5
CRUCERO             x-town 300,CAMBIO DEL PIÑON ACCIONADOR DE LA BOMBA DE LUBRICACION,3
ROCKET,CAMBIO DEL PIÑON ACCIONADOR DE LA BOMBA DE LUBRICACION,2.5
FLY 125,CAMBIO DEL PIÑON ACCIONADOR DE LA BOMBA DE LUBRICACION,2.5
TWIST,CAMBIO DEL PIÑON ACCIONADOR DE LA BOMBA DE LUBRICACION,2.5
JETIX,CAMBIO DEL PIÑON ACCIONADOR DE LA BOMBA DE LUBRICACION,2.5
UNI-K 110,CAMBIO DEL PIÑON ACCIONADOR DE LA BOMBA DE LUBRICACION,2.5
TRACK,CAMBIO DEL PIÑON ACCIONADOR DE LA BOMBA DE LUBRICACION,2.5
PULSAR 135,CAMBIO DEL PIÑON ACCIONADOR DE LA BOMBA DE LUBRICACION,1.5
Perseo,CAMBIO DEL PIÑON ACCIONADOR DE LA BOMBA DE LUBRICACION,1.5
THOR 160,CAMBIO DEL PIÑON ACCIONADOR DE LA BOMBA DE LUBRICACION,1.5
PULSAR 200,CAMBIO DEL PIÑON ACCIONADOR DE LA BOMBA DE LUBRICACION,1.5
PULSAR 150 NS,CAMBIO DEL PIÑON ACCIONADOR DE LA BOMBA DE LUBRICACION,1.5
PULSAR 150 AS,CAMBIO DEL PIÑON ACCIONADOR DE LA BOMBA DE LUBRICACION,1.5
PULSAR 200 AS,CAMBIO DEL PIÑON ACCIONADOR DE LA BOMBA DE LUBRICACION,1.5
PULSAR 200 NS,CAMBIO DEL PIÑON ACCIONADOR DE LA BOMBA DE LUBRICACION,1.5
PULSAR  RS 200,CAMBIO DEL PIÑON ACCIONADOR DE LA BOMBA DE LUBRICACION,1.6
DISCOVER 135,CAMBIO DEL PIÑON ACCIONADOR DE LA BOMBA DE LUBRICACION,1.5
DISCOVER 100 5S,CAMBIO DEL PIÑON ACCIONADOR DE LA BOMBA DE LUBRICACION,1.5
DISCOVER 150,CAMBIO DEL PIÑON ACCIONADOR DE LA BOMBA DE LUBRICACION,1.5
CHAMPION,CAMBIO DEL PIÑON ACCIONADOR DE LA BOMBA DE LUBRICACION,1.5
DISCOVER 125 ST,CAMBIO DEL PIÑON ACCIONADOR DE LA BOMBA DE LUBRICACION,1.5
PLATINO 110,CAMBIO DEL PIÑON ACCIONADOR DE LA BOMBA DE LUBRICACION,1.5
FAMILLY,CAMBIO DEL PIÑON ACCIONADOR DE LA BOMBA DE LUBRICACION,1.5
KMX,CAMBIO DEL PIÑON ACCIONADOR DE LA BOMBA DE LUBRICACION,1
KLX 250,CAMBIO DEL PIÑON ACCIONADOR DE LA BOMBA DE LUBRICACION,1
NINJA 250,CAMBIO DEL PIÑON ACCIONADOR DE LA BOMBA DE LUBRICACION,1.5
NINJA 250 FI,CAMBIO DEL PIÑON ACCIONADOR DE LA BOMBA DE LUBRICACION,1.5
Z250,CAMBIO DEL PIÑON ACCIONADOR DE LA BOMBA DE LUBRICACION,1.5
Z250 SL,CAMBIO DEL PIÑON ACCIONADOR DE LA BOMBA DE LUBRICACION,1.5
ER-6n,CAMBIO DEL PIÑON ACCIONADOR DE LA BOMBA DE LUBRICACION,2.5
TRANS-SPORT,CAMBIO DEL PIÑON ACCIONADOR DE LA BOMBA DE LUBRICACION,5
MRX 150,CAMBIO DEL PIÑON ACCIONADOR DE LA BOMBA DE LUBRICACION,1
ZS,CAMBIO DEL PIÑON ACCIONADOR DE LA BOMBA DE LUBRICACION,2.5
LIFE,CAMBIO DEL PIÑON ACCIONADOR DE LA BOMBA DE LUBRICACION,2.5
HUNTER,CAMBIO DEL PIÑON ACCIONADOR DE LA BOMBA DE LUBRICACION,3
BLACK,CAMBIO DEL PIÑON ACCIONADOR DE LA BOMBA DE LUBRICACION,3
VENOM 400,CAMBIO DEL PIÑON ACCIONADOR DE LA BOMBA DE LUBRICACION,1.5
VENOM 250,CAMBIO DEL PIÑON ACCIONADOR DE LA BOMBA DE LUBRICACION,1.5
ONE,CAMBIO DEL PIÑON ACCIONADOR DE LA BOMBA DE LUBRICACION,2.5
FLOW,CAMBIO DEL PIÑON ACCIONADOR DE LA BOMBA DE LUBRICACION,2.5
ADVANCE II LF,CAMBIO DEL PIÑON ACCIONADOR DE LA BOMBA DE LUBRICACION,2.5
ZONTES 155,CAMBIO DEL PIÑON ACCIONADOR DE LA BOMBA DE LUBRICACION,1.5
ZONTES 310M,CAMBIO DEL PIÑON ACCIONADOR DE LA BOMBA DE LUBRICACION,3
SHOCK,CAMBIO DEL PIÑON ACCIONADOR DE LA BOMBA DE LUBRICACION,2.5
TNT150i,CAMBIO DEL PIÑON ACCIONADOR DE LA BOMBA DE LUBRICACION,1.5
180S,CAMBIO DEL PIÑON ACCIONADOR DE LA BOMBA DE LUBRICACION,1.5
TNT25N,CAMBIO DEL PIÑON ACCIONADOR DE LA BOMBA DE LUBRICACION,1.5
LEONCINO 500,CAMBIO DEL PIÑON ACCIONADOR DE LA BOMBA DE LUBRICACION,2.5
LEONCINO 250,CAMBIO DEL PIÑON ACCIONADOR DE LA BOMBA DE LUBRICACION,1.5
TRK 500X,CAMBIO DEL PIÑON ACCIONADOR DE LA BOMBA DE LUBRICACION,2.5
TRK 251,CAMBIO DEL PIÑON ACCIONADOR DE LA BOMBA DE LUBRICACION,1.5
302 S,CAMBIO DEL PIÑON ACCIONADOR DE LA BOMBA DE LUBRICACION,1.5
NINJA 250 FI,CAMBIO Y/O REPARACION DEL SENSOR DE ACEITE 4T,0.4
Z250,CAMBIO Y/O REPARACION DEL SENSOR DE ACEITE 4T,0.4
ER-6n,CAMBIO Y/O REPARACION DEL SENSOR DE ACEITE 4T,1.2
ZONTES 155,CAMBIO Y/O REPARACION DEL SENSOR DE ACEITE 4T,0.4
TNT150i,CAMBIO Y/O REPARACION DEL SENSOR DE ACEITE 4T,0.4
180S,CAMBIO Y/O REPARACION DEL SENSOR DE ACEITE 4T,0.4
TNT25N,CAMBIO Y/O REPARACION DEL SENSOR DE ACEITE 4T,0.4
LEONCINO 500,CAMBIO Y/O REPARACION DEL SENSOR DE ACEITE 4T,0.4
LEONCINO 250,CAMBIO Y/O REPARACION DEL SENSOR DE ACEITE 4T,0.4
TRK 500X,CAMBIO Y/O REPARACION DEL SENSOR DE ACEITE 4T,0.4
TRK 251,CAMBIO Y/O REPARACION DEL SENSOR DE ACEITE 4T,0.4
302 S,CAMBIO Y/O REPARACION DEL SENSOR DE ACEITE 4T,0.4
TITAN,CAMBIO  BOMBA DE SUCCION DE ACEITE DEL CARTER,1
VENOM 400,CAMBIO  BOMBA DE SUCCION DE ACEITE DEL CARTER,1.5
TOP BOY,CAMBIO VÁLVULA Y/O  LENGÜETAS,1
KMX,CAMBIO VÁLVULA Y/O  LENGÜETAS,1
TOP BOY,LIMPIAR Y REVISAR CARBURADOR,1.5
AGILITY,LIMPIAR Y REVISAR CARBURADOR,1.5
AGILITY RS,LIMPIAR Y REVISAR CARBURADOR,1.5
AGILITY CITY 150,LIMPIAR Y REVISAR CARBURADOR,1.5
BET & WIN,LIMPIAR Y REVISAR CARBURADOR,1.5
ACTIV,LIMPIAR Y REVISAR CARBURADOR,1.8
SPIKE,LIMPIAR Y REVISAR CARBURADOR,1.8
AGILITY RS  NAKED,LIMPIAR Y REVISAR CARBURADOR,1.5
SUPER 8,LIMPIAR Y REVISAR CARBURADOR,1.5
GACELA,LIMPIAR Y REVISAR CARBURADOR,1.5
ROCKET,LIMPIAR Y REVISAR CARBURADOR,1.5
FLY 125,LIMPIAR Y REVISAR CARBURADOR,1.5
TWIST,LIMPIAR Y REVISAR CARBURADOR,1.5
JETIX,LIMPIAR Y REVISAR CARBURADOR,1.8
UNI-K 110,LIMPIAR Y REVISAR CARBURADOR,1.8
TRACK,LIMPIAR Y REVISAR CARBURADOR,1.8
PULSAR 135,LIMPIAR Y REVISAR CARBURADOR,1.2
Perseo,LIMPIAR Y REVISAR CARBURADOR,1.2
PULSAR,LIMPIAR Y REVISAR CARBURADOR,1.5
PULSAR 180 UG,LIMPIAR Y REVISAR CARBURADOR,1.5
PULSAR 150,LIMPIAR Y REVISAR CARBURADOR,1.5
THOR 160,LIMPIAR Y REVISAR CARBURADOR,2
PULSAR 200,LIMPIAR Y REVISAR CARBURADOR,2
PULSAR 150 NS,LIMPIAR Y REVISAR CARBURADOR,2
PULSAR 150 AS,LIMPIAR Y REVISAR CARBURADOR,2.3
PULSAR 200 AS,LIMPIAR Y REVISAR CARBURADOR,2.3
PULSAR 200 NS,LIMPIAR Y REVISAR CARBURADOR,2
PULSAR 220,LIMPIAR Y REVISAR CARBURADOR,1.5
AVENGER 220,LIMPIAR Y REVISAR CARBURADOR,1.5
XCD,LIMPIAR Y REVISAR CARBURADOR,1.8
DISCOVER 100,LIMPIAR Y REVISAR CARBURADOR,1.5
DISCOVER 135,LIMPIAR Y REVISAR CARBURADOR,1.5
BOXER,LIMPIAR Y REVISAR CARBURADOR,1.2
LEXUS,LIMPIAR Y REVISAR CARBURADOR,1.2
DISCOVER 100 5S,LIMPIAR Y REVISAR CARBURADOR,1.2
DISCOVER 150,LIMPIAR Y REVISAR CARBURADOR,1.2
CHAMPION,LIMPIAR Y REVISAR CARBURADOR,1.2
DISCOVER 125 ST,LIMPIAR Y REVISAR CARBURADOR,1.2
BOXER BM 100,LIMPIAR Y REVISAR CARBURADOR,1.2
BOXER BM 150,LIMPIAR Y REVISAR CARBURADOR,1.5
BOXER BM 100 ES,LIMPIAR Y REVISAR CARBURADOR,1.5
PLATINO 125,LIMPIAR Y REVISAR CARBURADOR,1.8
PLATINO 125 - 5S,LIMPIAR Y REVISAR CARBURADOR,1.5
PLATINO 100,LIMPIAR Y REVISAR CARBURADOR,1.2
PLATINO 110,LIMPIAR Y REVISAR CARBURADOR,1.5
FAMILLY,LIMPIAR Y REVISAR CARBURADOR,1.5
MOTOCARRO 4T,LIMPIAR Y REVISAR CARBURADOR,1.5
TORITO,LIMPIAR Y REVISAR CARBURADOR,1.5
KAZE MAX II,LIMPIAR Y REVISAR CARBURADOR,1.8
ZX 130- MAGIC II,LIMPIAR Y REVISAR CARBURADOR,1.8
KMX,LIMPIAR Y REVISAR CARBURADOR,1.5
KLX 150,LIMPIAR Y REVISAR CARBURADOR,1.5
KLX150  L,LIMPIAR Y REVISAR CARBURADOR,1.5
NINJA 250,LIMPIAR Y REVISAR CARBURADOR,3
TRANS-SPORT,LIMPIAR Y REVISAR CARBURADOR,1.7
MRX 150,LIMPIAR Y REVISAR CARBURADOR,1.5
FURAX,LIMPIAR Y REVISAR CARBURADOR,1.8
BOMBER 125,LIMPIAR Y REVISAR CARBURADOR,1.5
COMBAT 125,LIMPIAR Y REVISAR CARBURADOR,1.5
ZS,LIMPIAR Y REVISAR CARBURADOR,1.5
LIFE,LIMPIAR Y REVISAR CARBURADOR,1.5
VENOM 250,LIMPIAR Y REVISAR CARBURADOR,2
ONE,LIMPIAR Y REVISAR CARBURADOR,1.8
FLOW,LIMPIAR Y REVISAR CARBURADOR,1.8
ADVANCE II LF,LIMPIAR Y REVISAR CARBURADOR,1.8
SHOCK,LIMPIAR Y REVISAR CARBURADOR,1.8
TOP BOY,CAMBIO CONDUCTO CARBURADOR CILINDRO,0.8
AGILITY,CAMBIO CONDUCTO CARBURADOR CILINDRO,0.8
AGILITY RS,CAMBIO CONDUCTO CARBURADOR CILINDRO,0.8
AGILITY CITY 150,CAMBIO CONDUCTO CARBURADOR CILINDRO,0.8
BET & WIN,CAMBIO CONDUCTO CARBURADOR CILINDRO,0.8
ACTIV,CAMBIO CONDUCTO CARBURADOR CILINDRO,1
SPIKE,CAMBIO CONDUCTO CARBURADOR CILINDRO,1
AGILITY RS  NAKED,CAMBIO CONDUCTO CARBURADOR CILINDRO,0.8
SUPER 8,CAMBIO CONDUCTO CARBURADOR CILINDRO,0.8
GACELA,CAMBIO CONDUCTO CARBURADOR CILINDRO,0.8
ROCKET,CAMBIO CONDUCTO CARBURADOR CILINDRO,0.8
FLY 125,CAMBIO CONDUCTO CARBURADOR CILINDRO,0.8
TWIST,CAMBIO CONDUCTO CARBURADOR CILINDRO,0.8
JETIX,CAMBIO CONDUCTO CARBURADOR CILINDRO,1
UNI-K 110,CAMBIO CONDUCTO CARBURADOR CILINDRO,1
TRACK,CAMBIO CONDUCTO CARBURADOR CILINDRO,1
PULSAR 135,CAMBIO CONDUCTO CARBURADOR CILINDRO,0.5
Perseo,CAMBIO CONDUCTO CARBURADOR CILINDRO,0.5
PULSAR,CAMBIO CONDUCTO CARBURADOR CILINDRO,0.5
PULSAR 180 UG,CAMBIO CONDUCTO CARBURADOR CILINDRO,0.5
PULSAR 150,CAMBIO CONDUCTO CARBURADOR CILINDRO,0.5
THOR 160,CAMBIO CONDUCTO CARBURADOR CILINDRO,0.5
PULSAR 220,CAMBIO CONDUCTO CARBURADOR CILINDRO,0.5
AVENGER 220,CAMBIO CONDUCTO CARBURADOR CILINDRO,0.5
XCD,CAMBIO CONDUCTO CARBURADOR CILINDRO,0.5
DISCOVER 100,CAMBIO CONDUCTO CARBURADOR CILINDRO,0.5
DISCOVER 135,CAMBIO CONDUCTO CARBURADOR CILINDRO,0.5
BOXER,CAMBIO CONDUCTO CARBURADOR CILINDRO,0.5
LEXUS,CAMBIO CONDUCTO CARBURADOR CILINDRO,0.5
DISCOVER 100 5S,CAMBIO CONDUCTO CARBURADOR CILINDRO,0.5
DISCOVER 150,CAMBIO CONDUCTO CARBURADOR CILINDRO,0.5
CHAMPION,CAMBIO CONDUCTO CARBURADOR CILINDRO,0.5
DISCOVER 125 ST,CAMBIO CONDUCTO CARBURADOR CILINDRO,0.5
BOXER BM 100,CAMBIO CONDUCTO CARBURADOR CILINDRO,0.5
BOXER BM 150,CAMBIO CONDUCTO CARBURADOR CILINDRO,0.5
BOXER BM 100 ES,CAMBIO CONDUCTO CARBURADOR CILINDRO,0.5
PLATINO 125,CAMBIO CONDUCTO CARBURADOR CILINDRO,0.5
PLATINO 125 - 5S,CAMBIO CONDUCTO CARBURADOR CILINDRO,0.5
PLATINO 100,CAMBIO CONDUCTO CARBURADOR CILINDRO,0.4
PLATINO 110,CAMBIO CONDUCTO CARBURADOR CILINDRO,0.5
FAMILLY,CAMBIO CONDUCTO CARBURADOR CILINDRO,0.5
MOTOCARRO 4T,CAMBIO CONDUCTO CARBURADOR CILINDRO,1
TORITO,CAMBIO CONDUCTO CARBURADOR CILINDRO,1
KAZE MAX II,CAMBIO CONDUCTO CARBURADOR CILINDRO,1
ZX 130- MAGIC II,CAMBIO CONDUCTO CARBURADOR CILINDRO,1
KMX,CAMBIO CONDUCTO CARBURADOR CILINDRO,0.8
KLX 150,CAMBIO CONDUCTO CARBURADOR CILINDRO,0.5
KLX150  L,CAMBIO CONDUCTO CARBURADOR CILINDRO,0.5
KLX 250,CAMBIO CONDUCTO CARBURADOR CILINDRO,1
NINJA 250,CAMBIO CONDUCTO CARBURADOR CILINDRO,2
TRANS-SPORT,CAMBIO CONDUCTO CARBURADOR CILINDRO,1
MRX 150,CAMBIO CONDUCTO CARBURADOR CILINDRO,0.5
FURAX,CAMBIO CONDUCTO CARBURADOR CILINDRO,0.8
ZS,CAMBIO CONDUCTO CARBURADOR CILINDRO,0.8
LIFE,CAMBIO CONDUCTO CARBURADOR CILINDRO,0.8
ONE,CAMBIO CONDUCTO CARBURADOR CILINDRO,1
FLOW,CAMBIO CONDUCTO CARBURADOR CILINDRO,1
ADVANCE II LF,CAMBIO CONDUCTO CARBURADOR CILINDRO,1
SHOCK,CAMBIO CONDUCTO CARBURADOR CILINDRO,1
TOP BOY,CAMBIO DE PARTES INTERNAS DEL CARBURADOR,1.3
AGILITY,CAMBIO DE PARTES INTERNAS DEL CARBURADOR,1.5
AGILITY RS,CAMBIO DE PARTES INTERNAS DEL CARBURADOR,1.5
AGILITY CITY 150,CAMBIO DE PARTES INTERNAS DEL CARBURADOR,1.5
BET & WIN,CAMBIO DE PARTES INTERNAS DEL CARBURADOR,1.5
ACTIV,CAMBIO DE PARTES INTERNAS DEL CARBURADOR,1.8
SPIKE,CAMBIO DE PARTES INTERNAS DEL CARBURADOR,1.8
AGILITY RS  NAKED,CAMBIO DE PARTES INTERNAS DEL CARBURADOR,1.5
SUPER 8,CAMBIO DE PARTES INTERNAS DEL CARBURADOR,1.5
GACELA,CAMBIO DE PARTES INTERNAS DEL CARBURADOR,1.5
ROCKET,CAMBIO DE PARTES INTERNAS DEL CARBURADOR,1.5
FLY 125,CAMBIO DE PARTES INTERNAS DEL CARBURADOR,1.5
TWIST,CAMBIO DE PARTES INTERNAS DEL CARBURADOR,1.5
JETIX,CAMBIO DE PARTES INTERNAS DEL CARBURADOR,1.8
UNI-K 110,CAMBIO DE PARTES INTERNAS DEL CARBURADOR,1.8
TRACK,CAMBIO DE PARTES INTERNAS DEL CARBURADOR,1.8
PULSAR 135,CAMBIO DE PARTES INTERNAS DEL CARBURADOR,1.2
Perseo,CAMBIO DE PARTES INTERNAS DEL CARBURADOR,1.2
PULSAR,CAMBIO DE PARTES INTERNAS DEL CARBURADOR,1.5
PULSAR 180 UG,CAMBIO DE PARTES INTERNAS DEL CARBURADOR,1.5
PULSAR 150,CAMBIO DE PARTES INTERNAS DEL CARBURADOR,1.5
THOR 160,CAMBIO DE PARTES INTERNAS DEL CARBURADOR,2
PULSAR 200,CAMBIO DE PARTES INTERNAS DEL CARBURADOR,2
PULSAR 150 NS,CAMBIO DE PARTES INTERNAS DEL CARBURADOR,2
PULSAR 150 AS,CAMBIO DE PARTES INTERNAS DEL CARBURADOR,2.3
PULSAR 200 AS,CAMBIO DE PARTES INTERNAS DEL CARBURADOR,2.3
PULSAR 200 NS,CAMBIO DE PARTES INTERNAS DEL CARBURADOR,2
PULSAR 220,CAMBIO DE PARTES INTERNAS DEL CARBURADOR,1.5
AVENGER 220,CAMBIO DE PARTES INTERNAS DEL CARBURADOR,1.5
XCD,CAMBIO DE PARTES INTERNAS DEL CARBURADOR,1.8
DISCOVER 100,CAMBIO DE PARTES INTERNAS DEL CARBURADOR,1.5
DISCOVER 135,CAMBIO DE PARTES INTERNAS DEL CARBURADOR,1.5
BOXER,CAMBIO DE PARTES INTERNAS DEL CARBURADOR,1.2
LEXUS,CAMBIO DE PARTES INTERNAS DEL CARBURADOR,1.2
DISCOVER 100 5S,CAMBIO DE PARTES INTERNAS DEL CARBURADOR,1.2
DISCOVER 150,CAMBIO DE PARTES INTERNAS DEL CARBURADOR,1.2
CHAMPION,CAMBIO DE PARTES INTERNAS DEL CARBURADOR,1.2
DISCOVER 125 ST,CAMBIO DE PARTES INTERNAS DEL CARBURADOR,1.2
BOXER BM 100,CAMBIO DE PARTES INTERNAS DEL CARBURADOR,1.2
BOXER BM 150,CAMBIO DE PARTES INTERNAS DEL CARBURADOR,1.5
BOXER BM 100 ES,CAMBIO DE PARTES INTERNAS DEL CARBURADOR,1.5
PLATINO 125,CAMBIO DE PARTES INTERNAS DEL CARBURADOR,1.8
PLATINO 125 - 5S,CAMBIO DE PARTES INTERNAS DEL CARBURADOR,1.5
PLATINO 100,CAMBIO DE PARTES INTERNAS DEL CARBURADOR,1.2
PLATINO 110,CAMBIO DE PARTES INTERNAS DEL CARBURADOR,1.5
FAMILLY,CAMBIO DE PARTES INTERNAS DEL CARBURADOR,1.5
MOTOCARRO 4T,CAMBIO DE PARTES INTERNAS DEL CARBURADOR,1.3
TORITO,CAMBIO DE PARTES INTERNAS DEL CARBURADOR,1.3
KAZE MAX II,CAMBIO DE PARTES INTERNAS DEL CARBURADOR,1.8
ZX 130- MAGIC II,CAMBIO DE PARTES INTERNAS DEL CARBURADOR,1.8
KMX,CAMBIO DE PARTES INTERNAS DEL CARBURADOR,1.5
KLX 150,CAMBIO DE PARTES INTERNAS DEL CARBURADOR,1.5
KLX150  L,CAMBIO DE PARTES INTERNAS DEL CARBURADOR,1.5
NINJA 250,CAMBIO DE PARTES INTERNAS DEL CARBURADOR,3
TRANS-SPORT,CAMBIO DE PARTES INTERNAS DEL CARBURADOR,1.7
MRX 150,CAMBIO DE PARTES INTERNAS DEL CARBURADOR,1.5
FURAX,CAMBIO DE PARTES INTERNAS DEL CARBURADOR,1.8
BOMBER 125,CAMBIO DE PARTES INTERNAS DEL CARBURADOR,1.5
COMBAT 125,CAMBIO DE PARTES INTERNAS DEL CARBURADOR,1.5
ZS,CAMBIO DE PARTES INTERNAS DEL CARBURADOR,1.5
LIFE,CAMBIO DE PARTES INTERNAS DEL CARBURADOR,1.5
VENOM 250,CAMBIO DE PARTES INTERNAS DEL CARBURADOR,2
ONE,CAMBIO DE PARTES INTERNAS DEL CARBURADOR,1.8
FLOW,CAMBIO DE PARTES INTERNAS DEL CARBURADOR,1.8
ADVANCE II LF,CAMBIO DE PARTES INTERNAS DEL CARBURADOR,1.8
SHOCK,CAMBIO DE PARTES INTERNAS DEL CARBURADOR,1.8
TOP BOY,CAMBIO DE CARBURADOR,1
AGILITY,CAMBIO DE CARBURADOR,0.8
AGILITY RS,CAMBIO DE CARBURADOR,0.8
AGILITY CITY 150,CAMBIO DE CARBURADOR,0.8
BET & WIN,CAMBIO DE CARBURADOR,0.8
ACTIV,CAMBIO DE CARBURADOR,1
SPIKE,CAMBIO DE CARBURADOR,1
AGILITY RS  NAKED,CAMBIO DE CARBURADOR,0.8
SUPER 8,CAMBIO DE CARBURADOR,0.8
GACELA,CAMBIO DE CARBURADOR,0.8
ROCKET,CAMBIO DE CARBURADOR,0.8
FLY 125,CAMBIO DE CARBURADOR,0.8
TWIST,CAMBIO DE CARBURADOR,0.8
JETIX,CAMBIO DE CARBURADOR,1
UNI-K 110,CAMBIO DE CARBURADOR,1
TRACK,CAMBIO DE CARBURADOR,1
PULSAR 135,CAMBIO DE CARBURADOR,0.5
Perseo,CAMBIO DE CARBURADOR,0.5
PULSAR,CAMBIO DE CARBURADOR,0.5
PULSAR 180 UG,CAMBIO DE CARBURADOR,0.5
PULSAR 150,CAMBIO DE CARBURADOR,0.5
THOR 160,CAMBIO DE CARBURADOR,1.5
PULSAR 200,CAMBIO DE CARBURADOR,1.5
PULSAR 150 NS,CAMBIO DE CARBURADOR,1.5
PULSAR 150 AS,CAMBIO DE CARBURADOR,1.8
PULSAR 200 AS,CAMBIO DE CARBURADOR,1.8
PULSAR 200 NS,CAMBIO DE CARBURADOR,1.5
PULSAR 220,CAMBIO DE CARBURADOR,0.5
AVENGER 220,CAMBIO DE CARBURADOR,0.5
XCD,CAMBIO DE CARBURADOR,0.8
DISCOVER 100,CAMBIO DE CARBURADOR,0.5
DISCOVER 135,CAMBIO DE CARBURADOR,0.5
BOXER,CAMBIO DE CARBURADOR,0.4
LEXUS,CAMBIO DE CARBURADOR,0.4
DISCOVER 100 5S,CAMBIO DE CARBURADOR,0.5
DISCOVER 150,CAMBIO DE CARBURADOR,0.5
CHAMPION,CAMBIO DE CARBURADOR,0.5
DISCOVER 125 ST,CAMBIO DE CARBURADOR,0.5
BOXER BM 100,CAMBIO DE CARBURADOR,0.4
BOXER BM 150,CAMBIO DE CARBURADOR,0.5
BOXER BM 100 ES,CAMBIO DE CARBURADOR,0.5
PLATINO 125,CAMBIO DE CARBURADOR,0.8
PLATINO 125 - 5S,CAMBIO DE CARBURADOR,0.5
PLATINO 100,CAMBIO DE CARBURADOR,0.4
PLATINO 110,CAMBIO DE CARBURADOR,0.5
FAMILLY,CAMBIO DE CARBURADOR,0.5
MOTOCARRO 4T,CAMBIO DE CARBURADOR,0.8
TORITO,CAMBIO DE CARBURADOR,0.8
KAZE MAX II,CAMBIO DE CARBURADOR,0.8
ZX 130- MAGIC II,CAMBIO DE CARBURADOR,1
KMX,CAMBIO DE CARBURADOR,0.8
KLX 150,CAMBIO DE CARBURADOR,1.2
KLX150  L,CAMBIO DE CARBURADOR,1.2
NINJA 250,CAMBIO DE CARBURADOR,2
TRANS-SPORT,CAMBIO DE CARBURADOR,0.8
MRX 150,CAMBIO DE CARBURADOR,1.2
FURAX,CAMBIO DE CARBURADOR,0.8
BOMBER 125,CAMBIO DE CARBURADOR,0.5
COMBAT 125,CAMBIO DE CARBURADOR,0.5
ZS,CAMBIO DE CARBURADOR,0.8
LIFE,CAMBIO DE CARBURADOR,0.8
VENOM 250,CAMBIO DE CARBURADOR,1.5
ONE,CAMBIO DE CARBURADOR,1
FLOW,CAMBIO DE CARBURADOR,1
ADVANCE II LF,CAMBIO DE CARBURADOR,1
SHOCK,CAMBIO DE CARBURADOR,1
AGILITY,CAMBIO AISLANTE TERMICO CONDUCTO CARBURADOR,0.8
AGILITY RS,CAMBIO AISLANTE TERMICO CONDUCTO CARBURADOR,0.8
AGILITY RS  NAKED,CAMBIO AISLANTE TERMICO CONDUCTO CARBURADOR,0.8
SUPER 8,CAMBIO AISLANTE TERMICO CONDUCTO CARBURADOR,0.8
GACELA,CAMBIO AISLANTE TERMICO CONDUCTO CARBURADOR,0.8
ROCKET,CAMBIO AISLANTE TERMICO CONDUCTO CARBURADOR,0.8
FLY 125,CAMBIO AISLANTE TERMICO CONDUCTO CARBURADOR,0.8
TWIST,CAMBIO AISLANTE TERMICO CONDUCTO CARBURADOR,0.8
DISCOVER 100,CAMBIO AISLANTE TERMICO CONDUCTO CARBURADOR,0.4
BOXER,CAMBIO AISLANTE TERMICO CONDUCTO CARBURADOR,0.4
LEXUS,CAMBIO AISLANTE TERMICO CONDUCTO CARBURADOR,0.4
BOXER BM 100,CAMBIO AISLANTE TERMICO CONDUCTO CARBURADOR,0.4
BOXER BM 150,CAMBIO AISLANTE TERMICO CONDUCTO CARBURADOR,0.4
BOXER BM 100 ES,CAMBIO AISLANTE TERMICO CONDUCTO CARBURADOR,0.4
PLATINO 100,CAMBIO AISLANTE TERMICO CONDUCTO CARBURADOR,0.4
MOTOCARRO 4T,CAMBIO AISLANTE TERMICO CONDUCTO CARBURADOR,0.4
MRX 150,CAMBIO AISLANTE TERMICO CONDUCTO CARBURADOR,0.4
BOMBER 125,CAMBIO AISLANTE TERMICO CONDUCTO CARBURADOR,0.3
COMBAT 125,CAMBIO AISLANTE TERMICO CONDUCTO CARBURADOR,0.3
ZS,CAMBIO AISLANTE TERMICO CONDUCTO CARBURADOR,0.8
LIFE,CAMBIO AISLANTE TERMICO CONDUCTO CARBURADOR,0.8
TOP BOY,CAMBIO O´RING Y/O EMPAQUE CONDUCTO CARBURADOR,0.7
AGILITY,CAMBIO O´RING Y/O EMPAQUE CONDUCTO CARBURADOR,0.8
AGILITY RS,CAMBIO O´RING Y/O EMPAQUE CONDUCTO CARBURADOR,0.8
AGILITY CITY 150,CAMBIO O´RING Y/O EMPAQUE CONDUCTO CARBURADOR,0.8
BET & WIN,CAMBIO O´RING Y/O EMPAQUE CONDUCTO CARBURADOR,0.8
ACTIV,CAMBIO O´RING Y/O EMPAQUE CONDUCTO CARBURADOR,0.7
SPIKE,CAMBIO O´RING Y/O EMPAQUE CONDUCTO CARBURADOR,0.7
AGILITY RS  NAKED,CAMBIO O´RING Y/O EMPAQUE CONDUCTO CARBURADOR,0.8
SUPER 8,CAMBIO O´RING Y/O EMPAQUE CONDUCTO CARBURADOR,0.8
GACELA,CAMBIO O´RING Y/O EMPAQUE CONDUCTO CARBURADOR,0.8
ROCKET,CAMBIO O´RING Y/O EMPAQUE CONDUCTO CARBURADOR,0.8
FLY 125,CAMBIO O´RING Y/O EMPAQUE CONDUCTO CARBURADOR,0.8
TWIST,CAMBIO O´RING Y/O EMPAQUE CONDUCTO CARBURADOR,0.8
JETIX,CAMBIO O´RING Y/O EMPAQUE CONDUCTO CARBURADOR,0.7
UNI-K 110,CAMBIO O´RING Y/O EMPAQUE CONDUCTO CARBURADOR,0.7
TRACK,CAMBIO O´RING Y/O EMPAQUE CONDUCTO CARBURADOR,0.7
PULSAR 135,CAMBIO O´RING Y/O EMPAQUE CONDUCTO CARBURADOR,0.5
Perseo,CAMBIO O´RING Y/O EMPAQUE CONDUCTO CARBURADOR,0.5
PULSAR,CAMBIO O´RING Y/O EMPAQUE CONDUCTO CARBURADOR,0.5
PULSAR 180 UG,CAMBIO O´RING Y/O EMPAQUE CONDUCTO CARBURADOR,0.5
PULSAR 150,CAMBIO O´RING Y/O EMPAQUE CONDUCTO CARBURADOR,0.5
PULSAR 220,CAMBIO O´RING Y/O EMPAQUE CONDUCTO CARBURADOR,0.5
AVENGER 220,CAMBIO O´RING Y/O EMPAQUE CONDUCTO CARBURADOR,0.5
XCD,CAMBIO O´RING Y/O EMPAQUE CONDUCTO CARBURADOR,0.5
DISCOVER 100,CAMBIO O´RING Y/O EMPAQUE CONDUCTO CARBURADOR,0.5
DISCOVER 135,CAMBIO O´RING Y/O EMPAQUE CONDUCTO CARBURADOR,0.5
BOXER,CAMBIO O´RING Y/O EMPAQUE CONDUCTO CARBURADOR,0.4
LEXUS,CAMBIO O´RING Y/O EMPAQUE CONDUCTO CARBURADOR,0.4
DISCOVER 100 5S,CAMBIO O´RING Y/O EMPAQUE CONDUCTO CARBURADOR,0.5
DISCOVER 150,CAMBIO O´RING Y/O EMPAQUE CONDUCTO CARBURADOR,0.5
CHAMPION,CAMBIO O´RING Y/O EMPAQUE CONDUCTO CARBURADOR,0.5
DISCOVER 125 ST,CAMBIO O´RING Y/O EMPAQUE CONDUCTO CARBURADOR,0.5
BOXER BM 100,CAMBIO O´RING Y/O EMPAQUE CONDUCTO CARBURADOR,0.4
BOXER BM 150,CAMBIO O´RING Y/O EMPAQUE CONDUCTO CARBURADOR,0.4
BOXER BM 100 ES,CAMBIO O´RING Y/O EMPAQUE CONDUCTO CARBURADOR,0.4
PLATINO 125,CAMBIO O´RING Y/O EMPAQUE CONDUCTO CARBURADOR,0.5
PLATINO 125 - 5S,CAMBIO O´RING Y/O EMPAQUE CONDUCTO CARBURADOR,0.5
PLATINO 100,CAMBIO O´RING Y/O EMPAQUE CONDUCTO CARBURADOR,0.4
PLATINO 110,CAMBIO O´RING Y/O EMPAQUE CONDUCTO CARBURADOR,0.5
FAMILLY,CAMBIO O´RING Y/O EMPAQUE CONDUCTO CARBURADOR,0.5
MOTOCARRO 4T,CAMBIO O´RING Y/O EMPAQUE CONDUCTO CARBURADOR,0.3
TORITO,CAMBIO O´RING Y/O EMPAQUE CONDUCTO CARBURADOR,0.3
KAZE MAX II,CAMBIO O´RING Y/O EMPAQUE CONDUCTO CARBURADOR,0.7
ZX 130- MAGIC II,CAMBIO O´RING Y/O EMPAQUE CONDUCTO CARBURADOR,1
KMX,CAMBIO O´RING Y/O EMPAQUE CONDUCTO CARBURADOR,0.7
KLX 150,CAMBIO O´RING Y/O EMPAQUE CONDUCTO CARBURADOR,0.5
KLX150  L,CAMBIO O´RING Y/O EMPAQUE CONDUCTO CARBURADOR,0.5
NINJA 250,CAMBIO O´RING Y/O EMPAQUE CONDUCTO CARBURADOR,2
TRANS-SPORT,CAMBIO O´RING Y/O EMPAQUE CONDUCTO CARBURADOR,0.7
FURAX,CAMBIO O´RING Y/O EMPAQUE CONDUCTO CARBURADOR,0.7
BOMBER 125,CAMBIO O´RING Y/O EMPAQUE CONDUCTO CARBURADOR,0.3
COMBAT 125,CAMBIO O´RING Y/O EMPAQUE CONDUCTO CARBURADOR,0.3
ZS,CAMBIO O´RING Y/O EMPAQUE CONDUCTO CARBURADOR,0.8
LIFE,CAMBIO O´RING Y/O EMPAQUE CONDUCTO CARBURADOR,0.8
HUNTER,CAMBIO O´RING Y/O EMPAQUE CONDUCTO CARBURADOR,0.5
BLACK,CAMBIO O´RING Y/O EMPAQUE CONDUCTO CARBURADOR,0.5
ONE,CAMBIO O´RING Y/O EMPAQUE CONDUCTO CARBURADOR,0.7
FLOW,CAMBIO O´RING Y/O EMPAQUE CONDUCTO CARBURADOR,0.7
ADVANCE II LF,CAMBIO O´RING Y/O EMPAQUE CONDUCTO CARBURADOR,0.7
SHOCK,CAMBIO O´RING Y/O EMPAQUE CONDUCTO CARBURADOR,0.7
TITAN,CAMBIO DE CUERPO DE INYECTORES,2
PULSAR  RS 200,CAMBIO DE CUERPO DE INYECTORES,2
KLX 250,CAMBIO DE CUERPO DE INYECTORES,2.5
NINJA 250 FI,CAMBIO DE CUERPO DE INYECTORES,2.5
Z250,CAMBIO DE CUERPO DE INYECTORES,2.5
Z250 SL,CAMBIO DE CUERPO DE INYECTORES,2.5
ER-6n,CAMBIO DE CUERPO DE INYECTORES,2.5
BOMBER 250,CAMBIO DE CUERPO DE INYECTORES,0.8
HUNTER,CAMBIO DE CUERPO DE INYECTORES,1
BLACK,CAMBIO DE CUERPO DE INYECTORES,1
VENOM 400,CAMBIO DE CUERPO DE INYECTORES,2
ZONTES 155,CAMBIO DE CUERPO DE INYECTORES,2.5
ZONTES 310M,CAMBIO DE CUERPO DE INYECTORES,2.5
TNT150i,CAMBIO DE CUERPO DE INYECTORES,2.5
180S,CAMBIO DE CUERPO DE INYECTORES,2.5
TNT25N,CAMBIO DE CUERPO DE INYECTORES,2.5
LEONCINO 500,CAMBIO DE CUERPO DE INYECTORES,2.5
LEONCINO 250,CAMBIO DE CUERPO DE INYECTORES,2.5
TRK 500X,CAMBIO DE CUERPO DE INYECTORES,2.5
TRK 251,CAMBIO DE CUERPO DE INYECTORES,2.5
302 S,CAMBIO DE CUERPO DE INYECTORES,2.5
TOP BOY,CAMBIO DE BOQUERELES,1.5
AGILITY,CAMBIO DE BOQUERELES,1.3
AGILITY RS,CAMBIO DE BOQUERELES,1.3
AGILITY CITY 150,CAMBIO DE BOQUERELES,1.3
BET & WIN,CAMBIO DE BOQUERELES,1.3
ACTIV,CAMBIO DE BOQUERELES,1.6
SPIKE,CAMBIO DE BOQUERELES,1.6
AGILITY RS  NAKED,CAMBIO DE BOQUERELES,1.3
SUPER 8,CAMBIO DE BOQUERELES,1.3
GACELA,CAMBIO DE BOQUERELES,1.3
ROCKET,CAMBIO DE BOQUERELES,1.3
FLY 125,CAMBIO DE BOQUERELES,1.3
TWIST,CAMBIO DE BOQUERELES,1.3
JETIX,CAMBIO DE BOQUERELES,1.6
UNI-K 110,CAMBIO DE BOQUERELES,1.6
TRACK,CAMBIO DE BOQUERELES,1.6
BOMBER 125,CAMBIO DE BOQUERELES,1
COMBAT 125,CAMBIO DE BOQUERELES,1
ZS,CAMBIO DE BOQUERELES,1.3
LIFE,CAMBIO DE BOQUERELES,1.3
ONE,CAMBIO DE BOQUERELES,1.6
FLOW,CAMBIO DE BOQUERELES,1.6
ADVANCE II LF,CAMBIO DE BOQUERELES,1.6
SHOCK,CAMBIO DE BOQUERELES,1.6
AGILITY,CAMBIO DE DIAFRAGMA O CORTINA,0.7
AGILITY RS,CAMBIO DE DIAFRAGMA O CORTINA,0.7
AGILITY CITY 150,CAMBIO DE DIAFRAGMA O CORTINA,0.7
BET & WIN,CAMBIO DE DIAFRAGMA O CORTINA,0.7
ACTIV,CAMBIO DE DIAFRAGMA O CORTINA,1
SPIKE,CAMBIO DE DIAFRAGMA O CORTINA,1
AGILITY RS  NAKED,CAMBIO DE DIAFRAGMA O CORTINA,0.7
SUPER 8,CAMBIO DE DIAFRAGMA O CORTINA,0.7
GACELA,CAMBIO DE DIAFRAGMA O CORTINA,0.7
ROCKET,CAMBIO DE DIAFRAGMA O CORTINA,0.7
FLY 125,CAMBIO DE DIAFRAGMA O CORTINA,0.7
TWIST,CAMBIO DE DIAFRAGMA O CORTINA,0.7
JETIX,CAMBIO DE DIAFRAGMA O CORTINA,1
UNI-K 110,CAMBIO DE DIAFRAGMA O CORTINA,1
TRACK,CAMBIO DE DIAFRAGMA O CORTINA,1
PULSAR 135,CAMBIO DE DIAFRAGMA O CORTINA,0.7
Perseo,CAMBIO DE DIAFRAGMA O CORTINA,0.7
PULSAR,CAMBIO DE DIAFRAGMA O CORTINA,0.7
PULSAR 180 UG,CAMBIO DE DIAFRAGMA O CORTINA,0.7
PULSAR 150,CAMBIO DE DIAFRAGMA O CORTINA,0.7
THOR 160,CAMBIO DE DIAFRAGMA O CORTINA,1.5
PULSAR 200,CAMBIO DE DIAFRAGMA O CORTINA,1.5
PULSAR 150 NS,CAMBIO DE DIAFRAGMA O CORTINA,1.5
PULSAR 150 AS,CAMBIO DE DIAFRAGMA O CORTINA,1.8
PULSAR 200 AS,CAMBIO DE DIAFRAGMA O CORTINA,1.8
PULSAR 200 NS,CAMBIO DE DIAFRAGMA O CORTINA,1.5
PULSAR 220,CAMBIO DE DIAFRAGMA O CORTINA,0.7
AVENGER 220,CAMBIO DE DIAFRAGMA O CORTINA,0.7
XCD,CAMBIO DE DIAFRAGMA O CORTINA,0.7
DISCOVER 100,CAMBIO DE DIAFRAGMA O CORTINA,0.7
DISCOVER 135,CAMBIO DE DIAFRAGMA O CORTINA,0.7
BOXER,CAMBIO DE DIAFRAGMA O CORTINA,0.7
LEXUS,CAMBIO DE DIAFRAGMA O CORTINA,0.7
DISCOVER 100 5S,CAMBIO DE DIAFRAGMA O CORTINA,0.7
DISCOVER 150,CAMBIO DE DIAFRAGMA O CORTINA,0.7
CHAMPION,CAMBIO DE DIAFRAGMA O CORTINA,0.7
DISCOVER 125 ST,CAMBIO DE DIAFRAGMA O CORTINA,0.7
BOXER BM 100,CAMBIO DE DIAFRAGMA O CORTINA,0.7
BOXER BM 150,CAMBIO DE DIAFRAGMA O CORTINA,0.7
BOXER BM 100 ES,CAMBIO DE DIAFRAGMA O CORTINA,0.7
PLATINO 125,CAMBIO DE DIAFRAGMA O CORTINA,0.7
PLATINO 125 - 5S,CAMBIO DE DIAFRAGMA O CORTINA,0.7
PLATINO 100,CAMBIO DE DIAFRAGMA O CORTINA,0.7
PLATINO 110,CAMBIO DE DIAFRAGMA O CORTINA,0.7
FAMILLY,CAMBIO DE DIAFRAGMA O CORTINA,0.7
ZX 130- MAGIC II,CAMBIO DE DIAFRAGMA O CORTINA,1
KMX,CAMBIO DE DIAFRAGMA O CORTINA,0.7
KLX 150,CAMBIO DE DIAFRAGMA O CORTINA,0.7
KLX150  L,CAMBIO DE DIAFRAGMA O CORTINA,0.7
NINJA 250,CAMBIO DE DIAFRAGMA O CORTINA,2
MRX 150,CAMBIO DE DIAFRAGMA O CORTINA,0.7
BOMBER 125,CAMBIO DE DIAFRAGMA O CORTINA,0.6
COMBAT 125,CAMBIO DE DIAFRAGMA O CORTINA,0.6
ZS,CAMBIO DE DIAFRAGMA O CORTINA,0.7
LIFE,CAMBIO DE DIAFRAGMA O CORTINA,0.7
VENOM 250,CAMBIO DE DIAFRAGMA O CORTINA,1.5
ONE,CAMBIO DE DIAFRAGMA O CORTINA,1
FLOW,CAMBIO DE DIAFRAGMA O CORTINA,1
ADVANCE II LF,CAMBIO DE DIAFRAGMA O CORTINA,1
SHOCK,CAMBIO DE DIAFRAGMA O CORTINA,1
KLX 250,REVISION Y/O CAMBIO DEL SERVO MOTOR,1
NINJA 250 FI,REVISION Y/O CAMBIO DEL SERVO MOTOR,1
Z250,REVISION Y/O CAMBIO DEL SERVO MOTOR,1
Z250 SL,REVISION Y/O CAMBIO DEL SERVO MOTOR,1
ER-6n,REVISION Y/O CAMBIO DEL SERVO MOTOR,2
ZONTES 155,REVISION Y/O CAMBIO DEL SERVO MOTOR,1
TNT150i,REVISION Y/O CAMBIO DEL SERVO MOTOR,1
180S,REVISION Y/O CAMBIO DEL SERVO MOTOR,1
TNT25N,REVISION Y/O CAMBIO DEL SERVO MOTOR,1
LEONCINO 500,REVISION Y/O CAMBIO DEL SERVO MOTOR,2
LEONCINO 250,REVISION Y/O CAMBIO DEL SERVO MOTOR,1
TRK 500X,REVISION Y/O CAMBIO DEL SERVO MOTOR,2
TRK 251,REVISION Y/O CAMBIO DEL SERVO MOTOR,1
302 S,REVISION Y/O CAMBIO DEL SERVO MOTOR,1
PULSAR 200,REVISION Y/O CAMBIO DEL EL T.P.S DE ACELERACION,1.5
PULSAR 150 NS,REVISION Y/O CAMBIO DEL EL T.P.S DE ACELERACION,1.7
PULSAR 150 AS,REVISION Y/O CAMBIO DEL EL T.P.S DE ACELERACION,2
PULSAR 200 AS,REVISION Y/O CAMBIO DEL EL T.P.S DE ACELERACION,2
PULSAR 200 NS,REVISION Y/O CAMBIO DEL EL T.P.S DE ACELERACION,1.7
TITAN,REVISION Y/O CAMBIO DEL EL T.P.S DE ACELERACION,2
PULSAR  RS 200,REVISION Y/O CAMBIO DEL EL T.P.S DE ACELERACION,2
KLX 250,REVISION Y/O CAMBIO DEL EL T.P.S DE ACELERACION,1.5
NINJA 250 FI,REVISION Y/O CAMBIO DEL EL T.P.S DE ACELERACION,1.5
Z250,REVISION Y/O CAMBIO DEL EL T.P.S DE ACELERACION,1.5
Z250 SL,REVISION Y/O CAMBIO DEL EL T.P.S DE ACELERACION,1.5
ER-6n,REVISION Y/O CAMBIO DEL EL T.P.S DE ACELERACION,2
BOMBER 250,REVISION Y/O CAMBIO DEL EL T.P.S DE ACELERACION,0.6
HUNTER,REVISION Y/O CAMBIO DEL EL T.P.S DE ACELERACION,0.5
BLACK,REVISION Y/O CAMBIO DEL EL T.P.S DE ACELERACION,0.5
VENOM 400,REVISION Y/O CAMBIO DEL EL T.P.S DE ACELERACION,0.5
VENOM 250,REVISION Y/O CAMBIO DEL EL T.P.S DE ACELERACION,1.7
ZONTES 155,REVISION Y/O CAMBIO DEL EL T.P.S DE ACELERACION,1.5
ZONTES 310M,REVISION Y/O CAMBIO DEL EL T.P.S DE ACELERACION,2
TNT150i,REVISION Y/O CAMBIO DEL EL T.P.S DE ACELERACION,1.5
180S,REVISION Y/O CAMBIO DEL EL T.P.S DE ACELERACION,1.5
TNT25N,REVISION Y/O CAMBIO DEL EL T.P.S DE ACELERACION,1.5
LEONCINO 500,REVISION Y/O CAMBIO DEL EL T.P.S DE ACELERACION,2
LEONCINO 250,REVISION Y/O CAMBIO DEL EL T.P.S DE ACELERACION,1.5
TRK 500X,REVISION Y/O CAMBIO DEL EL T.P.S DE ACELERACION,2
TRK 251,REVISION Y/O CAMBIO DEL EL T.P.S DE ACELERACION,1.5
302 S,REVISION Y/O CAMBIO DEL EL T.P.S DE ACELERACION,1.5
NINJA 250 FI,REVISION Y/O CAMBIO DEL T.P.S DE SUBACELREACION,1.5
Z250,REVISION Y/O CAMBIO DEL T.P.S DE SUBACELREACION,1.5
Z250 SL,REVISION Y/O CAMBIO DEL T.P.S DE SUBACELREACION,1.5
ER-6n,REVISION Y/O CAMBIO DEL T.P.S DE SUBACELREACION,2
TNT150i,REVISION Y/O CAMBIO DEL T.P.S DE SUBACELREACION,1.5
180S,REVISION Y/O CAMBIO DEL T.P.S DE SUBACELREACION,1.5
TNT25N,REVISION Y/O CAMBIO DEL T.P.S DE SUBACELREACION,1.5
LEONCINO 500,REVISION Y/O CAMBIO DEL T.P.S DE SUBACELREACION,2
LEONCINO 250,REVISION Y/O CAMBIO DEL T.P.S DE SUBACELREACION,1.5
TRK 500X,REVISION Y/O CAMBIO DEL T.P.S DE SUBACELREACION,2
TRK 251,REVISION Y/O CAMBIO DEL T.P.S DE SUBACELREACION,1.5
302 S,REVISION Y/O CAMBIO DEL T.P.S DE SUBACELREACION,1.5
PULSAR 135,LIMPIEZA CARBURADOR ENGOMADO,1.2
Perseo,LIMPIEZA CARBURADOR ENGOMADO,1.2
PULSAR,LIMPIEZA CARBURADOR ENGOMADO,1.2
PULSAR 180 UG,LIMPIEZA CARBURADOR ENGOMADO,1.2
PULSAR 150,LIMPIEZA CARBURADOR ENGOMADO,1.2
THOR 160,LIMPIEZA CARBURADOR ENGOMADO,2
PULSAR 200,LIMPIEZA CARBURADOR ENGOMADO,2
PULSAR 150 NS,LIMPIEZA CARBURADOR ENGOMADO,2
PULSAR 150 AS,LIMPIEZA CARBURADOR ENGOMADO,2.3
PULSAR 200 AS,LIMPIEZA CARBURADOR ENGOMADO,2.3
PULSAR 200 NS,LIMPIEZA CARBURADOR ENGOMADO,2
PULSAR 220,LIMPIEZA CARBURADOR ENGOMADO,1.2
AVENGER 220,LIMPIEZA CARBURADOR ENGOMADO,1.2
XCD,LIMPIEZA CARBURADOR ENGOMADO,1.2
DISCOVER 100,LIMPIEZA CARBURADOR ENGOMADO,1.2
DISCOVER 135,LIMPIEZA CARBURADOR ENGOMADO,1.2
BOXER,LIMPIEZA CARBURADOR ENGOMADO,1.2
LEXUS,LIMPIEZA CARBURADOR ENGOMADO,1.2
DISCOVER 100 5S,LIMPIEZA CARBURADOR ENGOMADO,1.2
DISCOVER 150,LIMPIEZA CARBURADOR ENGOMADO,1.2
CHAMPION,LIMPIEZA CARBURADOR ENGOMADO,1.2
DISCOVER 125 ST,LIMPIEZA CARBURADOR ENGOMADO,1.2
BOXER BM 100,LIMPIEZA CARBURADOR ENGOMADO,1.2
BOXER BM 150,LIMPIEZA CARBURADOR ENGOMADO,1.2
BOXER BM 100 ES,LIMPIEZA CARBURADOR ENGOMADO,1.2
PLATINO 125,LIMPIEZA CARBURADOR ENGOMADO,1.2
PLATINO 125 - 5S,LIMPIEZA CARBURADOR ENGOMADO,1.2
PLATINO 100,LIMPIEZA CARBURADOR ENGOMADO,1.2
PLATINO 110,LIMPIEZA CARBURADOR ENGOMADO,1.2
MRX 150,LIMPIEZA CARBURADOR ENGOMADO,1.2
BOMBER 125,LIMPIEZA CARBURADOR ENGOMADO,1.5
COMBAT 125,LIMPIEZA CARBURADOR ENGOMADO,1.5
ZS,LIMPIEZA CARBURADOR ENGOMADO,2
LIFE,LIMPIEZA CARBURADOR ENGOMADO,2
VENOM 250,LIMPIEZA CARBURADOR ENGOMADO,2
TOP BOY,CAMBIO CHOKE,1.5
AGILITY,CAMBIO CHOKE,1.5
AGILITY RS,CAMBIO CHOKE,1.5
AGILITY CITY 150,CAMBIO CHOKE,1.5
BET & WIN,CAMBIO CHOKE,1.5
ACTIV,CAMBIO CHOKE,1.5
SPIKE,CAMBIO CHOKE,1.5
AGILITY RS  NAKED,CAMBIO CHOKE,1.5
SUPER 8,CAMBIO CHOKE,1.5
GACELA,CAMBIO CHOKE,1.5
ROCKET,CAMBIO CHOKE,1.5
FLY 125,CAMBIO CHOKE,1.5
TWIST,CAMBIO CHOKE,1.5
JETIX,CAMBIO CHOKE,1.5
UNI-K 110,CAMBIO CHOKE,1.5
TRACK,CAMBIO CHOKE,1.5
PULSAR 135,CAMBIO CHOKE,0.5
Perseo,CAMBIO CHOKE,0.5
PULSAR,CAMBIO CHOKE,0.3
PULSAR 180 UG,CAMBIO CHOKE,0.3
PULSAR 150,CAMBIO CHOKE,0.3
THOR 160,CAMBIO CHOKE,1.5
PULSAR 200,CAMBIO CHOKE,1.5
PULSAR 150 NS,CAMBIO CHOKE,1.5
PULSAR 150 AS,CAMBIO CHOKE,1.8
PULSAR 200 AS,CAMBIO CHOKE,1.8
PULSAR 200 NS,CAMBIO CHOKE,1.5
PULSAR 220,CAMBIO CHOKE,0.5
AVENGER 220,CAMBIO CHOKE,0.5
XCD,CAMBIO CHOKE,0.5
DISCOVER 100,CAMBIO CHOKE,0.5
DISCOVER 135,CAMBIO CHOKE,0.3
BOXER,CAMBIO CHOKE,0.3
LEXUS,CAMBIO CHOKE,0.3
DISCOVER 100 5S,CAMBIO CHOKE,0.3
DISCOVER 150,CAMBIO CHOKE,0.3
CHAMPION,CAMBIO CHOKE,0.3
DISCOVER 125 ST,CAMBIO CHOKE,0.3
BOXER BM 100,CAMBIO CHOKE,0.3
BOXER BM 150,CAMBIO CHOKE,0.4
BOXER BM 100 ES,CAMBIO CHOKE,0.4
PLATINO 125,CAMBIO CHOKE,0.3
PLATINO 125 - 5S,CAMBIO CHOKE,0.3
PLATINO 100,CAMBIO CHOKE,0.3
PLATINO 110,CAMBIO CHOKE,0.4
FAMILLY,CAMBIO CHOKE,0.4
TORITO,CAMBIO CHOKE,0.5
KMX,CAMBIO CHOKE,0.3
KLX 150,CAMBIO CHOKE,0.5
KLX150  L,CAMBIO CHOKE,0.5
MRX 150,CAMBIO CHOKE,0.5
BOMBER 125,CAMBIO CHOKE,0.5
COMBAT 125,CAMBIO CHOKE,0.5
ZS,CAMBIO CHOKE,1.5
LIFE,CAMBIO CHOKE,1.5
VENOM 250,CAMBIO CHOKE,1.5
ONE,CAMBIO CHOKE,1.5
FLOW,CAMBIO CHOKE,1.5
ADVANCE II LF,CAMBIO CHOKE,1.5
SHOCK,CAMBIO CHOKE,1.5
AGILITY RS,AJUSTE REGLAJE DEL CARBURADOR (sin desmontar el carburador),0.5
AGILITY CITY 150,AJUSTE REGLAJE DEL CARBURADOR (sin desmontar el carburador),0.5
BET & WIN,AJUSTE REGLAJE DEL CARBURADOR (sin desmontar el carburador),0.5
ACTIV,AJUSTE REGLAJE DEL CARBURADOR (sin desmontar el carburador),0.5
SPIKE,AJUSTE REGLAJE DEL CARBURADOR (sin desmontar el carburador),0.5
AGILITY RS  NAKED,AJUSTE REGLAJE DEL CARBURADOR (sin desmontar el carburador),0.5
SUPER 8,AJUSTE REGLAJE DEL CARBURADOR (sin desmontar el carburador),0.5
GACELA,AJUSTE REGLAJE DEL CARBURADOR (sin desmontar el carburador),0.5
ROCKET,AJUSTE REGLAJE DEL CARBURADOR (sin desmontar el carburador),0.5
FLY 125,AJUSTE REGLAJE DEL CARBURADOR (sin desmontar el carburador),0.5
TWIST,AJUSTE REGLAJE DEL CARBURADOR (sin desmontar el carburador),0.5
JETIX,AJUSTE REGLAJE DEL CARBURADOR (sin desmontar el carburador),0.5
UNI-K 110,AJUSTE REGLAJE DEL CARBURADOR (sin desmontar el carburador),0.5
TRACK,AJUSTE REGLAJE DEL CARBURADOR (sin desmontar el carburador),0.5
PULSAR 135,AJUSTE REGLAJE DEL CARBURADOR (sin desmontar el carburador),0.5
Perseo,AJUSTE REGLAJE DEL CARBURADOR (sin desmontar el carburador),0.5
PULSAR,AJUSTE REGLAJE DEL CARBURADOR (sin desmontar el carburador),0.5
PULSAR 180 UG,AJUSTE REGLAJE DEL CARBURADOR (sin desmontar el carburador),0.5
PULSAR 150,AJUSTE REGLAJE DEL CARBURADOR (sin desmontar el carburador),0.5
THOR 160,AJUSTE REGLAJE DEL CARBURADOR (sin desmontar el carburador),0.5
PULSAR 200,AJUSTE REGLAJE DEL CARBURADOR (sin desmontar el carburador),0.5
PULSAR 150 NS,AJUSTE REGLAJE DEL CARBURADOR (sin desmontar el carburador),0.5
PULSAR 150 AS,AJUSTE REGLAJE DEL CARBURADOR (sin desmontar el carburador),0.5
PULSAR 200 AS,AJUSTE REGLAJE DEL CARBURADOR (sin desmontar el carburador),0.5
PULSAR 200 NS,AJUSTE REGLAJE DEL CARBURADOR (sin desmontar el carburador),0.5
PULSAR 220,AJUSTE REGLAJE DEL CARBURADOR (sin desmontar el carburador),0.5
AVENGER 220,AJUSTE REGLAJE DEL CARBURADOR (sin desmontar el carburador),0.5
XCD,AJUSTE REGLAJE DEL CARBURADOR (sin desmontar el carburador),0.5
DISCOVER 100,AJUSTE REGLAJE DEL CARBURADOR (sin desmontar el carburador),0.5
DISCOVER 135,AJUSTE REGLAJE DEL CARBURADOR (sin desmontar el carburador),0.5
BOXER,AJUSTE REGLAJE DEL CARBURADOR (sin desmontar el carburador),0.5
LEXUS,AJUSTE REGLAJE DEL CARBURADOR (sin desmontar el carburador),0.5
DISCOVER 100 5S,AJUSTE REGLAJE DEL CARBURADOR (sin desmontar el carburador),0.5
DISCOVER 150,AJUSTE REGLAJE DEL CARBURADOR (sin desmontar el carburador),0.5
CHAMPION,AJUSTE REGLAJE DEL CARBURADOR (sin desmontar el carburador),0.5
DISCOVER 125 ST,AJUSTE REGLAJE DEL CARBURADOR (sin desmontar el carburador),0.5
BOXER BM 100,AJUSTE REGLAJE DEL CARBURADOR (sin desmontar el carburador),0.5
BOXER BM 150,AJUSTE REGLAJE DEL CARBURADOR (sin desmontar el carburador),0.5
BOXER BM 100 ES,AJUSTE REGLAJE DEL CARBURADOR (sin desmontar el carburador),0.5
PLATINO 125,AJUSTE REGLAJE DEL CARBURADOR (sin desmontar el carburador),0.5
PLATINO 125 - 5S,AJUSTE REGLAJE DEL CARBURADOR (sin desmontar el carburador),0.5
PLATINO 100,AJUSTE REGLAJE DEL CARBURADOR (sin desmontar el carburador),0.5
PLATINO 110,AJUSTE REGLAJE DEL CARBURADOR (sin desmontar el carburador),0.5
FAMILLY,AJUSTE REGLAJE DEL CARBURADOR (sin desmontar el carburador),0.5
MOTOCARRO 4T,AJUSTE REGLAJE DEL CARBURADOR (sin desmontar el carburador),0.5
TORITO,AJUSTE REGLAJE DEL CARBURADOR (sin desmontar el carburador),0.5
KAZE MAX II,AJUSTE REGLAJE DEL CARBURADOR (sin desmontar el carburador),0.5
ZX 130- MAGIC II,AJUSTE REGLAJE DEL CARBURADOR (sin desmontar el carburador),0.5
KMX,AJUSTE REGLAJE DEL CARBURADOR (sin desmontar el carburador),0.5
KLX 150,AJUSTE REGLAJE DEL CARBURADOR (sin desmontar el carburador),0.5
KLX150  L,AJUSTE REGLAJE DEL CARBURADOR (sin desmontar el carburador),0.5
NINJA 250,AJUSTE REGLAJE DEL CARBURADOR (sin desmontar el carburador),0.5
MRX 150,AJUSTE REGLAJE DEL CARBURADOR (sin desmontar el carburador),0.5
BOMBER 125,AJUSTE REGLAJE DEL CARBURADOR (sin desmontar el carburador),0.5
COMBAT 125,AJUSTE REGLAJE DEL CARBURADOR (sin desmontar el carburador),0.5
ZS,AJUSTE REGLAJE DEL CARBURADOR (sin desmontar el carburador),0.6
LIFE,AJUSTE REGLAJE DEL CARBURADOR (sin desmontar el carburador),0.6
VENOM 250,AJUSTE REGLAJE DEL CARBURADOR (sin desmontar el carburador),0.5
ONE,AJUSTE REGLAJE DEL CARBURADOR (sin desmontar el carburador),0.5
FLOW,AJUSTE REGLAJE DEL CARBURADOR (sin desmontar el carburador),0.5
ADVANCE II LF,AJUSTE REGLAJE DEL CARBURADOR (sin desmontar el carburador),0.5
SHOCK,AJUSTE REGLAJE DEL CARBURADOR (sin desmontar el carburador),0.5
TOP BOY,CAMBIO EJE DE CRANK,0.6
AGILITY,CAMBIO EJE DE CRANK,0.8
AGILITY RS,CAMBIO EJE DE CRANK,0.8
AGILITY CITY 150,CAMBIO EJE DE CRANK,0.8
ACTIV,CAMBIO EJE DE CRANK,5.5
SPIKE,CAMBIO EJE DE CRANK,5.5
AGILITY RS  NAKED,CAMBIO EJE DE CRANK,0.8
SUPER 8,CAMBIO EJE DE CRANK,0.8
GACELA,CAMBIO EJE DE CRANK,0.8
ROCKET,CAMBIO EJE DE CRANK,0.8
FLY 125,CAMBIO EJE DE CRANK,0.8
TWIST,CAMBIO EJE DE CRANK,1
JETIX,CAMBIO EJE DE CRANK,5.5
UNI-K 110,CAMBIO EJE DE CRANK,5.5
TRACK,CAMBIO EJE DE CRANK,5.5
PULSAR 135,CAMBIO EJE DE CRANK,2
Perseo,CAMBIO EJE DE CRANK,2
PULSAR,CAMBIO EJE DE CRANK,2.5
PULSAR 150,CAMBIO EJE DE CRANK,2.5
THOR 160,CAMBIO EJE DE CRANK,2.5
PULSAR 150 NS,CAMBIO EJE DE CRANK,2.5
PULSAR 150 AS,CAMBIO EJE DE CRANK,2.5
XCD,CAMBIO EJE DE CRANK,2.5
DISCOVER 100,CAMBIO EJE DE CRANK,2.5
DISCOVER 135,CAMBIO EJE DE CRANK,2.5
BOXER,CAMBIO EJE DE CRANK,2
LEXUS,CAMBIO EJE DE CRANK,2
DISCOVER 100 5S,CAMBIO EJE DE CRANK,2
DISCOVER 150,CAMBIO EJE DE CRANK,2
CHAMPION,CAMBIO EJE DE CRANK,2
DISCOVER 125 ST,CAMBIO EJE DE CRANK,2
BOXER BM 100,CAMBIO EJE DE CRANK,2
BOXER BM 150,CAMBIO EJE DE CRANK,2.5
BOXER BM 100 ES,CAMBIO EJE DE CRANK,2.5
PLATINO 125,CAMBIO EJE DE CRANK,2.5
PLATINO 125 - 5S,CAMBIO EJE DE CRANK,2.5
PLATINO 100,CAMBIO EJE DE CRANK,2
PLATINO 110,CAMBIO EJE DE CRANK,2.5
MOTOCARRO 4T,CAMBIO EJE DE CRANK,3
TORITO,CAMBIO EJE DE CRANK,3
KAZE MAX II,CAMBIO EJE DE CRANK,2.5
ZX 130- MAGIC II,CAMBIO EJE DE CRANK,5.5
KMX,CAMBIO EJE DE CRANK,1.5
KLX 150,CAMBIO EJE DE CRANK,1
KLX150  L,CAMBIO EJE DE CRANK,1
TRANS-SPORT,CAMBIO EJE DE CRANK,5.5
MRX 150,CAMBIO EJE DE CRANK,1
FURAX,CAMBIO EJE DE CRANK,7.5
BOMBER 125,CAMBIO EJE DE CRANK,2.5
COMBAT 125,CAMBIO EJE DE CRANK,2.5
ZS,CAMBIO EJE DE CRANK,1.2
LIFE,CAMBIO EJE DE CRANK,1.2
HUNTER,CAMBIO EJE DE CRANK,0.8
BLACK,CAMBIO EJE DE CRANK,0.8
ONE,CAMBIO EJE DE CRANK,5.5
FLOW,CAMBIO EJE DE CRANK,5.5
ADVANCE II LF,CAMBIO EJE DE CRANK,5.5
SHOCK,CAMBIO EJE DE CRANK,5.5
TOP BOY,CAMBIO PIÑÓN DE CRANK,0.6
AGILITY,CAMBIO PIÑÓN DE CRANK,0.6
AGILITY RS,CAMBIO PIÑÓN DE CRANK,0.6
AGILITY CITY 150,CAMBIO PIÑÓN DE CRANK,0.6
ACTIV,CAMBIO PIÑÓN DE CRANK,5.5
SPIKE,CAMBIO PIÑÓN DE CRANK,5.5
AGILITY RS  NAKED,CAMBIO PIÑÓN DE CRANK,0.6
SUPER 8,CAMBIO PIÑÓN DE CRANK,0.6
GACELA,CAMBIO PIÑÓN DE CRANK,0.6
ROCKET,CAMBIO PIÑÓN DE CRANK,0.6
FLY 125,CAMBIO PIÑÓN DE CRANK,0.6
TWIST,CAMBIO PIÑÓN DE CRANK,0.8
JETIX,CAMBIO PIÑÓN DE CRANK,5.5
UNI-K 110,CAMBIO PIÑÓN DE CRANK,5.5
TRACK,CAMBIO PIÑÓN DE CRANK,5.5
PULSAR 135,CAMBIO PIÑÓN DE CRANK,2
Perseo,CAMBIO PIÑÓN DE CRANK,2
PULSAR,CAMBIO PIÑÓN DE CRANK,2.5
PULSAR 150,CAMBIO PIÑÓN DE CRANK,2.5
THOR 160,CAMBIO PIÑÓN DE CRANK,2.5
PULSAR 150 NS,CAMBIO PIÑÓN DE CRANK,2.5
PULSAR 150 AS,CAMBIO PIÑÓN DE CRANK,2.5
XCD,CAMBIO PIÑÓN DE CRANK,2.5
DISCOVER 100,CAMBIO PIÑÓN DE CRANK,2.5
DISCOVER 135,CAMBIO PIÑÓN DE CRANK,2.5
BOXER,CAMBIO PIÑÓN DE CRANK,2
LEXUS,CAMBIO PIÑÓN DE CRANK,2
DISCOVER 100 5S,CAMBIO PIÑÓN DE CRANK,2
DISCOVER 150,CAMBIO PIÑÓN DE CRANK,2
CHAMPION,CAMBIO PIÑÓN DE CRANK,2
DISCOVER 125 ST,CAMBIO PIÑÓN DE CRANK,2
BOXER BM 100,CAMBIO PIÑÓN DE CRANK,2
BOXER BM 150,CAMBIO PIÑÓN DE CRANK,2.5
BOXER BM 100 ES,CAMBIO PIÑÓN DE CRANK,2.5
PLATINO 125,CAMBIO PIÑÓN DE CRANK,2.5
PLATINO 125 - 5S,CAMBIO PIÑÓN DE CRANK,2.5
PLATINO 100,CAMBIO PIÑÓN DE CRANK,2
PLATINO 110,CAMBIO PIÑÓN DE CRANK,2.5
MOTOCARRO 4T,CAMBIO PIÑÓN DE CRANK,9
TORITO,CAMBIO PIÑÓN DE CRANK,9
KAZE MAX II,CAMBIO PIÑÓN DE CRANK,2.5
ZX 130- MAGIC II,CAMBIO PIÑÓN DE CRANK,5.5
KMX,CAMBIO PIÑÓN DE CRANK,1.5
KLX 150,CAMBIO PIÑÓN DE CRANK,1
KLX150  L,CAMBIO PIÑÓN DE CRANK,1
TRANS-SPORT,CAMBIO PIÑÓN DE CRANK,5.5
MRX 150,CAMBIO PIÑÓN DE CRANK,1
FURAX,CAMBIO PIÑÓN DE CRANK,7.5
BOMBER 125,CAMBIO PIÑÓN DE CRANK,2
COMBAT 125,CAMBIO PIÑÓN DE CRANK,2
ZS,CAMBIO PIÑÓN DE CRANK,0.8
LIFE,CAMBIO PIÑÓN DE CRANK,0.8
HUNTER,CAMBIO PIÑÓN DE CRANK,0.6
BLACK,CAMBIO PIÑÓN DE CRANK,0.6
ONE,CAMBIO PIÑÓN DE CRANK,5.5
FLOW,CAMBIO PIÑÓN DE CRANK,5.5
ADVANCE II LF,CAMBIO PIÑÓN DE CRANK,5.5
SHOCK,CAMBIO PIÑÓN DE CRANK,5.5
TOP BOY,CAMBIO PEDAL DE CRANK,0.15
AGILITY,CAMBIO PEDAL DE CRANK,0.2
AGILITY RS,CAMBIO PEDAL DE CRANK,0.2
AGILITY CITY 150,CAMBIO PEDAL DE CRANK,0.2
ACTIV,CAMBIO PEDAL DE CRANK,0.2
SPIKE,CAMBIO PEDAL DE CRANK,0.2
AGILITY RS  NAKED,CAMBIO PEDAL DE CRANK,0.2
SUPER 8,CAMBIO PEDAL DE CRANK,0.2
GACELA,CAMBIO PEDAL DE CRANK,0.2
ROCKET,CAMBIO PEDAL DE CRANK,0.2
FLY 125,CAMBIO PEDAL DE CRANK,0.2
TWIST,CAMBIO PEDAL DE CRANK,0.2
JETIX,CAMBIO PEDAL DE CRANK,0.2
UNI-K 110,CAMBIO PEDAL DE CRANK,0.2
TRACK,CAMBIO PEDAL DE CRANK,0.2
PULSAR 135,CAMBIO PEDAL DE CRANK,0.2
Perseo,CAMBIO PEDAL DE CRANK,0.2
PULSAR,CAMBIO PEDAL DE CRANK,0.2
PULSAR 150,CAMBIO PEDAL DE CRANK,0.2
THOR 160,CAMBIO PEDAL DE CRANK,0.2
PULSAR 150 NS,CAMBIO PEDAL DE CRANK,0.2
PULSAR 150 AS,CAMBIO PEDAL DE CRANK,0.2
XCD,CAMBIO PEDAL DE CRANK,0.2
DISCOVER 100,CAMBIO PEDAL DE CRANK,0.2
DISCOVER 135,CAMBIO PEDAL DE CRANK,0.2
BOXER,CAMBIO PEDAL DE CRANK,0.2
LEXUS,CAMBIO PEDAL DE CRANK,0.2
DISCOVER 100 5S,CAMBIO PEDAL DE CRANK,0.2
DISCOVER 150,CAMBIO PEDAL DE CRANK,0.2
CHAMPION,CAMBIO PEDAL DE CRANK,0.2
DISCOVER 125 ST,CAMBIO PEDAL DE CRANK,0.2
BOXER BM 100,CAMBIO PEDAL DE CRANK,0.2
BOXER BM 150,CAMBIO PEDAL DE CRANK,0.2
BOXER BM 100 ES,CAMBIO PEDAL DE CRANK,0.2
PLATINO 125,CAMBIO PEDAL DE CRANK,0.2
PLATINO 125 - 5S,CAMBIO PEDAL DE CRANK,0.2
PLATINO 100,CAMBIO PEDAL DE CRANK,0.2
PLATINO 110,CAMBIO PEDAL DE CRANK,0.2
FAMILLY,CAMBIO PEDAL DE CRANK,0.2
MOTOCARRO 4T,CAMBIO PEDAL DE CRANK,0.15
TORITO,CAMBIO PEDAL DE CRANK,0.2
KAZE MAX II,CAMBIO PEDAL DE CRANK,0.15
ZX 130- MAGIC II,CAMBIO PEDAL DE CRANK,0.2
KMX,CAMBIO PEDAL DE CRANK,0.2
KLX 150,CAMBIO PEDAL DE CRANK,0.2
KLX150  L,CAMBIO PEDAL DE CRANK,0.2
TRANS-SPORT,CAMBIO PEDAL DE CRANK,0.2
MRX 150,CAMBIO PEDAL DE CRANK,0.2
FURAX,CAMBIO PEDAL DE CRANK,0.2
BOMBER 125,CAMBIO PEDAL DE CRANK,0.2
COMBAT 125,CAMBIO PEDAL DE CRANK,0.2
ZS,CAMBIO PEDAL DE CRANK,0.2
LIFE,CAMBIO PEDAL DE CRANK,0.2
HUNTER,CAMBIO PEDAL DE CRANK,0.2
BLACK,CAMBIO PEDAL DE CRANK,0.2
ONE,CAMBIO PEDAL DE CRANK,0.2
FLOW,CAMBIO PEDAL DE CRANK,0.2
ADVANCE II LF,CAMBIO PEDAL DE CRANK,0.2
SHOCK,CAMBIO PEDAL DE CRANK,0.2
ACTIV,CAMBIO RETEN EJE CRANK,0.4
SPIKE,CAMBIO RETEN EJE CRANK,0.4
JETIX,CAMBIO RETEN EJE CRANK,0.4
UNI-K 110,CAMBIO RETEN EJE CRANK,0.4
TRACK,CAMBIO RETEN EJE CRANK,0.4
PULSAR 135,CAMBIO RETEN EJE CRANK,0.4
Perseo,CAMBIO RETEN EJE CRANK,0.4
PULSAR,CAMBIO RETEN EJE CRANK,0.4
PULSAR 150,CAMBIO RETEN EJE CRANK,0.4
THOR 160,CAMBIO RETEN EJE CRANK,0.4
PULSAR 150 NS,CAMBIO RETEN EJE CRANK,0.4
PULSAR 150 AS,CAMBIO RETEN EJE CRANK,0.4
XCD,CAMBIO RETEN EJE CRANK,0.4
DISCOVER 100,CAMBIO RETEN EJE CRANK,0.4
DISCOVER 135,CAMBIO RETEN EJE CRANK,0.4
BOXER,CAMBIO RETEN EJE CRANK,0.4
LEXUS,CAMBIO RETEN EJE CRANK,0.4
DISCOVER 100 5S,CAMBIO RETEN EJE CRANK,0.4
DISCOVER 150,CAMBIO RETEN EJE CRANK,0.4
CHAMPION,CAMBIO RETEN EJE CRANK,0.4
DISCOVER 125 ST,CAMBIO RETEN EJE CRANK,0.4
BOXER BM 100,CAMBIO RETEN EJE CRANK,0.4
BOXER BM 150,CAMBIO RETEN EJE CRANK,0.4
BOXER BM 100 ES,CAMBIO RETEN EJE CRANK,0.4
PLATINO 125,CAMBIO RETEN EJE CRANK,0.4
PLATINO 125 - 5S,CAMBIO RETEN EJE CRANK,0.4
PLATINO 100,CAMBIO RETEN EJE CRANK,0.4
PLATINO 110,CAMBIO RETEN EJE CRANK,0.4
FAMILLY,CAMBIO RETEN EJE CRANK,0.4
MOTOCARRO 4T,CAMBIO RETEN EJE CRANK,0.5
TORITO,CAMBIO RETEN EJE CRANK,0.5
KAZE MAX II,CAMBIO RETEN EJE CRANK,0.4
ZX 130- MAGIC II,CAMBIO RETEN EJE CRANK,0.4
KMX,CAMBIO RETEN EJE CRANK,0.4
KLX 150,CAMBIO RETEN EJE CRANK,0.4
KLX150  L,CAMBIO RETEN EJE CRANK,0.4
TRANS-SPORT,CAMBIO RETEN EJE CRANK,0.4
MRX 150,CAMBIO RETEN EJE CRANK,0.4
FURAX,CAMBIO RETEN EJE CRANK,0.4
BOMBER 125,CAMBIO RETEN EJE CRANK,0.5
COMBAT 125,CAMBIO RETEN EJE CRANK,0.5
ONE,CAMBIO RETEN EJE CRANK,0.4
FLOW,CAMBIO RETEN EJE CRANK,0.4
ADVANCE II LF,CAMBIO RETEN EJE CRANK,0.4
SHOCK,CAMBIO RETEN EJE CRANK,0.4
TOP BOY,CAMBIO DE RESORTE DE CRANK,0.5
AGILITY,CAMBIO DE RESORTE DE CRANK,0.8
AGILITY RS,CAMBIO DE RESORTE DE CRANK,0.8
AGILITY CITY 150,CAMBIO DE RESORTE DE CRANK,0.8
ACTIV,CAMBIO DE RESORTE DE CRANK,1.5
SPIKE,CAMBIO DE RESORTE DE CRANK,1.5
AGILITY RS  NAKED,CAMBIO DE RESORTE DE CRANK,0.8
SUPER 8,CAMBIO DE RESORTE DE CRANK,0.8
GACELA,CAMBIO DE RESORTE DE CRANK,0.8
ROCKET,CAMBIO DE RESORTE DE CRANK,0.8
FLY 125,CAMBIO DE RESORTE DE CRANK,0.8
TWIST,CAMBIO DE RESORTE DE CRANK,1
JETIX,CAMBIO DE RESORTE DE CRANK,1.5
UNI-K 110,CAMBIO DE RESORTE DE CRANK,1.5
TRACK,CAMBIO DE RESORTE DE CRANK,1.5
PULSAR 135,CAMBIO DE RESORTE DE CRANK,6
Perseo,CAMBIO DE RESORTE DE CRANK,6
PULSAR,CAMBIO DE RESORTE DE CRANK,7.5
PULSAR 150,CAMBIO DE RESORTE DE CRANK,2.5
THOR 160,CAMBIO DE RESORTE DE CRANK,2.5
PULSAR 150 NS,CAMBIO DE RESORTE DE CRANK,2.5
PULSAR 150 AS,CAMBIO DE RESORTE DE CRANK,2.5
XCD,CAMBIO DE RESORTE DE CRANK,6
DISCOVER 100,CAMBIO DE RESORTE DE CRANK,6
DISCOVER 135,CAMBIO DE RESORTE DE CRANK,2
BOXER,CAMBIO DE RESORTE DE CRANK,1.8
LEXUS,CAMBIO DE RESORTE DE CRANK,1.8
DISCOVER 100 5S,CAMBIO DE RESORTE DE CRANK,6
DISCOVER 150,CAMBIO DE RESORTE DE CRANK,6
CHAMPION,CAMBIO DE RESORTE DE CRANK,1.8
DISCOVER 125 ST,CAMBIO DE RESORTE DE CRANK,6
BOXER BM 100,CAMBIO DE RESORTE DE CRANK,1.8
BOXER BM 150,CAMBIO DE RESORTE DE CRANK,6
BOXER BM 100 ES,CAMBIO DE RESORTE DE CRANK,6
PLATINO 125,CAMBIO DE RESORTE DE CRANK,6
PLATINO 125 - 5S,CAMBIO DE RESORTE DE CRANK,6
PLATINO 100,CAMBIO DE RESORTE DE CRANK,1.8
PLATINO 110,CAMBIO DE RESORTE DE CRANK,2.5
MOTOCARRO 4T,CAMBIO DE RESORTE DE CRANK,8.5
TORITO,CAMBIO DE RESORTE DE CRANK,8.5
KAZE MAX II,CAMBIO DE RESORTE DE CRANK,1.8
ZX 130- MAGIC II,CAMBIO DE RESORTE DE CRANK,1.5
KMX,CAMBIO DE RESORTE DE CRANK,1.5
KLX 150,CAMBIO DE RESORTE DE CRANK,1
KLX150  L,CAMBIO DE RESORTE DE CRANK,1
TRANS-SPORT,CAMBIO DE RESORTE DE CRANK,1.8
MRX 150,CAMBIO DE RESORTE DE CRANK,1
FURAX,CAMBIO DE RESORTE DE CRANK,1.5
BOMBER 125,CAMBIO DE RESORTE DE CRANK,1.5
COMBAT 125,CAMBIO DE RESORTE DE CRANK,1.5
ZS,CAMBIO DE RESORTE DE CRANK,1
LIFE,CAMBIO DE RESORTE DE CRANK,1
HUNTER,CAMBIO DE RESORTE DE CRANK,0.8
BLACK,CAMBIO DE RESORTE DE CRANK,0.8
ONE,CAMBIO DE RESORTE DE CRANK,1.5
FLOW,CAMBIO DE RESORTE DE CRANK,1.5
ADVANCE II LF,CAMBIO DE RESORTE DE CRANK,1.5
SHOCK,CAMBIO DE RESORTE DE CRANK,1.5
TOP BOY,CAMBIO DE  MOTOR DE ARRANQUE,1
AGILITY,CAMBIO DE  MOTOR DE ARRANQUE,1
AGILITY RS,CAMBIO DE  MOTOR DE ARRANQUE,1
AGILITY CITY 150,CAMBIO DE  MOTOR DE ARRANQUE,1
BET & WIN,CAMBIO DE  MOTOR DE ARRANQUE,1
ACTIV,CAMBIO DE  MOTOR DE ARRANQUE,1.5
SPIKE,CAMBIO DE  MOTOR DE ARRANQUE,1.5
AGILITY RS  NAKED,CAMBIO DE  MOTOR DE ARRANQUE,1
SUPER 8,CAMBIO DE  MOTOR DE ARRANQUE,1
GACELA,CAMBIO DE  MOTOR DE ARRANQUE,1
CRUCERO             x-town 300,CAMBIO DE  MOTOR DE ARRANQUE,1
ROCKET,CAMBIO DE  MOTOR DE ARRANQUE,1
FLY 125,CAMBIO DE  MOTOR DE ARRANQUE,1
TWIST,CAMBIO DE  MOTOR DE ARRANQUE,1
JETIX,CAMBIO DE  MOTOR DE ARRANQUE,1.5
UNI-K 110,CAMBIO DE  MOTOR DE ARRANQUE,1.5
TRACK,CAMBIO DE  MOTOR DE ARRANQUE,1.5
PULSAR 135,CAMBIO DE  MOTOR DE ARRANQUE,1.3
Perseo,CAMBIO DE  MOTOR DE ARRANQUE,1.3
PULSAR,CAMBIO DE  MOTOR DE ARRANQUE,1.3
PULSAR 180 UG,CAMBIO DE  MOTOR DE ARRANQUE,1.3
PULSAR 150,CAMBIO DE  MOTOR DE ARRANQUE,1.3
THOR 160,CAMBIO DE  MOTOR DE ARRANQUE,1
PULSAR 200,CAMBIO DE  MOTOR DE ARRANQUE,1
PULSAR 150 NS,CAMBIO DE  MOTOR DE ARRANQUE,1
PULSAR 150 AS,CAMBIO DE  MOTOR DE ARRANQUE,1
PULSAR 200 AS,CAMBIO DE  MOTOR DE ARRANQUE,1
PULSAR 200 NS,CAMBIO DE  MOTOR DE ARRANQUE,1
TITAN,CAMBIO DE  MOTOR DE ARRANQUE,1
PULSAR  RS 200,CAMBIO DE  MOTOR DE ARRANQUE,1
PULSAR 220,CAMBIO DE  MOTOR DE ARRANQUE,1.3
AVENGER 220,CAMBIO DE  MOTOR DE ARRANQUE,1.3
XCD,CAMBIO DE  MOTOR DE ARRANQUE,1
DISCOVER 100,CAMBIO DE  MOTOR DE ARRANQUE,1
DISCOVER 135,CAMBIO DE  MOTOR DE ARRANQUE,1.3
DISCOVER 100 5S,CAMBIO DE  MOTOR DE ARRANQUE,1.3
DISCOVER 150,CAMBIO DE  MOTOR DE ARRANQUE,1.3
CHAMPION,CAMBIO DE  MOTOR DE ARRANQUE,1.3
DISCOVER 125 ST,CAMBIO DE  MOTOR DE ARRANQUE,1.3
BOXER BM 150,CAMBIO DE  MOTOR DE ARRANQUE,1
BOXER BM 100 ES,CAMBIO DE  MOTOR DE ARRANQUE,1
PLATINO 125,CAMBIO DE  MOTOR DE ARRANQUE,1
PLATINO 125 - 5S,CAMBIO DE  MOTOR DE ARRANQUE,1
PLATINO 110,CAMBIO DE  MOTOR DE ARRANQUE,1
FAMILLY,CAMBIO DE  MOTOR DE ARRANQUE,1
MOTOCARRO 4T,CAMBIO DE  MOTOR DE ARRANQUE,2
TORITO,CAMBIO DE  MOTOR DE ARRANQUE,2
KAZE MAX II,CAMBIO DE  MOTOR DE ARRANQUE,1
ZX 130- MAGIC II,CAMBIO DE  MOTOR DE ARRANQUE,1
KLX 150,CAMBIO DE  MOTOR DE ARRANQUE,1.2
KLX150  L,CAMBIO DE  MOTOR DE ARRANQUE,1.2
KLX 250,CAMBIO DE  MOTOR DE ARRANQUE,1.4
NINJA 250,CAMBIO DE  MOTOR DE ARRANQUE,1.5
NINJA 250 FI,CAMBIO DE  MOTOR DE ARRANQUE,1.5
Z250,CAMBIO DE  MOTOR DE ARRANQUE,1.5
Z250 SL,CAMBIO DE  MOTOR DE ARRANQUE,1.5
ER-6n,CAMBIO DE  MOTOR DE ARRANQUE,1.3
TRANS-SPORT,CAMBIO DE  MOTOR DE ARRANQUE,1
MRX 150,CAMBIO DE  MOTOR DE ARRANQUE,1
FURAX,CAMBIO DE  MOTOR DE ARRANQUE,1
BOMBER 125,CAMBIO DE  MOTOR DE ARRANQUE,1
BOMBER 250,CAMBIO DE  MOTOR DE ARRANQUE,0.3
COMBAT 125,CAMBIO DE  MOTOR DE ARRANQUE,1
ZS,CAMBIO DE  MOTOR DE ARRANQUE,1
LIFE,CAMBIO DE  MOTOR DE ARRANQUE,1
HUNTER,CAMBIO DE  MOTOR DE ARRANQUE,0.9
BLACK,CAMBIO DE  MOTOR DE ARRANQUE,1
VENOM 400,CAMBIO DE  MOTOR DE ARRANQUE,0.5
VENOM 250,CAMBIO DE  MOTOR DE ARRANQUE,1
ONE,CAMBIO DE  MOTOR DE ARRANQUE,1.5
FLOW,CAMBIO DE  MOTOR DE ARRANQUE,1.5
ADVANCE II LF,CAMBIO DE  MOTOR DE ARRANQUE,1.5
ZONTES 155,CAMBIO DE  MOTOR DE ARRANQUE,0.6
ZONTES 310M,CAMBIO DE  MOTOR DE ARRANQUE,1
SHOCK,CAMBIO DE  MOTOR DE ARRANQUE,1.5
TNT150i,CAMBIO DE  MOTOR DE ARRANQUE,0.6
180S,CAMBIO DE  MOTOR DE ARRANQUE,0.6
TNT25N,CAMBIO DE  MOTOR DE ARRANQUE,0.5
LEONCINO 500,CAMBIO DE  MOTOR DE ARRANQUE,1.3
LEONCINO 250,CAMBIO DE  MOTOR DE ARRANQUE,0.5
TRK 500X,CAMBIO DE  MOTOR DE ARRANQUE,1.3
TRK 251,CAMBIO DE  MOTOR DE ARRANQUE,0.5
302 S,CAMBIO DE  MOTOR DE ARRANQUE,0.6
TOP BOY,LIMPIEZA Y LUBRICACION MOTOR DE ARRANQUE (INTERNA),1
AGILITY,LIMPIEZA Y LUBRICACION MOTOR DE ARRANQUE (INTERNA),1.5
AGILITY RS,LIMPIEZA Y LUBRICACION MOTOR DE ARRANQUE (INTERNA),1.5
AGILITY CITY 150,LIMPIEZA Y LUBRICACION MOTOR DE ARRANQUE (INTERNA),1.5
BET & WIN,LIMPIEZA Y LUBRICACION MOTOR DE ARRANQUE (INTERNA),1.5
ACTIV,LIMPIEZA Y LUBRICACION MOTOR DE ARRANQUE (INTERNA),2
SPIKE,LIMPIEZA Y LUBRICACION MOTOR DE ARRANQUE (INTERNA),2
AGILITY RS  NAKED,LIMPIEZA Y LUBRICACION MOTOR DE ARRANQUE (INTERNA),1.5
SUPER 8,LIMPIEZA Y LUBRICACION MOTOR DE ARRANQUE (INTERNA),1.5
GACELA,LIMPIEZA Y LUBRICACION MOTOR DE ARRANQUE (INTERNA),1.5
CRUCERO             x-town 300,LIMPIEZA Y LUBRICACION MOTOR DE ARRANQUE (INTERNA),1.5
ROCKET,LIMPIEZA Y LUBRICACION MOTOR DE ARRANQUE (INTERNA),1.5
FLY 125,LIMPIEZA Y LUBRICACION MOTOR DE ARRANQUE (INTERNA),1.5
TWIST,LIMPIEZA Y LUBRICACION MOTOR DE ARRANQUE (INTERNA),1.5
JETIX,LIMPIEZA Y LUBRICACION MOTOR DE ARRANQUE (INTERNA),2
UNI-K 110,LIMPIEZA Y LUBRICACION MOTOR DE ARRANQUE (INTERNA),2
TRACK,LIMPIEZA Y LUBRICACION MOTOR DE ARRANQUE (INTERNA),2
PULSAR 135,LIMPIEZA Y LUBRICACION MOTOR DE ARRANQUE (INTERNA),1.8
Perseo,LIMPIEZA Y LUBRICACION MOTOR DE ARRANQUE (INTERNA),1.8
PULSAR,LIMPIEZA Y LUBRICACION MOTOR DE ARRANQUE (INTERNA),1.8
PULSAR 180 UG,LIMPIEZA Y LUBRICACION MOTOR DE ARRANQUE (INTERNA),1.8
PULSAR 150,LIMPIEZA Y LUBRICACION MOTOR DE ARRANQUE (INTERNA),1.8
THOR 160,LIMPIEZA Y LUBRICACION MOTOR DE ARRANQUE (INTERNA),1.5
PULSAR 200,LIMPIEZA Y LUBRICACION MOTOR DE ARRANQUE (INTERNA),1.8
PULSAR 150 NS,LIMPIEZA Y LUBRICACION MOTOR DE ARRANQUE (INTERNA),1.5
PULSAR 150 AS,LIMPIEZA Y LUBRICACION MOTOR DE ARRANQUE (INTERNA),1.5
PULSAR 200 AS,LIMPIEZA Y LUBRICACION MOTOR DE ARRANQUE (INTERNA),1.5
PULSAR 200 NS,LIMPIEZA Y LUBRICACION MOTOR DE ARRANQUE (INTERNA),1.5
TITAN,LIMPIEZA Y LUBRICACION MOTOR DE ARRANQUE (INTERNA),1.5
PULSAR  RS 200,LIMPIEZA Y LUBRICACION MOTOR DE ARRANQUE (INTERNA),1.5
PULSAR 220,LIMPIEZA Y LUBRICACION MOTOR DE ARRANQUE (INTERNA),1.8
AVENGER 220,LIMPIEZA Y LUBRICACION MOTOR DE ARRANQUE (INTERNA),1.8
XCD,LIMPIEZA Y LUBRICACION MOTOR DE ARRANQUE (INTERNA),1.5
DISCOVER 100,LIMPIEZA Y LUBRICACION MOTOR DE ARRANQUE (INTERNA),1.5
DISCOVER 135,LIMPIEZA Y LUBRICACION MOTOR DE ARRANQUE (INTERNA),1.8
DISCOVER 100 5S,LIMPIEZA Y LUBRICACION MOTOR DE ARRANQUE (INTERNA),1.8
DISCOVER 150,LIMPIEZA Y LUBRICACION MOTOR DE ARRANQUE (INTERNA),1.8
CHAMPION,LIMPIEZA Y LUBRICACION MOTOR DE ARRANQUE (INTERNA),1.8
DISCOVER 125 ST,LIMPIEZA Y LUBRICACION MOTOR DE ARRANQUE (INTERNA),1.8
BOXER BM 150,LIMPIEZA Y LUBRICACION MOTOR DE ARRANQUE (INTERNA),1.5
BOXER BM 100 ES,LIMPIEZA Y LUBRICACION MOTOR DE ARRANQUE (INTERNA),1.5
PLATINO 125,LIMPIEZA Y LUBRICACION MOTOR DE ARRANQUE (INTERNA),1.5
PLATINO 125 - 5S,LIMPIEZA Y LUBRICACION MOTOR DE ARRANQUE (INTERNA),1.5
PLATINO 110,LIMPIEZA Y LUBRICACION MOTOR DE ARRANQUE (INTERNA),1.5
FAMILLY,LIMPIEZA Y LUBRICACION MOTOR DE ARRANQUE (INTERNA),1.5
KAZE MAX II,LIMPIEZA Y LUBRICACION MOTOR DE ARRANQUE (INTERNA),1.5
ZX 130- MAGIC II,LIMPIEZA Y LUBRICACION MOTOR DE ARRANQUE (INTERNA),1.5
KLX 150,LIMPIEZA Y LUBRICACION MOTOR DE ARRANQUE (INTERNA),1.6
KLX150  L,LIMPIEZA Y LUBRICACION MOTOR DE ARRANQUE (INTERNA),1.6
KLX 250,LIMPIEZA Y LUBRICACION MOTOR DE ARRANQUE (INTERNA),1.7
NINJA 250,LIMPIEZA Y LUBRICACION MOTOR DE ARRANQUE (INTERNA),2
NINJA 250 FI,LIMPIEZA Y LUBRICACION MOTOR DE ARRANQUE (INTERNA),2
Z250,LIMPIEZA Y LUBRICACION MOTOR DE ARRANQUE (INTERNA),2
Z250 SL,LIMPIEZA Y LUBRICACION MOTOR DE ARRANQUE (INTERNA),2
ER-6n,LIMPIEZA Y LUBRICACION MOTOR DE ARRANQUE (INTERNA),1.8
MRX 150,LIMPIEZA Y LUBRICACION MOTOR DE ARRANQUE (INTERNA),1.6
BOMBER 125,LIMPIEZA Y LUBRICACION MOTOR DE ARRANQUE (INTERNA),1
BOMBER 250,LIMPIEZA Y LUBRICACION MOTOR DE ARRANQUE (INTERNA),1
COMBAT 125,LIMPIEZA Y LUBRICACION MOTOR DE ARRANQUE (INTERNA),1
ZS,LIMPIEZA Y LUBRICACION MOTOR DE ARRANQUE (INTERNA),1.5
LIFE,LIMPIEZA Y LUBRICACION MOTOR DE ARRANQUE (INTERNA),1.5
HUNTER,LIMPIEZA Y LUBRICACION MOTOR DE ARRANQUE (INTERNA),1.5
BLACK,LIMPIEZA Y LUBRICACION MOTOR DE ARRANQUE (INTERNA),1.5
VENOM 400,LIMPIEZA Y LUBRICACION MOTOR DE ARRANQUE (INTERNA),1
VENOM 250,LIMPIEZA Y LUBRICACION MOTOR DE ARRANQUE (INTERNA),1.5
ONE,LIMPIEZA Y LUBRICACION MOTOR DE ARRANQUE (INTERNA),2
FLOW,LIMPIEZA Y LUBRICACION MOTOR DE ARRANQUE (INTERNA),2
ADVANCE II LF,LIMPIEZA Y LUBRICACION MOTOR DE ARRANQUE (INTERNA),2
ZONTES 155,LIMPIEZA Y LUBRICACION MOTOR DE ARRANQUE (INTERNA),1.5
ZONTES 310M,LIMPIEZA Y LUBRICACION MOTOR DE ARRANQUE (INTERNA),1.5
SHOCK,LIMPIEZA Y LUBRICACION MOTOR DE ARRANQUE (INTERNA),2
TNT150i,LIMPIEZA Y LUBRICACION MOTOR DE ARRANQUE (INTERNA),1.5
180S,LIMPIEZA Y LUBRICACION MOTOR DE ARRANQUE (INTERNA),1.5
TNT25N,LIMPIEZA Y LUBRICACION MOTOR DE ARRANQUE (INTERNA),1.5
LEONCINO 500,LIMPIEZA Y LUBRICACION MOTOR DE ARRANQUE (INTERNA),1.8
LEONCINO 250,LIMPIEZA Y LUBRICACION MOTOR DE ARRANQUE (INTERNA),1.5
TRK 500X,LIMPIEZA Y LUBRICACION MOTOR DE ARRANQUE (INTERNA),1.8
TRK 251,LIMPIEZA Y LUBRICACION MOTOR DE ARRANQUE (INTERNA),1.5
302 S,LIMPIEZA Y LUBRICACION MOTOR DE ARRANQUE (INTERNA),1.5
TOP BOY,CAMBIO DE PIÑONES DEL MOTOR DE ARRANQUE LADO VOLANTE,1.3
AGILITY,CAMBIO DE PIÑONES DEL MOTOR DE ARRANQUE LADO VOLANTE,2.5
AGILITY RS,CAMBIO DE PIÑONES DEL MOTOR DE ARRANQUE LADO VOLANTE,2.5
AGILITY CITY 150,CAMBIO DE PIÑONES DEL MOTOR DE ARRANQUE LADO VOLANTE,2.5
BET & WIN,CAMBIO DE PIÑONES DEL MOTOR DE ARRANQUE LADO VOLANTE,2.8
ACTIV,CAMBIO DE PIÑONES DEL MOTOR DE ARRANQUE LADO VOLANTE,1
SPIKE,CAMBIO DE PIÑONES DEL MOTOR DE ARRANQUE LADO VOLANTE,1
AGILITY RS  NAKED,CAMBIO DE PIÑONES DEL MOTOR DE ARRANQUE LADO VOLANTE,2.5
SUPER 8,CAMBIO DE PIÑONES DEL MOTOR DE ARRANQUE LADO VOLANTE,2.5
GACELA,CAMBIO DE PIÑONES DEL MOTOR DE ARRANQUE LADO VOLANTE,2.5
CRUCERO             x-town 300,CAMBIO DE PIÑONES DEL MOTOR DE ARRANQUE LADO VOLANTE,3
ROCKET,CAMBIO DE PIÑONES DEL MOTOR DE ARRANQUE LADO VOLANTE,2.5
FLY 125,CAMBIO DE PIÑONES DEL MOTOR DE ARRANQUE LADO VOLANTE,2.5
TWIST,CAMBIO DE PIÑONES DEL MOTOR DE ARRANQUE LADO VOLANTE,2.5
JETIX,CAMBIO DE PIÑONES DEL MOTOR DE ARRANQUE LADO VOLANTE,1
UNI-K 110,CAMBIO DE PIÑONES DEL MOTOR DE ARRANQUE LADO VOLANTE,1
TRACK,CAMBIO DE PIÑONES DEL MOTOR DE ARRANQUE LADO VOLANTE,1
PULSAR 135,CAMBIO DE PIÑONES DEL MOTOR DE ARRANQUE LADO VOLANTE,1
Perseo,CAMBIO DE PIÑONES DEL MOTOR DE ARRANQUE LADO VOLANTE,1
PULSAR,CAMBIO DE PIÑONES DEL MOTOR DE ARRANQUE LADO VOLANTE,1
PULSAR 180 UG,CAMBIO DE PIÑONES DEL MOTOR DE ARRANQUE LADO VOLANTE,1
PULSAR 150,CAMBIO DE PIÑONES DEL MOTOR DE ARRANQUE LADO VOLANTE,1
THOR 160,CAMBIO DE PIÑONES DEL MOTOR DE ARRANQUE LADO VOLANTE,1
PULSAR 200,CAMBIO DE PIÑONES DEL MOTOR DE ARRANQUE LADO VOLANTE,1
PULSAR 150 NS,CAMBIO DE PIÑONES DEL MOTOR DE ARRANQUE LADO VOLANTE,1
PULSAR 150 AS,CAMBIO DE PIÑONES DEL MOTOR DE ARRANQUE LADO VOLANTE,1
PULSAR 200 AS,CAMBIO DE PIÑONES DEL MOTOR DE ARRANQUE LADO VOLANTE,1
PULSAR 200 NS,CAMBIO DE PIÑONES DEL MOTOR DE ARRANQUE LADO VOLANTE,1
TITAN,CAMBIO DE PIÑONES DEL MOTOR DE ARRANQUE LADO VOLANTE,1.1
PULSAR  RS 200,CAMBIO DE PIÑONES DEL MOTOR DE ARRANQUE LADO VOLANTE,1.1
PULSAR 220,CAMBIO DE PIÑONES DEL MOTOR DE ARRANQUE LADO VOLANTE,1
AVENGER 220,CAMBIO DE PIÑONES DEL MOTOR DE ARRANQUE LADO VOLANTE,1
XCD,CAMBIO DE PIÑONES DEL MOTOR DE ARRANQUE LADO VOLANTE,1
DISCOVER 100,CAMBIO DE PIÑONES DEL MOTOR DE ARRANQUE LADO VOLANTE,1
DISCOVER 135,CAMBIO DE PIÑONES DEL MOTOR DE ARRANQUE LADO VOLANTE,1
DISCOVER 100 5S,CAMBIO DE PIÑONES DEL MOTOR DE ARRANQUE LADO VOLANTE,1
DISCOVER 150,CAMBIO DE PIÑONES DEL MOTOR DE ARRANQUE LADO VOLANTE,1
CHAMPION,CAMBIO DE PIÑONES DEL MOTOR DE ARRANQUE LADO VOLANTE,1
DISCOVER 125 ST,CAMBIO DE PIÑONES DEL MOTOR DE ARRANQUE LADO VOLANTE,1
BOXER BM 150,CAMBIO DE PIÑONES DEL MOTOR DE ARRANQUE LADO VOLANTE,1
BOXER BM 100 ES,CAMBIO DE PIÑONES DEL MOTOR DE ARRANQUE LADO VOLANTE,1
PLATINO 125,CAMBIO DE PIÑONES DEL MOTOR DE ARRANQUE LADO VOLANTE,1
PLATINO 125 - 5S,CAMBIO DE PIÑONES DEL MOTOR DE ARRANQUE LADO VOLANTE,1
PLATINO 110,CAMBIO DE PIÑONES DEL MOTOR DE ARRANQUE LADO VOLANTE,1
FAMILLY,CAMBIO DE PIÑONES DEL MOTOR DE ARRANQUE LADO VOLANTE,1
KAZE MAX II,CAMBIO DE PIÑONES DEL MOTOR DE ARRANQUE LADO VOLANTE,1.5
ZX 130- MAGIC II,CAMBIO DE PIÑONES DEL MOTOR DE ARRANQUE LADO VOLANTE,1.3
KLX 150,CAMBIO DE PIÑONES DEL MOTOR DE ARRANQUE LADO VOLANTE,1
KLX150  L,CAMBIO DE PIÑONES DEL MOTOR DE ARRANQUE LADO VOLANTE,1
KLX 250,CAMBIO DE PIÑONES DEL MOTOR DE ARRANQUE LADO VOLANTE,1
NINJA 250,CAMBIO DE PIÑONES DEL MOTOR DE ARRANQUE LADO VOLANTE,1.8
NINJA 250 FI,CAMBIO DE PIÑONES DEL MOTOR DE ARRANQUE LADO VOLANTE,1.8
Z250,CAMBIO DE PIÑONES DEL MOTOR DE ARRANQUE LADO VOLANTE,1.5
Z250 SL,CAMBIO DE PIÑONES DEL MOTOR DE ARRANQUE LADO VOLANTE,1.5
ER-6n,CAMBIO DE PIÑONES DEL MOTOR DE ARRANQUE LADO VOLANTE,1.5
MRX 150,CAMBIO DE PIÑONES DEL MOTOR DE ARRANQUE LADO VOLANTE,1
FURAX,CAMBIO DE PIÑONES DEL MOTOR DE ARRANQUE LADO VOLANTE,1.5
BOMBER 125,CAMBIO DE PIÑONES DEL MOTOR DE ARRANQUE LADO VOLANTE,1.5
BOMBER 250,CAMBIO DE PIÑONES DEL MOTOR DE ARRANQUE LADO VOLANTE,0.6
COMBAT 125,CAMBIO DE PIÑONES DEL MOTOR DE ARRANQUE LADO VOLANTE,1.5
ZS,CAMBIO DE PIÑONES DEL MOTOR DE ARRANQUE LADO VOLANTE,2.5
LIFE,CAMBIO DE PIÑONES DEL MOTOR DE ARRANQUE LADO VOLANTE,2.5
HUNTER,CAMBIO DE PIÑONES DEL MOTOR DE ARRANQUE LADO VOLANTE,2.5
BLACK,CAMBIO DE PIÑONES DEL MOTOR DE ARRANQUE LADO VOLANTE,2.5
VENOM 400,CAMBIO DE PIÑONES DEL MOTOR DE ARRANQUE LADO VOLANTE,1
VENOM 250,CAMBIO DE PIÑONES DEL MOTOR DE ARRANQUE LADO VOLANTE,1
ONE,CAMBIO DE PIÑONES DEL MOTOR DE ARRANQUE LADO VOLANTE,1
FLOW,CAMBIO DE PIÑONES DEL MOTOR DE ARRANQUE LADO VOLANTE,1
ADVANCE II LF,CAMBIO DE PIÑONES DEL MOTOR DE ARRANQUE LADO VOLANTE,1
ZONTES 155,CAMBIO DE PIÑONES DEL MOTOR DE ARRANQUE LADO VOLANTE,1
ZONTES 310M,CAMBIO DE PIÑONES DEL MOTOR DE ARRANQUE LADO VOLANTE,2.5
SHOCK,CAMBIO DE PIÑONES DEL MOTOR DE ARRANQUE LADO VOLANTE,1
TNT150i,CAMBIO DE PIÑONES DEL MOTOR DE ARRANQUE LADO VOLANTE,1
180S,CAMBIO DE PIÑONES DEL MOTOR DE ARRANQUE LADO VOLANTE,1
TNT25N,CAMBIO DE PIÑONES DEL MOTOR DE ARRANQUE LADO VOLANTE,1
LEONCINO 500,CAMBIO DE PIÑONES DEL MOTOR DE ARRANQUE LADO VOLANTE,1.5
LEONCINO 250,CAMBIO DE PIÑONES DEL MOTOR DE ARRANQUE LADO VOLANTE,1
TRK 500X,CAMBIO DE PIÑONES DEL MOTOR DE ARRANQUE LADO VOLANTE,1.5
TRK 251,CAMBIO DE PIÑONES DEL MOTOR DE ARRANQUE LADO VOLANTE,1
302 S,CAMBIO DE PIÑONES DEL MOTOR DE ARRANQUE LADO VOLANTE,1
AGILITY,CAMBIO ROLLERS PIÑÓN ARRANQUE DE LA VOLANTE,2.5
AGILITY RS,CAMBIO ROLLERS PIÑÓN ARRANQUE DE LA VOLANTE,2.5
AGILITY CITY 150,CAMBIO ROLLERS PIÑÓN ARRANQUE DE LA VOLANTE,2.5
BET & WIN,CAMBIO ROLLERS PIÑÓN ARRANQUE DE LA VOLANTE,2.8
ACTIV,CAMBIO ROLLERS PIÑÓN ARRANQUE DE LA VOLANTE,1.2
SPIKE,CAMBIO ROLLERS PIÑÓN ARRANQUE DE LA VOLANTE,1.2
AGILITY RS  NAKED,CAMBIO ROLLERS PIÑÓN ARRANQUE DE LA VOLANTE,2.5
SUPER 8,CAMBIO ROLLERS PIÑÓN ARRANQUE DE LA VOLANTE,2.5
GACELA,CAMBIO ROLLERS PIÑÓN ARRANQUE DE LA VOLANTE,2.5
CRUCERO             x-town 300,CAMBIO ROLLERS PIÑÓN ARRANQUE DE LA VOLANTE,3
ROCKET,CAMBIO ROLLERS PIÑÓN ARRANQUE DE LA VOLANTE,2.5
FLY 125,CAMBIO ROLLERS PIÑÓN ARRANQUE DE LA VOLANTE,2.5
TWIST,CAMBIO ROLLERS PIÑÓN ARRANQUE DE LA VOLANTE,2.5
JETIX,CAMBIO ROLLERS PIÑÓN ARRANQUE DE LA VOLANTE,1.2
UNI-K 110,CAMBIO ROLLERS PIÑÓN ARRANQUE DE LA VOLANTE,1.2
TRACK,CAMBIO ROLLERS PIÑÓN ARRANQUE DE LA VOLANTE,1.2
PULSAR 135,CAMBIO ROLLERS PIÑÓN ARRANQUE DE LA VOLANTE,1.2
Perseo,CAMBIO ROLLERS PIÑÓN ARRANQUE DE LA VOLANTE,1.2
PULSAR,CAMBIO ROLLERS PIÑÓN ARRANQUE DE LA VOLANTE,1.2
PULSAR 180 UG,CAMBIO ROLLERS PIÑÓN ARRANQUE DE LA VOLANTE,1.2
PULSAR 150,CAMBIO ROLLERS PIÑÓN ARRANQUE DE LA VOLANTE,1.2
THOR 160,CAMBIO ROLLERS PIÑÓN ARRANQUE DE LA VOLANTE,1.2
PULSAR 200,CAMBIO ROLLERS PIÑÓN ARRANQUE DE LA VOLANTE,1.2
PULSAR 150 NS,CAMBIO ROLLERS PIÑÓN ARRANQUE DE LA VOLANTE,1.2
PULSAR 150 AS,CAMBIO ROLLERS PIÑÓN ARRANQUE DE LA VOLANTE,1.2
PULSAR 200 AS,CAMBIO ROLLERS PIÑÓN ARRANQUE DE LA VOLANTE,1.2
PULSAR 200 NS,CAMBIO ROLLERS PIÑÓN ARRANQUE DE LA VOLANTE,1.2
TITAN,CAMBIO ROLLERS PIÑÓN ARRANQUE DE LA VOLANTE,1.3
PULSAR  RS 200,CAMBIO ROLLERS PIÑÓN ARRANQUE DE LA VOLANTE,1.3
PULSAR 220,CAMBIO ROLLERS PIÑÓN ARRANQUE DE LA VOLANTE,1.2
AVENGER 220,CAMBIO ROLLERS PIÑÓN ARRANQUE DE LA VOLANTE,1.2
XCD,CAMBIO ROLLERS PIÑÓN ARRANQUE DE LA VOLANTE,1.2
DISCOVER 100,CAMBIO ROLLERS PIÑÓN ARRANQUE DE LA VOLANTE,1.2
DISCOVER 135,CAMBIO ROLLERS PIÑÓN ARRANQUE DE LA VOLANTE,1.2
DISCOVER 100 5S,CAMBIO ROLLERS PIÑÓN ARRANQUE DE LA VOLANTE,1.2
DISCOVER 150,CAMBIO ROLLERS PIÑÓN ARRANQUE DE LA VOLANTE,1.2
CHAMPION,CAMBIO ROLLERS PIÑÓN ARRANQUE DE LA VOLANTE,1.2
DISCOVER 125 ST,CAMBIO ROLLERS PIÑÓN ARRANQUE DE LA VOLANTE,1.2
BOXER BM 150,CAMBIO ROLLERS PIÑÓN ARRANQUE DE LA VOLANTE,1.2
BOXER BM 100 ES,CAMBIO ROLLERS PIÑÓN ARRANQUE DE LA VOLANTE,1.2
PLATINO 125,CAMBIO ROLLERS PIÑÓN ARRANQUE DE LA VOLANTE,1.2
PLATINO 125 - 5S,CAMBIO ROLLERS PIÑÓN ARRANQUE DE LA VOLANTE,1.2
PLATINO 110,CAMBIO ROLLERS PIÑÓN ARRANQUE DE LA VOLANTE,1.2
FAMILLY,CAMBIO ROLLERS PIÑÓN ARRANQUE DE LA VOLANTE,1.2
ZX 130- MAGIC II,CAMBIO ROLLERS PIÑÓN ARRANQUE DE LA VOLANTE,1.5
KLX 150,CAMBIO ROLLERS PIÑÓN ARRANQUE DE LA VOLANTE,1.2
KLX150  L,CAMBIO ROLLERS PIÑÓN ARRANQUE DE LA VOLANTE,1.2
KLX 250,CAMBIO ROLLERS PIÑÓN ARRANQUE DE LA VOLANTE,1.5
NINJA 250,CAMBIO ROLLERS PIÑÓN ARRANQUE DE LA VOLANTE,1.8
NINJA 250 FI,CAMBIO ROLLERS PIÑÓN ARRANQUE DE LA VOLANTE,1.8
Z250,CAMBIO ROLLERS PIÑÓN ARRANQUE DE LA VOLANTE,1.5
Z250 SL,CAMBIO ROLLERS PIÑÓN ARRANQUE DE LA VOLANTE,1.5
ER-6n,CAMBIO ROLLERS PIÑÓN ARRANQUE DE LA VOLANTE,1.5
TRANS-SPORT,CAMBIO ROLLERS PIÑÓN ARRANQUE DE LA VOLANTE,1.2
MRX 150,CAMBIO ROLLERS PIÑÓN ARRANQUE DE LA VOLANTE,1.2
FURAX,CAMBIO ROLLERS PIÑÓN ARRANQUE DE LA VOLANTE,1.2
BOMBER 250,CAMBIO ROLLERS PIÑÓN ARRANQUE DE LA VOLANTE,1
ZS,CAMBIO ROLLERS PIÑÓN ARRANQUE DE LA VOLANTE,2.5
LIFE,CAMBIO ROLLERS PIÑÓN ARRANQUE DE LA VOLANTE,2.5
HUNTER,CAMBIO ROLLERS PIÑÓN ARRANQUE DE LA VOLANTE,2.5
BLACK,CAMBIO ROLLERS PIÑÓN ARRANQUE DE LA VOLANTE,2.5
VENOM 400,CAMBIO ROLLERS PIÑÓN ARRANQUE DE LA VOLANTE,1
VENOM 250,CAMBIO ROLLERS PIÑÓN ARRANQUE DE LA VOLANTE,1.2
ONE,CAMBIO ROLLERS PIÑÓN ARRANQUE DE LA VOLANTE,1.2
FLOW,CAMBIO ROLLERS PIÑÓN ARRANQUE DE LA VOLANTE,1.2
ADVANCE II LF,CAMBIO ROLLERS PIÑÓN ARRANQUE DE LA VOLANTE,1.2
ZONTES 155,CAMBIO ROLLERS PIÑÓN ARRANQUE DE LA VOLANTE,1.5
ZONTES 310M,CAMBIO ROLLERS PIÑÓN ARRANQUE DE LA VOLANTE,3
SHOCK,CAMBIO ROLLERS PIÑÓN ARRANQUE DE LA VOLANTE,1.2
TNT150i,CAMBIO ROLLERS PIÑÓN ARRANQUE DE LA VOLANTE,1.5
180S,CAMBIO ROLLERS PIÑÓN ARRANQUE DE LA VOLANTE,1.5
TNT25N,CAMBIO ROLLERS PIÑÓN ARRANQUE DE LA VOLANTE,1.5
LEONCINO 500,CAMBIO ROLLERS PIÑÓN ARRANQUE DE LA VOLANTE,1.5
LEONCINO 250,CAMBIO ROLLERS PIÑÓN ARRANQUE DE LA VOLANTE,1.5
TRK 500X,CAMBIO ROLLERS PIÑÓN ARRANQUE DE LA VOLANTE,1.5
TRK 251,CAMBIO ROLLERS PIÑÓN ARRANQUE DE LA VOLANTE,1.5
302 S,CAMBIO ROLLERS PIÑÓN ARRANQUE DE LA VOLANTE,1.5
ACTIV,CAMBIO DE CADENILLA DE ARRANQUE,1.2
SPIKE,CAMBIO DE CADENILLA DE ARRANQUE,1.2
JETIX,CAMBIO DE CADENILLA DE ARRANQUE,1.2
UNI-K 110,CAMBIO DE CADENILLA DE ARRANQUE,1.2
TRACK,CAMBIO DE CADENILLA DE ARRANQUE,1.2
TRANS-SPORT,CAMBIO DE CADENILLA DE ARRANQUE,0.8
ONE,CAMBIO DE CADENILLA DE ARRANQUE,1.2
FLOW,CAMBIO DE CADENILLA DE ARRANQUE,1.2
ADVANCE II LF,CAMBIO DE CADENILLA DE ARRANQUE,1.2
SHOCK,CAMBIO DE CADENILLA DE ARRANQUE,1.2
ACTIV,CAMBIO DESLIZADORES CADENILLA DE ARRANQUE,0.5
SPIKE,CAMBIO DESLIZADORES CADENILLA DE ARRANQUE,0.5
JETIX,CAMBIO DESLIZADORES CADENILLA DE ARRANQUE,0.5
UNI-K 110,CAMBIO DESLIZADORES CADENILLA DE ARRANQUE,0.5
TRACK,CAMBIO DESLIZADORES CADENILLA DE ARRANQUE,0.5
TRANS-SPORT,CAMBIO DESLIZADORES CADENILLA DE ARRANQUE,0.5
ONE,CAMBIO DESLIZADORES CADENILLA DE ARRANQUE,0.5
FLOW,CAMBIO DESLIZADORES CADENILLA DE ARRANQUE,1
ADVANCE II LF,CAMBIO DESLIZADORES CADENILLA DE ARRANQUE,1
SHOCK,CAMBIO DESLIZADORES CADENILLA DE ARRANQUE,1
ACTIV,CAMBIO PLATO SOPORTE DESLIZADORES,2
SPIKE,CAMBIO PLATO SOPORTE DESLIZADORES,2
JETIX,CAMBIO PLATO SOPORTE DESLIZADORES,2
UNI-K 110,CAMBIO PLATO SOPORTE DESLIZADORES,2
TRACK,CAMBIO PLATO SOPORTE DESLIZADORES,2
TRANS-SPORT,CAMBIO PLATO SOPORTE DESLIZADORES,1
ONE,CAMBIO PLATO SOPORTE DESLIZADORES,2
FLOW,CAMBIO PLATO SOPORTE DESLIZADORES,2
ADVANCE II LF,CAMBIO PLATO SOPORTE DESLIZADORES,2
SHOCK,CAMBIO PLATO SOPORTE DESLIZADORES,2
TOP BOY,CAMBIO DE CLUTCH DE ARRANQUE,1.6
AGILITY,CAMBIO DE CLUTCH DE ARRANQUE,2.5
AGILITY RS,CAMBIO DE CLUTCH DE ARRANQUE,2.5
AGILITY CITY 150,CAMBIO DE CLUTCH DE ARRANQUE,2.5
BET & WIN,CAMBIO DE CLUTCH DE ARRANQUE,2.8
ACTIV,CAMBIO DE CLUTCH DE ARRANQUE,1.2
SPIKE,CAMBIO DE CLUTCH DE ARRANQUE,1.2
AGILITY RS  NAKED,CAMBIO DE CLUTCH DE ARRANQUE,2.5
SUPER 8,CAMBIO DE CLUTCH DE ARRANQUE,2.5
GACELA,CAMBIO DE CLUTCH DE ARRANQUE,2.5
CRUCERO             x-town 300,CAMBIO DE CLUTCH DE ARRANQUE,3
ROCKET,CAMBIO DE CLUTCH DE ARRANQUE,2.5
FLY 125,CAMBIO DE CLUTCH DE ARRANQUE,2.5
TWIST,CAMBIO DE CLUTCH DE ARRANQUE,2.5
JETIX,CAMBIO DE CLUTCH DE ARRANQUE,1.2
UNI-K 110,CAMBIO DE CLUTCH DE ARRANQUE,1.2
TRACK,CAMBIO DE CLUTCH DE ARRANQUE,1.2
PULSAR 135,CAMBIO DE CLUTCH DE ARRANQUE,1.2
Perseo,CAMBIO DE CLUTCH DE ARRANQUE,1.2
PULSAR,CAMBIO DE CLUTCH DE ARRANQUE,1.2
PULSAR 180 UG,CAMBIO DE CLUTCH DE ARRANQUE,1.2
PULSAR 150,CAMBIO DE CLUTCH DE ARRANQUE,1.2
THOR 160,CAMBIO DE CLUTCH DE ARRANQUE,1.2
PULSAR 200,CAMBIO DE CLUTCH DE ARRANQUE,1.2
PULSAR 150 NS,CAMBIO DE CLUTCH DE ARRANQUE,1.2
PULSAR 150 AS,CAMBIO DE CLUTCH DE ARRANQUE,1.2
PULSAR 200 AS,CAMBIO DE CLUTCH DE ARRANQUE,1.2
PULSAR 200 NS,CAMBIO DE CLUTCH DE ARRANQUE,1.2
TITAN,CAMBIO DE CLUTCH DE ARRANQUE,1.3
PULSAR  RS 200,CAMBIO DE CLUTCH DE ARRANQUE,1.3
PULSAR 220,CAMBIO DE CLUTCH DE ARRANQUE,1.2
AVENGER 220,CAMBIO DE CLUTCH DE ARRANQUE,1.2
XCD,CAMBIO DE CLUTCH DE ARRANQUE,1.2
DISCOVER 100,CAMBIO DE CLUTCH DE ARRANQUE,1.2
DISCOVER 135,CAMBIO DE CLUTCH DE ARRANQUE,1.2
DISCOVER 100 5S,CAMBIO DE CLUTCH DE ARRANQUE,1.2
DISCOVER 150,CAMBIO DE CLUTCH DE ARRANQUE,1.2
CHAMPION,CAMBIO DE CLUTCH DE ARRANQUE,1.2
DISCOVER 125 ST,CAMBIO DE CLUTCH DE ARRANQUE,1.2
BOXER BM 150,CAMBIO DE CLUTCH DE ARRANQUE,1.2
BOXER BM 100 ES,CAMBIO DE CLUTCH DE ARRANQUE,1.2
PLATINO 125,CAMBIO DE CLUTCH DE ARRANQUE,1.2
PLATINO 125 - 5S,CAMBIO DE CLUTCH DE ARRANQUE,1.2
PLATINO 110,CAMBIO DE CLUTCH DE ARRANQUE,1.2
FAMILLY,CAMBIO DE CLUTCH DE ARRANQUE,1.2
ZX 130- MAGIC II,CAMBIO DE CLUTCH DE ARRANQUE,1.5
KLX 150,CAMBIO DE CLUTCH DE ARRANQUE,1.2
KLX150  L,CAMBIO DE CLUTCH DE ARRANQUE,1.2
KLX 250,CAMBIO DE CLUTCH DE ARRANQUE,1.5
NINJA 250,CAMBIO DE CLUTCH DE ARRANQUE,1.8
NINJA 250 FI,CAMBIO DE CLUTCH DE ARRANQUE,1.8
Z250,CAMBIO DE CLUTCH DE ARRANQUE,1.5
Z250 SL,CAMBIO DE CLUTCH DE ARRANQUE,1.5
ER-6n,CAMBIO DE CLUTCH DE ARRANQUE,1.5
TRANS-SPORT,CAMBIO DE CLUTCH DE ARRANQUE,1.3
MRX 150,CAMBIO DE CLUTCH DE ARRANQUE,1.2
FURAX,CAMBIO DE CLUTCH DE ARRANQUE,1.3
BOMBER 125,CAMBIO DE CLUTCH DE ARRANQUE,1.5
BOMBER 250,CAMBIO DE CLUTCH DE ARRANQUE,1
COMBAT 125,CAMBIO DE CLUTCH DE ARRANQUE,1.5
ZS,CAMBIO DE CLUTCH DE ARRANQUE,2.5
LIFE,CAMBIO DE CLUTCH DE ARRANQUE,2.5
HUNTER,CAMBIO DE CLUTCH DE ARRANQUE,2.5
BLACK,CAMBIO DE CLUTCH DE ARRANQUE,2.5
VENOM 400,CAMBIO DE CLUTCH DE ARRANQUE,1.5
VENOM 250,CAMBIO DE CLUTCH DE ARRANQUE,1.2
ONE,CAMBIO DE CLUTCH DE ARRANQUE,1.2
FLOW,CAMBIO DE CLUTCH DE ARRANQUE,1.2
ADVANCE II LF,CAMBIO DE CLUTCH DE ARRANQUE,1.2
ZONTES 155,CAMBIO DE CLUTCH DE ARRANQUE,1.5
ZONTES 310M,CAMBIO DE CLUTCH DE ARRANQUE,2.5
SHOCK,CAMBIO DE CLUTCH DE ARRANQUE,1.2
TNT150i,CAMBIO DE CLUTCH DE ARRANQUE,1.5
180S,CAMBIO DE CLUTCH DE ARRANQUE,1.5
TNT25N,CAMBIO DE CLUTCH DE ARRANQUE,1.5
LEONCINO 500,CAMBIO DE CLUTCH DE ARRANQUE,1.5
LEONCINO 250,CAMBIO DE CLUTCH DE ARRANQUE,1.5
TRK 500X,CAMBIO DE CLUTCH DE ARRANQUE,1.5
TRK 251,CAMBIO DE CLUTCH DE ARRANQUE,1.5
302 S,CAMBIO DE CLUTCH DE ARRANQUE,1.5
TRANS-SPORT,CAMBIO RETENEDOR PLATO BASE DEL ARRANQUE,1.8
BET & WIN,CAMBIO EMPAQUE TAPA VOLANTE,2.5
ACTIV,CAMBIO EMPAQUE TAPA VOLANTE,0.6
SPIKE,CAMBIO EMPAQUE TAPA VOLANTE,0.6
JETIX,CAMBIO EMPAQUE TAPA VOLANTE,0.6
UNI-K 110,CAMBIO EMPAQUE TAPA VOLANTE,0.6
TRACK,CAMBIO EMPAQUE TAPA VOLANTE,0.6
PULSAR 135,CAMBIO EMPAQUE TAPA VOLANTE,0.5
Perseo,CAMBIO EMPAQUE TAPA VOLANTE,0.5
PULSAR,CAMBIO EMPAQUE TAPA VOLANTE,0.4
PULSAR 180 UG,CAMBIO EMPAQUE TAPA VOLANTE,0.4
PULSAR 150,CAMBIO EMPAQUE TAPA VOLANTE,0.4
THOR 160,CAMBIO EMPAQUE TAPA VOLANTE,0.5
PULSAR 200,CAMBIO EMPAQUE TAPA VOLANTE,0.5
PULSAR 150 NS,CAMBIO EMPAQUE TAPA VOLANTE,0.5
PULSAR 150 AS,CAMBIO EMPAQUE TAPA VOLANTE,0.5
PULSAR 200 AS,CAMBIO EMPAQUE TAPA VOLANTE,0.5
PULSAR 200 NS,CAMBIO EMPAQUE TAPA VOLANTE,0.5
TITAN,CAMBIO EMPAQUE TAPA VOLANTE,0.6
PULSAR  RS 200,CAMBIO EMPAQUE TAPA VOLANTE,0.6
PULSAR 220,CAMBIO EMPAQUE TAPA VOLANTE,0.4
AVENGER 220,CAMBIO EMPAQUE TAPA VOLANTE,0.4
XCD,CAMBIO EMPAQUE TAPA VOLANTE,0.4
DISCOVER 100,CAMBIO EMPAQUE TAPA VOLANTE,0.4
DISCOVER 135,CAMBIO EMPAQUE TAPA VOLANTE,0.4
BOXER,CAMBIO EMPAQUE TAPA VOLANTE,0.4
LEXUS,CAMBIO EMPAQUE TAPA VOLANTE,0.4
DISCOVER 100 5S,CAMBIO EMPAQUE TAPA VOLANTE,0.5
DISCOVER 150,CAMBIO EMPAQUE TAPA VOLANTE,0.5
CHAMPION,CAMBIO EMPAQUE TAPA VOLANTE,0.5
DISCOVER 125 ST,CAMBIO EMPAQUE TAPA VOLANTE,0.5
BOXER BM 100,CAMBIO EMPAQUE TAPA VOLANTE,0.4
BOXER BM 150,CAMBIO EMPAQUE TAPA VOLANTE,0.4
BOXER BM 100 ES,CAMBIO EMPAQUE TAPA VOLANTE,0.4
PLATINO 125,CAMBIO EMPAQUE TAPA VOLANTE,0.4
PLATINO 125 - 5S,CAMBIO EMPAQUE TAPA VOLANTE,0.4
PLATINO 100,CAMBIO EMPAQUE TAPA VOLANTE,0.4
PLATINO 110,CAMBIO EMPAQUE TAPA VOLANTE,0.4
FAMILLY,CAMBIO EMPAQUE TAPA VOLANTE,0.4
KAZE MAX II,CAMBIO EMPAQUE TAPA VOLANTE,0.8
ZX 130- MAGIC II,CAMBIO EMPAQUE TAPA VOLANTE,0.8
KMX,CAMBIO EMPAQUE TAPA VOLANTE,0.4
KLX 150,CAMBIO EMPAQUE TAPA VOLANTE,0.4
KLX150  L,CAMBIO EMPAQUE TAPA VOLANTE,0.4
KLX 250,CAMBIO EMPAQUE TAPA VOLANTE,0.5
NINJA 250,CAMBIO EMPAQUE TAPA VOLANTE,1
NINJA 250 FI,CAMBIO EMPAQUE TAPA VOLANTE,1
Z250,CAMBIO EMPAQUE TAPA VOLANTE,1
Z250 SL,CAMBIO EMPAQUE TAPA VOLANTE,1
ER-6n,CAMBIO EMPAQUE TAPA VOLANTE,1
TRANS-SPORT,CAMBIO EMPAQUE TAPA VOLANTE,0.8
MRX 150,CAMBIO EMPAQUE TAPA VOLANTE,0.4
FURAX,CAMBIO EMPAQUE TAPA VOLANTE,0.8
BOMBER 125,CAMBIO EMPAQUE TAPA VOLANTE,0.5
BOMBER 250,CAMBIO EMPAQUE TAPA VOLANTE,0.6
COMBAT 125,CAMBIO EMPAQUE TAPA VOLANTE,0.5
VENOM 400,CAMBIO EMPAQUE TAPA VOLANTE,0.7
VENOM 250,CAMBIO EMPAQUE TAPA VOLANTE,0.5
ONE,CAMBIO EMPAQUE TAPA VOLANTE,0.6
FLOW,CAMBIO EMPAQUE TAPA VOLANTE,0.7
ADVANCE II LF,CAMBIO EMPAQUE TAPA VOLANTE,0.6
ZONTES 155,CAMBIO EMPAQUE TAPA VOLANTE,1
SHOCK,CAMBIO EMPAQUE TAPA VOLANTE,0.6
TNT150i,CAMBIO EMPAQUE TAPA VOLANTE,1
180S,CAMBIO EMPAQUE TAPA VOLANTE,1
TNT25N,CAMBIO EMPAQUE TAPA VOLANTE,1
LEONCINO 500,CAMBIO EMPAQUE TAPA VOLANTE,1
LEONCINO 250,CAMBIO EMPAQUE TAPA VOLANTE,1
TRK 500X,CAMBIO EMPAQUE TAPA VOLANTE,1
TRK 251,CAMBIO EMPAQUE TAPA VOLANTE,1
302 S,CAMBIO EMPAQUE TAPA VOLANTE,1
ACTIV,CAMBIO DE RODAMIENTO O BUJE DE CLUTCH DEL ARRANQUE,1.2
SPIKE,CAMBIO DE RODAMIENTO O BUJE DE CLUTCH DEL ARRANQUE,1.2
JETIX,CAMBIO DE RODAMIENTO O BUJE DE CLUTCH DEL ARRANQUE,1.2
UNI-K 110,CAMBIO DE RODAMIENTO O BUJE DE CLUTCH DEL ARRANQUE,1.2
TRACK,CAMBIO DE RODAMIENTO O BUJE DE CLUTCH DEL ARRANQUE,1.2
PULSAR 135,CAMBIO DE RODAMIENTO O BUJE DE CLUTCH DEL ARRANQUE,1.2
Perseo,CAMBIO DE RODAMIENTO O BUJE DE CLUTCH DEL ARRANQUE,1.2
PULSAR,CAMBIO DE RODAMIENTO O BUJE DE CLUTCH DEL ARRANQUE,1.2
PULSAR 180 UG,CAMBIO DE RODAMIENTO O BUJE DE CLUTCH DEL ARRANQUE,1.2
PULSAR 150,CAMBIO DE RODAMIENTO O BUJE DE CLUTCH DEL ARRANQUE,1.2
THOR 160,CAMBIO DE RODAMIENTO O BUJE DE CLUTCH DEL ARRANQUE,1.2
PULSAR 200,CAMBIO DE RODAMIENTO O BUJE DE CLUTCH DEL ARRANQUE,1.2
PULSAR 220,CAMBIO DE RODAMIENTO O BUJE DE CLUTCH DEL ARRANQUE,1.2
AVENGER 220,CAMBIO DE RODAMIENTO O BUJE DE CLUTCH DEL ARRANQUE,1.2
XCD,CAMBIO DE RODAMIENTO O BUJE DE CLUTCH DEL ARRANQUE,1.4
DISCOVER 100,CAMBIO DE RODAMIENTO O BUJE DE CLUTCH DEL ARRANQUE,1.4
DISCOVER 135,CAMBIO DE RODAMIENTO O BUJE DE CLUTCH DEL ARRANQUE,1.2
DISCOVER 100 5S,CAMBIO DE RODAMIENTO O BUJE DE CLUTCH DEL ARRANQUE,1.2
DISCOVER 150,CAMBIO DE RODAMIENTO O BUJE DE CLUTCH DEL ARRANQUE,1.2
CHAMPION,CAMBIO DE RODAMIENTO O BUJE DE CLUTCH DEL ARRANQUE,1.2
DISCOVER 125 ST,CAMBIO DE RODAMIENTO O BUJE DE CLUTCH DEL ARRANQUE,1.2
BOXER BM 150,CAMBIO DE RODAMIENTO O BUJE DE CLUTCH DEL ARRANQUE,1.4
BOXER BM 100 ES,CAMBIO DE RODAMIENTO O BUJE DE CLUTCH DEL ARRANQUE,1.4
PLATINO 125,CAMBIO DE RODAMIENTO O BUJE DE CLUTCH DEL ARRANQUE,1.4
PLATINO 125 - 5S,CAMBIO DE RODAMIENTO O BUJE DE CLUTCH DEL ARRANQUE,1.4
PLATINO 110,CAMBIO DE RODAMIENTO O BUJE DE CLUTCH DEL ARRANQUE,1.4
KLX 150,CAMBIO DE RODAMIENTO O BUJE DE CLUTCH DEL ARRANQUE,1.4
KLX150  L,CAMBIO DE RODAMIENTO O BUJE DE CLUTCH DEL ARRANQUE,1.4
KLX 250,CAMBIO DE RODAMIENTO O BUJE DE CLUTCH DEL ARRANQUE,1.3
NINJA 250 FI,CAMBIO DE RODAMIENTO O BUJE DE CLUTCH DEL ARRANQUE,1.5
Z250,CAMBIO DE RODAMIENTO O BUJE DE CLUTCH DEL ARRANQUE,1.5
Z250 SL,CAMBIO DE RODAMIENTO O BUJE DE CLUTCH DEL ARRANQUE,1.5
ER-6n,CAMBIO DE RODAMIENTO O BUJE DE CLUTCH DEL ARRANQUE,2
TRANS-SPORT,CAMBIO DE RODAMIENTO O BUJE DE CLUTCH DEL ARRANQUE,0.8
MRX 150,CAMBIO DE RODAMIENTO O BUJE DE CLUTCH DEL ARRANQUE,1.2
FURAX,CAMBIO DE RODAMIENTO O BUJE DE CLUTCH DEL ARRANQUE,0.8
BOMBER 125,CAMBIO DE RODAMIENTO O BUJE DE CLUTCH DEL ARRANQUE,1
BOMBER 250,CAMBIO DE RODAMIENTO O BUJE DE CLUTCH DEL ARRANQUE,1
COMBAT 125,CAMBIO DE RODAMIENTO O BUJE DE CLUTCH DEL ARRANQUE,1
ONE,CAMBIO DE RODAMIENTO O BUJE DE CLUTCH DEL ARRANQUE,1.2
FLOW,CAMBIO DE RODAMIENTO O BUJE DE CLUTCH DEL ARRANQUE,1.2
ADVANCE II LF,CAMBIO DE RODAMIENTO O BUJE DE CLUTCH DEL ARRANQUE,1.2
ZONTES 155,CAMBIO DE RODAMIENTO O BUJE DE CLUTCH DEL ARRANQUE,1.5
SHOCK,CAMBIO DE RODAMIENTO O BUJE DE CLUTCH DEL ARRANQUE,1.2
TNT150i,CAMBIO DE RODAMIENTO O BUJE DE CLUTCH DEL ARRANQUE,1.5
180S,CAMBIO DE RODAMIENTO O BUJE DE CLUTCH DEL ARRANQUE,1.5
TNT25N,CAMBIO DE RODAMIENTO O BUJE DE CLUTCH DEL ARRANQUE,1.5
LEONCINO 500,CAMBIO DE RODAMIENTO O BUJE DE CLUTCH DEL ARRANQUE,2
LEONCINO 250,CAMBIO DE RODAMIENTO O BUJE DE CLUTCH DEL ARRANQUE,1.5
TRK 500X,CAMBIO DE RODAMIENTO O BUJE DE CLUTCH DEL ARRANQUE,2
TRK 251,CAMBIO DE RODAMIENTO O BUJE DE CLUTCH DEL ARRANQUE,1.5
302 S,CAMBIO DE RODAMIENTO O BUJE DE CLUTCH DEL ARRANQUE,1.5
PULSAR 135,CAMBIO BASE PIÑON DE ARRANQUE,1.8
Perseo,CAMBIO BASE PIÑON DE ARRANQUE,1.8
PULSAR,CAMBIO BASE PIÑON DE ARRANQUE,1.8
PULSAR 180 UG,CAMBIO BASE PIÑON DE ARRANQUE,1.8
PULSAR 150,CAMBIO BASE PIÑON DE ARRANQUE,1.8
THOR 160,CAMBIO BASE PIÑON DE ARRANQUE,1.8
PULSAR 200,CAMBIO BASE PIÑON DE ARRANQUE,1.8
PULSAR 220,CAMBIO BASE PIÑON DE ARRANQUE,1.8
AVENGER 220,CAMBIO BASE PIÑON DE ARRANQUE,1.8
DISCOVER 100 5S,CAMBIO BASE PIÑON DE ARRANQUE,1.8
DISCOVER 150,CAMBIO BASE PIÑON DE ARRANQUE,1.8
CHAMPION,CAMBIO BASE PIÑON DE ARRANQUE,1.8
DISCOVER 125 ST,CAMBIO BASE PIÑON DE ARRANQUE,1.8
TRANS-SPORT,CAMBIO BASE PIÑON DE ARRANQUE,1.8
BOMBER 250,CAMBIO BASE PIÑON DE ARRANQUE,1.5
TOP BOY,CAMBIO Y/O REPARACION DE LOS ROLEX,1
AGILITY,CAMBIO Y/O REPARACION DE LOS ROLEX,1
AGILITY RS,CAMBIO Y/O REPARACION DE LOS ROLEX,1
AGILITY CITY 150,CAMBIO Y/O REPARACION DE LOS ROLEX,1
BET & WIN,CAMBIO Y/O REPARACION DE LOS ROLEX,1
AGILITY RS  NAKED,CAMBIO Y/O REPARACION DE LOS ROLEX,1
SUPER 8,CAMBIO Y/O REPARACION DE LOS ROLEX,1
GACELA,CAMBIO Y/O REPARACION DE LOS ROLEX,1
CRUCERO             x-town 300,CAMBIO Y/O REPARACION DE LOS ROLEX,1
ROCKET,CAMBIO Y/O REPARACION DE LOS ROLEX,1
FLY 125,CAMBIO Y/O REPARACION DE LOS ROLEX,1
TWIST,CAMBIO Y/O REPARACION DE LOS ROLEX,1
UNI-K 110,CAMBIO Y/O REPARACION DE LOS ROLEX,1.2
TRACK,CAMBIO Y/O REPARACION DE LOS ROLEX,1.2
MRX 150,CAMBIO Y/O REPARACION DE LOS ROLEX,1.2
ZS,CAMBIO Y/O REPARACION DE LOS ROLEX,1
LIFE,CAMBIO Y/O REPARACION DE LOS ROLEX,1
HUNTER,CAMBIO Y/O REPARACION DE LOS ROLEX,1
BLACK,CAMBIO Y/O REPARACION DE LOS ROLEX,1
ONE,CAMBIO Y/O REPARACION DE LOS ROLEX,1.2
ZONTES 310M,CAMBIO Y/O REPARACION DE LOS ROLEX,1
BET & WIN,CAMBIO RADIADOR Y/O LIMPIEZA DEL SISTEMA,2
THOR 160,CAMBIO RADIADOR Y/O LIMPIEZA DEL SISTEMA,1
PULSAR 200,CAMBIO RADIADOR Y/O LIMPIEZA DEL SISTEMA,2
PULSAR 200 AS,CAMBIO RADIADOR Y/O LIMPIEZA DEL SISTEMA,2
PULSAR 200 NS,CAMBIO RADIADOR Y/O LIMPIEZA DEL SISTEMA,2
TITAN,CAMBIO RADIADOR Y/O LIMPIEZA DEL SISTEMA,2.5
PULSAR  RS 200,CAMBIO RADIADOR Y/O LIMPIEZA DEL SISTEMA,2.5
PULSAR 220,CAMBIO RADIADOR Y/O LIMPIEZA DEL SISTEMA,1
AVENGER 220,CAMBIO RADIADOR Y/O LIMPIEZA DEL SISTEMA,1
TORITO,CAMBIO RADIADOR Y/O LIMPIEZA DEL SISTEMA,1
KMX,CAMBIO RADIADOR Y/O LIMPIEZA DEL SISTEMA,1
KLX 250,CAMBIO RADIADOR Y/O LIMPIEZA DEL SISTEMA,2
NINJA 250,CAMBIO RADIADOR Y/O LIMPIEZA DEL SISTEMA,2
NINJA 250 FI,CAMBIO RADIADOR Y/O LIMPIEZA DEL SISTEMA,2
Z250,CAMBIO RADIADOR Y/O LIMPIEZA DEL SISTEMA,2
Z250 SL,CAMBIO RADIADOR Y/O LIMPIEZA DEL SISTEMA,2
ER-6n,CAMBIO RADIADOR Y/O LIMPIEZA DEL SISTEMA,1.5
VENOM 400,CAMBIO RADIADOR Y/O LIMPIEZA DEL SISTEMA,1.5
VENOM 250,CAMBIO RADIADOR Y/O LIMPIEZA DEL SISTEMA,2
ZONTES 155,CAMBIO RADIADOR Y/O LIMPIEZA DEL SISTEMA,1.4
ZONTES 310M,CAMBIO RADIADOR Y/O LIMPIEZA DEL SISTEMA,2
TNT150i,CAMBIO RADIADOR Y/O LIMPIEZA DEL SISTEMA,1.4
180S,CAMBIO RADIADOR Y/O LIMPIEZA DEL SISTEMA,1.6
TNT25N,CAMBIO RADIADOR Y/O LIMPIEZA DEL SISTEMA,2
LEONCINO 500,CAMBIO RADIADOR Y/O LIMPIEZA DEL SISTEMA,1.5
LEONCINO 250,CAMBIO RADIADOR Y/O LIMPIEZA DEL SISTEMA,2
TRK 500X,CAMBIO RADIADOR Y/O LIMPIEZA DEL SISTEMA,1.5
TRK 251,CAMBIO RADIADOR Y/O LIMPIEZA DEL SISTEMA,2
302 S,CAMBIO RADIADOR Y/O LIMPIEZA DEL SISTEMA,2
BET & WIN,CAMBIO  VENTILADOR O EXTRACTOR,1.5
PULSAR 200,CAMBIO  VENTILADOR O EXTRACTOR,1.5
PULSAR 200 AS,CAMBIO  VENTILADOR O EXTRACTOR,1.5
PULSAR 200 NS,CAMBIO  VENTILADOR O EXTRACTOR,1.5
TITAN,CAMBIO  VENTILADOR O EXTRACTOR,2
PULSAR  RS 200,CAMBIO  VENTILADOR O EXTRACTOR,2
KLX 250,CAMBIO  VENTILADOR O EXTRACTOR,1.7
NINJA 250,CAMBIO  VENTILADOR O EXTRACTOR,1.5
NINJA 250 FI,CAMBIO  VENTILADOR O EXTRACTOR,2
Z250,CAMBIO  VENTILADOR O EXTRACTOR,2
Z250 SL,CAMBIO  VENTILADOR O EXTRACTOR,2
ER-6n,CAMBIO  VENTILADOR O EXTRACTOR,1.2
VENOM 400,CAMBIO  VENTILADOR O EXTRACTOR,1
VENOM 250,CAMBIO  VENTILADOR O EXTRACTOR,1.5
ZONTES 310M,CAMBIO  VENTILADOR O EXTRACTOR,2
180S,CAMBIO  VENTILADOR O EXTRACTOR,1.2
TNT25N,CAMBIO  VENTILADOR O EXTRACTOR,2
LEONCINO 500,CAMBIO  VENTILADOR O EXTRACTOR,1.2
LEONCINO 250,CAMBIO  VENTILADOR O EXTRACTOR,2
TRK 500X,CAMBIO  VENTILADOR O EXTRACTOR,1.2
TRK 251,CAMBIO  VENTILADOR O EXTRACTOR,2
302 S,CAMBIO  VENTILADOR O EXTRACTOR,1.4
BET & WIN,CAMBIO LIQUIDO REFRIGERANTE,0.7
PULSAR 200,CAMBIO LIQUIDO REFRIGERANTE,0.5
PULSAR 200 AS,CAMBIO LIQUIDO REFRIGERANTE,0.5
PULSAR 200 NS,CAMBIO LIQUIDO REFRIGERANTE,0.5
TITAN,CAMBIO LIQUIDO REFRIGERANTE,1
PULSAR  RS 200,CAMBIO LIQUIDO REFRIGERANTE,1
KMX,CAMBIO LIQUIDO REFRIGERANTE,0.5
KLX 250,CAMBIO LIQUIDO REFRIGERANTE,0.5
NINJA 250,CAMBIO LIQUIDO REFRIGERANTE,0.5
NINJA 250 FI,CAMBIO LIQUIDO REFRIGERANTE,0.5
Z250,CAMBIO LIQUIDO REFRIGERANTE,0.5
Z250 SL,CAMBIO LIQUIDO REFRIGERANTE,0.5
ER-6n,CAMBIO LIQUIDO REFRIGERANTE,0.5
VENOM 400,CAMBIO LIQUIDO REFRIGERANTE,0.8
VENOM 250,CAMBIO LIQUIDO REFRIGERANTE,0.5
ZONTES 310M,CAMBIO LIQUIDO REFRIGERANTE,1.5
180S,CAMBIO LIQUIDO REFRIGERANTE,0.5
TNT25N,CAMBIO LIQUIDO REFRIGERANTE,0.5
LEONCINO 500,CAMBIO LIQUIDO REFRIGERANTE,0.5
LEONCINO 250,CAMBIO LIQUIDO REFRIGERANTE,0.5
TRK 500X,CAMBIO LIQUIDO REFRIGERANTE,0.5
TRK 251,CAMBIO LIQUIDO REFRIGERANTE,0.5
302 S,CAMBIO LIQUIDO REFRIGERANTE,0.5
BET & WIN,CAMBIO SELLO MECÁNICO,3
PULSAR 200,CAMBIO SELLO MECÁNICO,7.5
PULSAR 200 AS,CAMBIO SELLO MECÁNICO,1
PULSAR 200 NS,CAMBIO SELLO MECÁNICO,1
TITAN,CAMBIO SELLO MECÁNICO,1.1
PULSAR  RS 200,CAMBIO SELLO MECÁNICO,1.1
KMX,CAMBIO SELLO MECÁNICO,1.5
KLX 250,CAMBIO SELLO MECÁNICO,1
NINJA 250,CAMBIO SELLO MECÁNICO,1.5
NINJA 250 FI,CAMBIO SELLO MECÁNICO,1.5
Z250,CAMBIO SELLO MECÁNICO,1.5
Z250 SL,CAMBIO SELLO MECÁNICO,1.5
ER-6n,CAMBIO SELLO MECÁNICO,1.5
VENOM 400,CAMBIO SELLO MECÁNICO,1.5
VENOM 250,CAMBIO SELLO MECÁNICO,1
ZONTES 155,CAMBIO SELLO MECÁNICO,1.5
ZONTES 310M,CAMBIO SELLO MECÁNICO,2
TNT150i,CAMBIO SELLO MECÁNICO,1.5
180S,CAMBIO SELLO MECÁNICO,1.5
TNT25N,CAMBIO SELLO MECÁNICO,1.5
LEONCINO 500,CAMBIO SELLO MECÁNICO,1.5
LEONCINO 250,CAMBIO SELLO MECÁNICO,1.5
TRK 500X,CAMBIO SELLO MECÁNICO,1.5
TRK 251,CAMBIO SELLO MECÁNICO,1.5
302 S,CAMBIO SELLO MECÁNICO,1.5
BET & WIN,CAMBIO RECIPIENTE DE REFRIGERANTE,1.5
PULSAR 200,CAMBIO RECIPIENTE DE REFRIGERANTE,0.5
PULSAR 200 AS,CAMBIO RECIPIENTE DE REFRIGERANTE,0.3
PULSAR 200 NS,CAMBIO RECIPIENTE DE REFRIGERANTE,0.3
TITAN,CAMBIO RECIPIENTE DE REFRIGERANTE,0.8
PULSAR  RS 200,CAMBIO RECIPIENTE DE REFRIGERANTE,0.8
KMX,CAMBIO RECIPIENTE DE REFRIGERANTE,0.5
KLX 250,CAMBIO RECIPIENTE DE REFRIGERANTE,0.5
NINJA 250,CAMBIO RECIPIENTE DE REFRIGERANTE,0.5
NINJA 250 FI,CAMBIO RECIPIENTE DE REFRIGERANTE,0.5
Z250,CAMBIO RECIPIENTE DE REFRIGERANTE,0.5
Z250 SL,CAMBIO RECIPIENTE DE REFRIGERANTE,0.5
ER-6n,CAMBIO RECIPIENTE DE REFRIGERANTE,0.3
VENOM 400,CAMBIO RECIPIENTE DE REFRIGERANTE,0.8
VENOM 250,CAMBIO RECIPIENTE DE REFRIGERANTE,0.3
ZONTES 155,CAMBIO RECIPIENTE DE REFRIGERANTE,1
ZONTES 310M,CAMBIO RECIPIENTE DE REFRIGERANTE,2
TNT25N,CAMBIO RECIPIENTE DE REFRIGERANTE,0.8
LEONCINO 500,CAMBIO RECIPIENTE DE REFRIGERANTE,0.3
LEONCINO 250,CAMBIO RECIPIENTE DE REFRIGERANTE,0.8
TRK 500X,CAMBIO RECIPIENTE DE REFRIGERANTE,0.3
TRK 251,CAMBIO RECIPIENTE DE REFRIGERANTE,0.8
302 S,CAMBIO RECIPIENTE DE REFRIGERANTE,0.8
BET & WIN,CAMBIO EMPAQUE DE  LA TAPA DE LA BOMBA DE REFRIGERANTE O IMPELLER,0.7
PULSAR 200,CAMBIO EMPAQUE DE  LA TAPA DE LA BOMBA DE REFRIGERANTE O IMPELLER,0.8
PULSAR 200 AS,CAMBIO EMPAQUE DE  LA TAPA DE LA BOMBA DE REFRIGERANTE O IMPELLER,0.8
PULSAR 200 NS,CAMBIO EMPAQUE DE  LA TAPA DE LA BOMBA DE REFRIGERANTE O IMPELLER,0.8
TITAN,CAMBIO EMPAQUE DE  LA TAPA DE LA BOMBA DE REFRIGERANTE O IMPELLER,0.9
PULSAR  RS 200,CAMBIO EMPAQUE DE  LA TAPA DE LA BOMBA DE REFRIGERANTE O IMPELLER,0.9
KMX,CAMBIO EMPAQUE DE  LA TAPA DE LA BOMBA DE REFRIGERANTE O IMPELLER,0.7
KLX 250,CAMBIO EMPAQUE DE  LA TAPA DE LA BOMBA DE REFRIGERANTE O IMPELLER,0.7
NINJA 250,CAMBIO EMPAQUE DE  LA TAPA DE LA BOMBA DE REFRIGERANTE O IMPELLER,0.8
NINJA 250 FI,CAMBIO EMPAQUE DE  LA TAPA DE LA BOMBA DE REFRIGERANTE O IMPELLER,0.8
Z250,CAMBIO EMPAQUE DE  LA TAPA DE LA BOMBA DE REFRIGERANTE O IMPELLER,0.7
Z250 SL,CAMBIO EMPAQUE DE  LA TAPA DE LA BOMBA DE REFRIGERANTE O IMPELLER,0.7
ER-6n,CAMBIO EMPAQUE DE  LA TAPA DE LA BOMBA DE REFRIGERANTE O IMPELLER,0.7
VENOM 400,CAMBIO EMPAQUE DE  LA TAPA DE LA BOMBA DE REFRIGERANTE O IMPELLER,0.8
VENOM 250,CAMBIO EMPAQUE DE  LA TAPA DE LA BOMBA DE REFRIGERANTE O IMPELLER,0.8
ZONTES 155,CAMBIO EMPAQUE DE  LA TAPA DE LA BOMBA DE REFRIGERANTE O IMPELLER,0.7
ZONTES 310M,CAMBIO EMPAQUE DE  LA TAPA DE LA BOMBA DE REFRIGERANTE O IMPELLER,2
TNT150i,CAMBIO EMPAQUE DE  LA TAPA DE LA BOMBA DE REFRIGERANTE O IMPELLER,0.7
180S,CAMBIO EMPAQUE DE  LA TAPA DE LA BOMBA DE REFRIGERANTE O IMPELLER,0.7
TNT25N,CAMBIO EMPAQUE DE  LA TAPA DE LA BOMBA DE REFRIGERANTE O IMPELLER,0.8
LEONCINO 500,CAMBIO EMPAQUE DE  LA TAPA DE LA BOMBA DE REFRIGERANTE O IMPELLER,0.7
LEONCINO 250,CAMBIO EMPAQUE DE  LA TAPA DE LA BOMBA DE REFRIGERANTE O IMPELLER,0.7
TRK 500X,CAMBIO EMPAQUE DE  LA TAPA DE LA BOMBA DE REFRIGERANTE O IMPELLER,0.7
TRK 251,CAMBIO EMPAQUE DE  LA TAPA DE LA BOMBA DE REFRIGERANTE O IMPELLER,0.7
302 S,CAMBIO EMPAQUE DE  LA TAPA DE LA BOMBA DE REFRIGERANTE O IMPELLER,0.8
THOR 160,CAMBIO SENSOR PRESION ACEITE,1
PULSAR 200,CAMBIO SENSOR PRESION ACEITE,1
PULSAR 150 NS,CAMBIO SENSOR PRESION ACEITE,1
PULSAR 150 AS,CAMBIO SENSOR PRESION ACEITE,1
PULSAR 200 AS,CAMBIO SENSOR PRESION ACEITE,1
PULSAR 200 NS,CAMBIO SENSOR PRESION ACEITE,1
TITAN,CAMBIO SENSOR PRESION ACEITE,1.5
PULSAR  RS 200,CAMBIO SENSOR PRESION ACEITE,1.5
NINJA 250 FI,CAMBIO SENSOR PRESION ACEITE,0.5
Z250,CAMBIO SENSOR PRESION ACEITE,0.5
VENOM 250,CAMBIO SENSOR PRESION ACEITE,1
ZONTES 155,CAMBIO SENSOR PRESION ACEITE,0.5
ZONTES 310M,CAMBIO SENSOR PRESION ACEITE,2
TNT150i,CAMBIO SENSOR PRESION ACEITE,0.5
180S,CAMBIO SENSOR PRESION ACEITE,0.5
TNT25N,CAMBIO SENSOR PRESION ACEITE,0.5
LEONCINO 500,CAMBIO SENSOR PRESION ACEITE,0.5
LEONCINO 250,CAMBIO SENSOR PRESION ACEITE,0.5
TRK 500X,CAMBIO SENSOR PRESION ACEITE,0.5
TRK 251,CAMBIO SENSOR PRESION ACEITE,0.5
302 S,CAMBIO SENSOR PRESION ACEITE,0.5
BET & WIN,CAMBIO TERMOSTATO,1
PULSAR 200,CAMBIO TERMOSTATO,1.5
PULSAR 200 AS,CAMBIO TERMOSTATO,1
PULSAR 200 NS,CAMBIO TERMOSTATO,1
TITAN,CAMBIO TERMOSTATO,1.5
PULSAR  RS 200,CAMBIO TERMOSTATO,1.5
KMX,CAMBIO TERMOSTATO,0.8
KLX 250,CAMBIO TERMOSTATO,0.7
NINJA 250,CAMBIO TERMOSTATO,0.8
NINJA 250 FI,CAMBIO TERMOSTATO,0.8
Z250,CAMBIO TERMOSTATO,0.8
Z250 SL,CAMBIO TERMOSTATO,0.8
ER-6n,CAMBIO TERMOSTATO,1.5
VENOM 400,CAMBIO TERMOSTATO,1
VENOM 250,CAMBIO TERMOSTATO,1
ZONTES 155,CAMBIO TERMOSTATO,0.8
ZONTES 310M,CAMBIO TERMOSTATO,2.5
TNT150i,CAMBIO TERMOSTATO,0.8
180S,CAMBIO TERMOSTATO,0.8
TNT25N,CAMBIO TERMOSTATO,0.8
LEONCINO 500,CAMBIO TERMOSTATO,1.5
LEONCINO 250,CAMBIO TERMOSTATO,0.8
TRK 500X,CAMBIO TERMOSTATO,1.5
TRK 251,CAMBIO TERMOSTATO,0.8
302 S,CAMBIO TERMOSTATO,0.8
TOP BOY,CAMBIO CORAZA DE REFRIGERACION DE CILINDRO. CULATA Y/O BUJIA,0.8
AGILITY,CAMBIO CORAZA DE REFRIGERACION DE CILINDRO. CULATA Y/O BUJIA,1.2
AGILITY RS,CAMBIO CORAZA DE REFRIGERACION DE CILINDRO. CULATA Y/O BUJIA,1.2
AGILITY CITY 150,CAMBIO CORAZA DE REFRIGERACION DE CILINDRO. CULATA Y/O BUJIA,1.2
AGILITY RS  NAKED,CAMBIO CORAZA DE REFRIGERACION DE CILINDRO. CULATA Y/O BUJIA,1.2
SUPER 8,CAMBIO CORAZA DE REFRIGERACION DE CILINDRO. CULATA Y/O BUJIA,1.2
GACELA,CAMBIO CORAZA DE REFRIGERACION DE CILINDRO. CULATA Y/O BUJIA,1.2
ROCKET,CAMBIO CORAZA DE REFRIGERACION DE CILINDRO. CULATA Y/O BUJIA,1.2
FLY 125,CAMBIO CORAZA DE REFRIGERACION DE CILINDRO. CULATA Y/O BUJIA,1.2
TWIST,CAMBIO CORAZA DE REFRIGERACION DE CILINDRO. CULATA Y/O BUJIA,1.2
PULSAR 150 NS,CAMBIO CORAZA DE REFRIGERACION DE CILINDRO. CULATA Y/O BUJIA,0.5
MOTOCARRO 4T,CAMBIO CORAZA DE REFRIGERACION DE CILINDRO. CULATA Y/O BUJIA,0.5
TORITO,CAMBIO CORAZA DE REFRIGERACION DE CILINDRO. CULATA Y/O BUJIA,0.5
ZS,CAMBIO CORAZA DE REFRIGERACION DE CILINDRO. CULATA Y/O BUJIA,1.2
LIFE,CAMBIO CORAZA DE REFRIGERACION DE CILINDRO. CULATA Y/O BUJIA,1.2
HUNTER,CAMBIO CORAZA DE REFRIGERACION DE CILINDRO. CULATA Y/O BUJIA,1.5
BLACK,CAMBIO CORAZA DE REFRIGERACION DE CILINDRO. CULATA Y/O BUJIA,1.5
ZONTES 310M,CAMBIO CORAZA DE REFRIGERACION DE CILINDRO. CULATA Y/O BUJIA,1.5
BET & WIN,CAMBIO SENSOR DE TEMPERATURA,0.7
PULSAR 135,CAMBIO SENSOR DE TEMPERATURA,0.2
Perseo,CAMBIO SENSOR DE TEMPERATURA,0.2
PULSAR 180 UG,CAMBIO SENSOR DE TEMPERATURA,0.2
PULSAR 150,CAMBIO SENSOR DE TEMPERATURA,0.2
THOR 160,CAMBIO SENSOR DE TEMPERATURA,0.2
PULSAR 200,CAMBIO SENSOR DE TEMPERATURA,1.5
PULSAR 150 NS,CAMBIO SENSOR DE TEMPERATURA,1
PULSAR 150 AS,CAMBIO SENSOR DE TEMPERATURA,1.5
PULSAR 200 AS,CAMBIO SENSOR DE TEMPERATURA,1.5
PULSAR 200 NS,CAMBIO SENSOR DE TEMPERATURA,1
TITAN,CAMBIO SENSOR DE TEMPERATURA,1.5
PULSAR  RS 200,CAMBIO SENSOR DE TEMPERATURA,1.5
PULSAR 220,CAMBIO SENSOR DE TEMPERATURA,0.2
XCD,CAMBIO SENSOR DE TEMPERATURA,0.2
DISCOVER 100,CAMBIO SENSOR DE TEMPERATURA,0.2
DISCOVER 100 5S,CAMBIO SENSOR DE TEMPERATURA,0.2
DISCOVER 150,CAMBIO SENSOR DE TEMPERATURA,0.2
CHAMPION,CAMBIO SENSOR DE TEMPERATURA,0.2
DISCOVER 125 ST,CAMBIO SENSOR DE TEMPERATURA,0.2
PLATINO 125,CAMBIO SENSOR DE TEMPERATURA,0.2
KMX,CAMBIO SENSOR DE TEMPERATURA,0.5
KLX 250,CAMBIO SENSOR DE TEMPERATURA,0.6
NINJA 250,CAMBIO SENSOR DE TEMPERATURA,0.6
NINJA 250 FI,CAMBIO SENSOR DE TEMPERATURA,0.8
Z250,CAMBIO SENSOR DE TEMPERATURA,0.8
Z250 SL,CAMBIO SENSOR DE TEMPERATURA,0.7
ER-6n,CAMBIO SENSOR DE TEMPERATURA,1
BLACK,CAMBIO SENSOR DE TEMPERATURA,1
VENOM 400,CAMBIO SENSOR DE TEMPERATURA,0.5
VENOM 250,CAMBIO SENSOR DE TEMPERATURA,1
ZONTES 155,CAMBIO SENSOR DE TEMPERATURA,0.8
ZONTES 310M,CAMBIO SENSOR DE TEMPERATURA,1
TNT150i,CAMBIO SENSOR DE TEMPERATURA,0.8
180S,CAMBIO SENSOR DE TEMPERATURA,0.8
TNT25N,CAMBIO SENSOR DE TEMPERATURA,0.8
LEONCINO 500,CAMBIO SENSOR DE TEMPERATURA,1
LEONCINO 250,CAMBIO SENSOR DE TEMPERATURA,0.8
TRK 500X,CAMBIO SENSOR DE TEMPERATURA,1
TRK 251,CAMBIO SENSOR DE TEMPERATURA,0.8
302 S,CAMBIO SENSOR DE TEMPERATURA,0.8
TOP BOY,CAMBIO VENTILADOR VOLANTE,0.4
AGILITY,CAMBIO VENTILADOR VOLANTE,0.4
AGILITY RS,CAMBIO VENTILADOR VOLANTE,0.4
AGILITY CITY 150,CAMBIO VENTILADOR VOLANTE,0.4
AGILITY RS  NAKED,CAMBIO VENTILADOR VOLANTE,0.4
SUPER 8,CAMBIO VENTILADOR VOLANTE,0.4
GACELA,CAMBIO VENTILADOR VOLANTE,0.4
ROCKET,CAMBIO VENTILADOR VOLANTE,0.4
FLY 125,CAMBIO VENTILADOR VOLANTE,0.4
TWIST,CAMBIO VENTILADOR VOLANTE,0.4
MOTOCARRO 4T,CAMBIO VENTILADOR VOLANTE,0.8
TORITO,CAMBIO VENTILADOR VOLANTE,0.8
ZS,CAMBIO VENTILADOR VOLANTE,0.4
LIFE,CAMBIO VENTILADOR VOLANTE,0.4
HUNTER,CAMBIO VENTILADOR VOLANTE,0.4
BLACK,CAMBIO VENTILADOR VOLANTE,0.4
ZONTES 310M,CAMBIO VENTILADOR VOLANTE,0.4
BET & WIN,CAMBIO Y/O REVISION DEL SENSOR DEL MOTOR VENTILADOR,1.3
KLX 250,CAMBIO Y/O REVISION DEL SENSOR DEL MOTOR VENTILADOR,1.3
NINJA 250,CAMBIO Y/O REVISION DEL SENSOR DEL MOTOR VENTILADOR,1.3
NINJA 250 FI,CAMBIO Y/O REVISION DEL SENSOR DEL MOTOR VENTILADOR,1.3
Z250,CAMBIO Y/O REVISION DEL SENSOR DEL MOTOR VENTILADOR,1.3
Z250 SL,CAMBIO Y/O REVISION DEL SENSOR DEL MOTOR VENTILADOR,1.3
ER-6n,CAMBIO Y/O REVISION DEL SENSOR DEL MOTOR VENTILADOR,1
VENOM 400,CAMBIO Y/O REVISION DEL SENSOR DEL MOTOR VENTILADOR,0.5
ZONTES 155,CAMBIO Y/O REVISION DEL SENSOR DEL MOTOR VENTILADOR,1.3
ZONTES 310M,CAMBIO Y/O REVISION DEL SENSOR DEL MOTOR VENTILADOR,1
TNT150i,CAMBIO Y/O REVISION DEL SENSOR DEL MOTOR VENTILADOR,1.3
180S,CAMBIO Y/O REVISION DEL SENSOR DEL MOTOR VENTILADOR,1.3
TNT25N,CAMBIO Y/O REVISION DEL SENSOR DEL MOTOR VENTILADOR,1.3
LEONCINO 500,CAMBIO Y/O REVISION DEL SENSOR DEL MOTOR VENTILADOR,1
LEONCINO 250,CAMBIO Y/O REVISION DEL SENSOR DEL MOTOR VENTILADOR,1
TRK 500X,CAMBIO Y/O REVISION DEL SENSOR DEL MOTOR VENTILADOR,1
TRK 251,CAMBIO Y/O REVISION DEL SENSOR DEL MOTOR VENTILADOR,1
302 S,CAMBIO Y/O REVISION DEL SENSOR DEL MOTOR VENTILADOR,1.3
BET & WIN,CAMBIO MANGUERAS DEL RADIADOR,1.7
THOR 160,CAMBIO MANGUERAS DEL RADIADOR,0.4
PULSAR 200,CAMBIO MANGUERAS DEL RADIADOR,1
PULSAR 200 AS,CAMBIO MANGUERAS DEL RADIADOR,1
PULSAR 200 NS,CAMBIO MANGUERAS DEL RADIADOR,1
TITAN,CAMBIO MANGUERAS DEL RADIADOR,1.5
PULSAR  RS 200,CAMBIO MANGUERAS DEL RADIADOR,1.5
PULSAR 220,CAMBIO MANGUERAS DEL RADIADOR,0.4
AVENGER 220,CAMBIO MANGUERAS DEL RADIADOR,0.4
TORITO,CAMBIO MANGUERAS DEL RADIADOR,1
KMX,CAMBIO MANGUERAS DEL RADIADOR,1
KLX 250,CAMBIO MANGUERAS DEL RADIADOR,1
NINJA 250,CAMBIO MANGUERAS DEL RADIADOR,1
NINJA 250 FI,CAMBIO MANGUERAS DEL RADIADOR,1
Z250,CAMBIO MANGUERAS DEL RADIADOR,1
Z250 SL,CAMBIO MANGUERAS DEL RADIADOR,1
ER-6n,CAMBIO MANGUERAS DEL RADIADOR,1
VENOM 400,CAMBIO MANGUERAS DEL RADIADOR,1.5
VENOM 250,CAMBIO MANGUERAS DEL RADIADOR,1
ZONTES 155,CAMBIO MANGUERAS DEL RADIADOR,1
ZONTES 310M,CAMBIO MANGUERAS DEL RADIADOR,2.5
TNT150i,CAMBIO MANGUERAS DEL RADIADOR,1
180S,CAMBIO MANGUERAS DEL RADIADOR,1
TNT25N,CAMBIO MANGUERAS DEL RADIADOR,1
LEONCINO 500,CAMBIO MANGUERAS DEL RADIADOR,1
LEONCINO 250,CAMBIO MANGUERAS DEL RADIADOR,1
TRK 500X,CAMBIO MANGUERAS DEL RADIADOR,1
TRK 251,CAMBIO MANGUERAS DEL RADIADOR,1
302 S,CAMBIO MANGUERAS DEL RADIADOR,1
BET & WIN,CAMBIO BOMBA DE AGUA O IMPELLER,3
PULSAR 200,CAMBIO BOMBA DE AGUA O IMPELLER,1
PULSAR 200 AS,CAMBIO BOMBA DE AGUA O IMPELLER,1
PULSAR 200 NS,CAMBIO BOMBA DE AGUA O IMPELLER,1
TITAN,CAMBIO BOMBA DE AGUA O IMPELLER,1.1
PULSAR  RS 200,CAMBIO BOMBA DE AGUA O IMPELLER,1.1
KMX,CAMBIO BOMBA DE AGUA O IMPELLER,1.5
KLX 250,CAMBIO BOMBA DE AGUA O IMPELLER,1
NINJA 250,CAMBIO BOMBA DE AGUA O IMPELLER,1
NINJA 250 FI,CAMBIO BOMBA DE AGUA O IMPELLER,1
Z250,CAMBIO BOMBA DE AGUA O IMPELLER,1
Z250 SL,CAMBIO BOMBA DE AGUA O IMPELLER,1
ER-6n,CAMBIO BOMBA DE AGUA O IMPELLER,0.7
VENOM 400,CAMBIO BOMBA DE AGUA O IMPELLER,1.5
VENOM 250,CAMBIO BOMBA DE AGUA O IMPELLER,1
ZONTES 155,CAMBIO BOMBA DE AGUA O IMPELLER,1
ZONTES 310M,CAMBIO BOMBA DE AGUA O IMPELLER,2
TNT150i,CAMBIO BOMBA DE AGUA O IMPELLER,1
180S,CAMBIO BOMBA DE AGUA O IMPELLER,1
TNT25N,CAMBIO BOMBA DE AGUA O IMPELLER,1
LEONCINO 500,CAMBIO BOMBA DE AGUA O IMPELLER,0.7
LEONCINO 250,CAMBIO BOMBA DE AGUA O IMPELLER,1
TRK 500X,CAMBIO BOMBA DE AGUA O IMPELLER,0.7
TRK 251,CAMBIO BOMBA DE AGUA O IMPELLER,1
302 S,CAMBIO BOMBA DE AGUA O IMPELLER,1
BET & WIN,CAMBIO RODAMIENTO EJE BOMBA,3
PULSAR 200,CAMBIO RODAMIENTO EJE BOMBA,7.5
PULSAR 200 AS,CAMBIO RODAMIENTO EJE BOMBA,7.5
PULSAR 200 NS,CAMBIO RODAMIENTO EJE BOMBA,7.5
TITAN,CAMBIO RODAMIENTO EJE BOMBA,8.5
PULSAR  RS 200,CAMBIO RODAMIENTO EJE BOMBA,8.5
KMX,CAMBIO RODAMIENTO EJE BOMBA,1.5
KLX 250,CAMBIO RODAMIENTO EJE BOMBA,1.3
NINJA 250,CAMBIO RODAMIENTO EJE BOMBA,1.5
NINJA 250 FI,CAMBIO RODAMIENTO EJE BOMBA,1.5
Z250,CAMBIO RODAMIENTO EJE BOMBA,1.5
Z250 SL,CAMBIO RODAMIENTO EJE BOMBA,1.5
ER-6n,CAMBIO RODAMIENTO EJE BOMBA,1.5
VENOM 400,CAMBIO RODAMIENTO EJE BOMBA,1.5
VENOM 250,CAMBIO RODAMIENTO EJE BOMBA,7.5
ZONTES 155,CAMBIO RODAMIENTO EJE BOMBA,1.5
ZONTES 310M,CAMBIO RODAMIENTO EJE BOMBA,2.2
TNT150i,CAMBIO RODAMIENTO EJE BOMBA,1.5
180S,CAMBIO RODAMIENTO EJE BOMBA,1.5
TNT25N,CAMBIO RODAMIENTO EJE BOMBA,1.5
LEONCINO 500,CAMBIO RODAMIENTO EJE BOMBA,1.5
LEONCINO 250,CAMBIO RODAMIENTO EJE BOMBA,1.5
TRK 500X,CAMBIO RODAMIENTO EJE BOMBA,1.5
TRK 251,CAMBIO RODAMIENTO EJE BOMBA,1.5
302 S,CAMBIO RODAMIENTO EJE BOMBA,1.5
TOP BOY,CAMBIO CADENA O BANDA DE TRACCION C/U,0.8
AGILITY,CAMBIO CADENA O BANDA DE TRACCION C/U,1
AGILITY RS,CAMBIO CADENA O BANDA DE TRACCION C/U,1
AGILITY CITY 150,CAMBIO CADENA O BANDA DE TRACCION C/U,1
BET & WIN,CAMBIO CADENA O BANDA DE TRACCION C/U,1
ACTIV,CAMBIO CADENA O BANDA DE TRACCION C/U,0.4
SPIKE,CAMBIO CADENA O BANDA DE TRACCION C/U,0.4
AGILITY RS  NAKED,CAMBIO CADENA O BANDA DE TRACCION C/U,1
SUPER 8,CAMBIO CADENA O BANDA DE TRACCION C/U,1
GACELA,CAMBIO CADENA O BANDA DE TRACCION C/U,1
CRUCERO             x-town 300,CAMBIO CADENA O BANDA DE TRACCION C/U,1
ROCKET,CAMBIO CADENA O BANDA DE TRACCION C/U,1
FLY 125,CAMBIO CADENA O BANDA DE TRACCION C/U,1
TWIST,CAMBIO CADENA O BANDA DE TRACCION C/U,1
JETIX,CAMBIO CADENA O BANDA DE TRACCION C/U,0.4
UNI-K 110,CAMBIO CADENA O BANDA DE TRACCION C/U,0.4
TRACK,CAMBIO CADENA O BANDA DE TRACCION C/U,0.4
PULSAR 135,CAMBIO CADENA O BANDA DE TRACCION C/U,0.4
Perseo,CAMBIO CADENA O BANDA DE TRACCION C/U,0.4
PULSAR,CAMBIO CADENA O BANDA DE TRACCION C/U,0.4
PULSAR 180 UG,CAMBIO CADENA O BANDA DE TRACCION C/U,0.4
PULSAR 150,CAMBIO CADENA O BANDA DE TRACCION C/U,0.4
THOR 160,CAMBIO CADENA O BANDA DE TRACCION C/U,0.4
PULSAR 200,CAMBIO CADENA O BANDA DE TRACCION C/U,0.4
PULSAR 150 NS,CAMBIO CADENA O BANDA DE TRACCION C/U,0.4
PULSAR 150 AS,CAMBIO CADENA O BANDA DE TRACCION C/U,0.4
PULSAR 200 AS,CAMBIO CADENA O BANDA DE TRACCION C/U,0.4
PULSAR 200 NS,CAMBIO CADENA O BANDA DE TRACCION C/U,0.4
TITAN,CAMBIO CADENA O BANDA DE TRACCION C/U,0.4
PULSAR  RS 200,CAMBIO CADENA O BANDA DE TRACCION C/U,0.4
PULSAR 220,CAMBIO CADENA O BANDA DE TRACCION C/U,0.4
AVENGER 220,CAMBIO CADENA O BANDA DE TRACCION C/U,0.4
XCD,CAMBIO CADENA O BANDA DE TRACCION C/U,0.4
DISCOVER 100,CAMBIO CADENA O BANDA DE TRACCION C/U,0.4
DISCOVER 135,CAMBIO CADENA O BANDA DE TRACCION C/U,0.4
BOXER,CAMBIO CADENA O BANDA DE TRACCION C/U,0.4
LEXUS,CAMBIO CADENA O BANDA DE TRACCION C/U,0.4
DISCOVER 100 5S,CAMBIO CADENA O BANDA DE TRACCION C/U,0.4
DISCOVER 150,CAMBIO CADENA O BANDA DE TRACCION C/U,0.4
CHAMPION,CAMBIO CADENA O BANDA DE TRACCION C/U,0.4
DISCOVER 125 ST,CAMBIO CADENA O BANDA DE TRACCION C/U,0.4
BOXER BM 100,CAMBIO CADENA O BANDA DE TRACCION C/U,0.4
BOXER BM 150,CAMBIO CADENA O BANDA DE TRACCION C/U,0.4
BOXER BM 100 ES,CAMBIO CADENA O BANDA DE TRACCION C/U,0.4
PLATINO 125,CAMBIO CADENA O BANDA DE TRACCION C/U,0.4
PLATINO 125 - 5S,CAMBIO CADENA O BANDA DE TRACCION C/U,0.4
PLATINO 100,CAMBIO CADENA O BANDA DE TRACCION C/U,0.4
PLATINO 110,CAMBIO CADENA O BANDA DE TRACCION C/U,0.4
FAMILLY,CAMBIO CADENA O BANDA DE TRACCION C/U,0.4
MOTOCARRO 4T,CAMBIO CADENA O BANDA DE TRACCION C/U,0.7
KAZE MAX II,CAMBIO CADENA O BANDA DE TRACCION C/U,0.4
ZX 130- MAGIC II,CAMBIO CADENA O BANDA DE TRACCION C/U,0.4
KMX,CAMBIO CADENA O BANDA DE TRACCION C/U,0.4
KLX 150,CAMBIO CADENA O BANDA DE TRACCION C/U,0.4
KLX150  L,CAMBIO CADENA O BANDA DE TRACCION C/U,0.4
KLX 250,CAMBIO CADENA O BANDA DE TRACCION C/U,0.5
NINJA 250,CAMBIO CADENA O BANDA DE TRACCION C/U,0.4
NINJA 250 FI,CAMBIO CADENA O BANDA DE TRACCION C/U,0.4
Z250,CAMBIO CADENA O BANDA DE TRACCION C/U,0.4
Z250 SL,CAMBIO CADENA O BANDA DE TRACCION C/U,0.4
ER-6n,CAMBIO CADENA O BANDA DE TRACCION C/U,1
TRANS-SPORT,CAMBIO CADENA O BANDA DE TRACCION C/U,0.4
MRX 150,CAMBIO CADENA O BANDA DE TRACCION C/U,0.4
FURAX,CAMBIO CADENA O BANDA DE TRACCION C/U,0.4
BOMBER 125,CAMBIO CADENA O BANDA DE TRACCION C/U,0.4
BOMBER 250,CAMBIO CADENA O BANDA DE TRACCION C/U,0.4
COMBAT 125,CAMBIO CADENA O BANDA DE TRACCION C/U,0.4
ZS,CAMBIO CADENA O BANDA DE TRACCION C/U,1
LIFE,CAMBIO CADENA O BANDA DE TRACCION C/U,1
HUNTER,CAMBIO CADENA O BANDA DE TRACCION C/U,1
BLACK,CAMBIO CADENA O BANDA DE TRACCION C/U,1
VENOM 250,CAMBIO CADENA O BANDA DE TRACCION C/U,0.4
ONE,CAMBIO CADENA O BANDA DE TRACCION C/U,0.4
FLOW,CAMBIO CADENA O BANDA DE TRACCION C/U,0.4
ADVANCE II LF,CAMBIO CADENA O BANDA DE TRACCION C/U,0.4
ZONTES 155,CAMBIO CADENA O BANDA DE TRACCION C/U,0.4
ZONTES 310M,CAMBIO CADENA O BANDA DE TRACCION C/U,1
SHOCK,CAMBIO CADENA O BANDA DE TRACCION C/U,0.4
TNT150i,CAMBIO CADENA O BANDA DE TRACCION C/U,0.4
180S,CAMBIO CADENA O BANDA DE TRACCION C/U,0.4
TNT25N,CAMBIO CADENA O BANDA DE TRACCION C/U,0.4
LEONCINO 500,CAMBIO CADENA O BANDA DE TRACCION C/U,1
LEONCINO 250,CAMBIO CADENA O BANDA DE TRACCION C/U,0.4
TRK 500X,CAMBIO CADENA O BANDA DE TRACCION C/U,1
TRK 251,CAMBIO CADENA O BANDA DE TRACCION C/U,0.4
302 S,CAMBIO CADENA O BANDA DE TRACCION C/U,0.4
ACTIV,CAMBIO PIÑÓN DE SALIDA (C/U),0.4
SPIKE,CAMBIO PIÑÓN DE SALIDA (C/U),0.4
JETIX,CAMBIO PIÑÓN DE SALIDA (C/U),0.4
UNI-K 110,CAMBIO PIÑÓN DE SALIDA (C/U),0.4
TRACK,CAMBIO PIÑÓN DE SALIDA (C/U),0.4
PULSAR 135,CAMBIO PIÑÓN DE SALIDA (C/U),0.4
Perseo,CAMBIO PIÑÓN DE SALIDA (C/U),0.4
PULSAR,CAMBIO PIÑÓN DE SALIDA (C/U),0.4
PULSAR 180 UG,CAMBIO PIÑÓN DE SALIDA (C/U),0.4
PULSAR 150,CAMBIO PIÑÓN DE SALIDA (C/U),0.4
THOR 160,CAMBIO PIÑÓN DE SALIDA (C/U),0.4
PULSAR 200,CAMBIO PIÑÓN DE SALIDA (C/U),0.4
PULSAR 150 NS,CAMBIO PIÑÓN DE SALIDA (C/U),0.4
PULSAR 150 AS,CAMBIO PIÑÓN DE SALIDA (C/U),0.4
PULSAR 200 AS,CAMBIO PIÑÓN DE SALIDA (C/U),0.4
PULSAR 200 NS,CAMBIO PIÑÓN DE SALIDA (C/U),0.4
TITAN,CAMBIO PIÑÓN DE SALIDA (C/U),0.4
PULSAR  RS 200,CAMBIO PIÑÓN DE SALIDA (C/U),0.4
PULSAR 220,CAMBIO PIÑÓN DE SALIDA (C/U),0.4
AVENGER 220,CAMBIO PIÑÓN DE SALIDA (C/U),0.4
XCD,CAMBIO PIÑÓN DE SALIDA (C/U),0.4
DISCOVER 100,CAMBIO PIÑÓN DE SALIDA (C/U),0.4
DISCOVER 135,CAMBIO PIÑÓN DE SALIDA (C/U),0.4
BOXER,CAMBIO PIÑÓN DE SALIDA (C/U),0.4
LEXUS,CAMBIO PIÑÓN DE SALIDA (C/U),0.4
DISCOVER 100 5S,CAMBIO PIÑÓN DE SALIDA (C/U),0.4
DISCOVER 150,CAMBIO PIÑÓN DE SALIDA (C/U),0.4
CHAMPION,CAMBIO PIÑÓN DE SALIDA (C/U),0.4
DISCOVER 125 ST,CAMBIO PIÑÓN DE SALIDA (C/U),0.4
BOXER BM 100,CAMBIO PIÑÓN DE SALIDA (C/U),0.4
BOXER BM 150,CAMBIO PIÑÓN DE SALIDA (C/U),0.4
BOXER BM 100 ES,CAMBIO PIÑÓN DE SALIDA (C/U),0.4
PLATINO 125,CAMBIO PIÑÓN DE SALIDA (C/U),0.4
PLATINO 125 - 5S,CAMBIO PIÑÓN DE SALIDA (C/U),0.4
PLATINO 100,CAMBIO PIÑÓN DE SALIDA (C/U),0.4
PLATINO 110,CAMBIO PIÑÓN DE SALIDA (C/U),0.4
FAMILLY,CAMBIO PIÑÓN DE SALIDA (C/U),0.4
MOTOCARRO 4T,CAMBIO PIÑÓN DE SALIDA (C/U),0.7
KAZE MAX II,CAMBIO PIÑÓN DE SALIDA (C/U),0.4
ZX 130- MAGIC II,CAMBIO PIÑÓN DE SALIDA (C/U),0.4
KMX,CAMBIO PIÑÓN DE SALIDA (C/U),0.4
KLX 150,CAMBIO PIÑÓN DE SALIDA (C/U),0.4
KLX150  L,CAMBIO PIÑÓN DE SALIDA (C/U),0.4
KLX 250,CAMBIO PIÑÓN DE SALIDA (C/U),0.4
NINJA 250,CAMBIO PIÑÓN DE SALIDA (C/U),0.4
NINJA 250 FI,CAMBIO PIÑÓN DE SALIDA (C/U),0.4
Z250,CAMBIO PIÑÓN DE SALIDA (C/U),0.4
Z250 SL,CAMBIO PIÑÓN DE SALIDA (C/U),0.4
ER-6n,CAMBIO PIÑÓN DE SALIDA (C/U),0.4
TRANS-SPORT,CAMBIO PIÑÓN DE SALIDA (C/U),0.4
MRX 150,CAMBIO PIÑÓN DE SALIDA (C/U),0.4
FURAX,CAMBIO PIÑÓN DE SALIDA (C/U),0.4
BOMBER 125,CAMBIO PIÑÓN DE SALIDA (C/U),0.4
BOMBER 250,CAMBIO PIÑÓN DE SALIDA (C/U),0.3
COMBAT 125,CAMBIO PIÑÓN DE SALIDA (C/U),0.4
VENOM 400,CAMBIO PIÑÓN DE SALIDA (C/U),0.7
VENOM 250,CAMBIO PIÑÓN DE SALIDA (C/U),0.4
ONE,CAMBIO PIÑÓN DE SALIDA (C/U),0.4
FLOW,CAMBIO PIÑÓN DE SALIDA (C/U),0.4
ADVANCE II LF,CAMBIO PIÑÓN DE SALIDA (C/U),0.4
ZONTES 155,CAMBIO PIÑÓN DE SALIDA (C/U),0.4
SHOCK,CAMBIO PIÑÓN DE SALIDA (C/U),0.4
TNT150i,CAMBIO PIÑÓN DE SALIDA (C/U),0.4
180S,CAMBIO PIÑÓN DE SALIDA (C/U),0.4
TNT25N,CAMBIO PIÑÓN DE SALIDA (C/U),0.4
LEONCINO 500,CAMBIO PIÑÓN DE SALIDA (C/U),0.4
LEONCINO 250,CAMBIO PIÑÓN DE SALIDA (C/U),0.4
TRK 500X,CAMBIO PIÑÓN DE SALIDA (C/U),0.4
TRK 251,CAMBIO PIÑÓN DE SALIDA (C/U),0.4
302 S,CAMBIO PIÑÓN DE SALIDA (C/U),0.4
ACTIV,CAMBIO SPROCKET,0.7
SPIKE,CAMBIO SPROCKET,0.7
JETIX,CAMBIO SPROCKET,0.7
UNI-K 110,CAMBIO SPROCKET,0.7
TRACK,CAMBIO SPROCKET,0.7
PULSAR 135,CAMBIO SPROCKET,0.7
Perseo,CAMBIO SPROCKET,0.7
PULSAR,CAMBIO SPROCKET,0.7
PULSAR 180 UG,CAMBIO SPROCKET,0.7
PULSAR 150,CAMBIO SPROCKET,0.7
THOR 160,CAMBIO SPROCKET,0.7
PULSAR 200,CAMBIO SPROCKET,0.7
PULSAR 150 NS,CAMBIO SPROCKET,0.7
PULSAR 150 AS,CAMBIO SPROCKET,0.7
PULSAR 200 AS,CAMBIO SPROCKET,0.7
PULSAR 200 NS,CAMBIO SPROCKET,0.7
TITAN,CAMBIO SPROCKET,0.7
PULSAR  RS 200,CAMBIO SPROCKET,0.7
PULSAR 220,CAMBIO SPROCKET,0.7
AVENGER 220,CAMBIO SPROCKET,0.7
XCD,CAMBIO SPROCKET,0.7
DISCOVER 100,CAMBIO SPROCKET,0.7
DISCOVER 135,CAMBIO SPROCKET,0.7
BOXER,CAMBIO SPROCKET,0.7
LEXUS,CAMBIO SPROCKET,0.7
DISCOVER 100 5S,CAMBIO SPROCKET,0.7
DISCOVER 150,CAMBIO SPROCKET,0.7
CHAMPION,CAMBIO SPROCKET,0.7
DISCOVER 125 ST,CAMBIO SPROCKET,0.7
BOXER BM 100,CAMBIO SPROCKET,0.7
BOXER BM 150,CAMBIO SPROCKET,0.7
BOXER BM 100 ES,CAMBIO SPROCKET,0.7
PLATINO 125,CAMBIO SPROCKET,0.7
PLATINO 125 - 5S,CAMBIO SPROCKET,0.7
PLATINO 100,CAMBIO SPROCKET,0.7
PLATINO 110,CAMBIO SPROCKET,0.7
FAMILLY,CAMBIO SPROCKET,0.7
MOTOCARRO 4T,CAMBIO SPROCKET,0.8
KAZE MAX II,CAMBIO SPROCKET,0.5
ZX 130- MAGIC II,CAMBIO SPROCKET,0.7
KMX,CAMBIO SPROCKET,0.7
KLX 150,CAMBIO SPROCKET,0.7
KLX150  L,CAMBIO SPROCKET,0.7
KLX 250,CAMBIO SPROCKET,0.7
NINJA 250,CAMBIO SPROCKET,0.7
NINJA 250 FI,CAMBIO SPROCKET,0.7
Z250,CAMBIO SPROCKET,0.7
Z250 SL,CAMBIO SPROCKET,0.7
ER-6n,CAMBIO SPROCKET,0.7
TRANS-SPORT,CAMBIO SPROCKET,0.7
MRX 150,CAMBIO SPROCKET,0.7
FURAX,CAMBIO SPROCKET,0.7
BOMBER 125,CAMBIO SPROCKET,0.7
BOMBER 250,CAMBIO SPROCKET,0.6
COMBAT 125,CAMBIO SPROCKET,0.7
VENOM 400,CAMBIO SPROCKET,0.8
VENOM 250,CAMBIO SPROCKET,0.7
ONE,CAMBIO SPROCKET,0.7
FLOW,CAMBIO SPROCKET,0.7
ADVANCE II LF,CAMBIO SPROCKET,0.7
ZONTES 155,CAMBIO SPROCKET,0.7
SHOCK,CAMBIO SPROCKET,0.7
TNT150i,CAMBIO SPROCKET,0.7
180S,CAMBIO SPROCKET,0.7
TNT25N,CAMBIO SPROCKET,0.7
LEONCINO 500,CAMBIO SPROCKET,0.7
LEONCINO 250,CAMBIO SPROCKET,0.7
TRK 500X,CAMBIO SPROCKET,0.7
TRK 251,CAMBIO SPROCKET,0.7
302 S,CAMBIO SPROCKET,0.7
ACTIV,CAMBIO CAUCHOS PORTA SPROCKET,0.4
SPIKE,CAMBIO CAUCHOS PORTA SPROCKET,0.4
JETIX,CAMBIO CAUCHOS PORTA SPROCKET,0.4
UNI-K 110,CAMBIO CAUCHOS PORTA SPROCKET,0.4
TRACK,CAMBIO CAUCHOS PORTA SPROCKET,0.4
PULSAR 135,CAMBIO CAUCHOS PORTA SPROCKET,0.4
Perseo,CAMBIO CAUCHOS PORTA SPROCKET,0.4
PULSAR,CAMBIO CAUCHOS PORTA SPROCKET,0.4
PULSAR 180 UG,CAMBIO CAUCHOS PORTA SPROCKET,0.4
PULSAR 150,CAMBIO CAUCHOS PORTA SPROCKET,0.4
THOR 160,CAMBIO CAUCHOS PORTA SPROCKET,0.4
PULSAR 200,CAMBIO CAUCHOS PORTA SPROCKET,0.4
PULSAR 150 NS,CAMBIO CAUCHOS PORTA SPROCKET,0.4
PULSAR 150 AS,CAMBIO CAUCHOS PORTA SPROCKET,0.4
PULSAR 200 AS,CAMBIO CAUCHOS PORTA SPROCKET,0.4
PULSAR 200 NS,CAMBIO CAUCHOS PORTA SPROCKET,0.4
TITAN,CAMBIO CAUCHOS PORTA SPROCKET,0.4
PULSAR  RS 200,CAMBIO CAUCHOS PORTA SPROCKET,0.4
PULSAR 220,CAMBIO CAUCHOS PORTA SPROCKET,0.4
AVENGER 220,CAMBIO CAUCHOS PORTA SPROCKET,0.4
XCD,CAMBIO CAUCHOS PORTA SPROCKET,0.4
DISCOVER 100,CAMBIO CAUCHOS PORTA SPROCKET,0.4
DISCOVER 135,CAMBIO CAUCHOS PORTA SPROCKET,0.4
BOXER,CAMBIO CAUCHOS PORTA SPROCKET,0.4
LEXUS,CAMBIO CAUCHOS PORTA SPROCKET,0.4
DISCOVER 100 5S,CAMBIO CAUCHOS PORTA SPROCKET,0.4
DISCOVER 150,CAMBIO CAUCHOS PORTA SPROCKET,0.4
CHAMPION,CAMBIO CAUCHOS PORTA SPROCKET,0.4
DISCOVER 125 ST,CAMBIO CAUCHOS PORTA SPROCKET,0.4
BOXER BM 100,CAMBIO CAUCHOS PORTA SPROCKET,0.4
BOXER BM 150,CAMBIO CAUCHOS PORTA SPROCKET,0.4
BOXER BM 100 ES,CAMBIO CAUCHOS PORTA SPROCKET,0.4
PLATINO 125,CAMBIO CAUCHOS PORTA SPROCKET,0.4
PLATINO 125 - 5S,CAMBIO CAUCHOS PORTA SPROCKET,0.4
PLATINO 100,CAMBIO CAUCHOS PORTA SPROCKET,0.4
PLATINO 110,CAMBIO CAUCHOS PORTA SPROCKET,0.4
FAMILLY,CAMBIO CAUCHOS PORTA SPROCKET,0.4
KAZE MAX II,CAMBIO CAUCHOS PORTA SPROCKET,0.4
ZX 130- MAGIC II,CAMBIO CAUCHOS PORTA SPROCKET,0.4
NINJA 250,CAMBIO CAUCHOS PORTA SPROCKET,0.5
NINJA 250 FI,CAMBIO CAUCHOS PORTA SPROCKET,0.5
Z250,CAMBIO CAUCHOS PORTA SPROCKET,0.5
ER-6n,CAMBIO CAUCHOS PORTA SPROCKET,0.5
TRANS-SPORT,CAMBIO CAUCHOS PORTA SPROCKET,0.4
BOMBER 125,CAMBIO CAUCHOS PORTA SPROCKET,0.5
BOMBER 250,CAMBIO CAUCHOS PORTA SPROCKET,0.6
COMBAT 125,CAMBIO CAUCHOS PORTA SPROCKET,0.5
VENOM 400,CAMBIO CAUCHOS PORTA SPROCKET,0.6
VENOM 250,CAMBIO CAUCHOS PORTA SPROCKET,0.4
ONE,CAMBIO CAUCHOS PORTA SPROCKET,0.4
FLOW,CAMBIO CAUCHOS PORTA SPROCKET,0.4
ADVANCE II LF,CAMBIO CAUCHOS PORTA SPROCKET,0.4
ZONTES 155,CAMBIO CAUCHOS PORTA SPROCKET,0.5
SHOCK,CAMBIO CAUCHOS PORTA SPROCKET,0.4
TNT150i,CAMBIO CAUCHOS PORTA SPROCKET,0.5
180S,CAMBIO CAUCHOS PORTA SPROCKET,0.5
TNT25N,CAMBIO CAUCHOS PORTA SPROCKET,0.5
LEONCINO 500,CAMBIO CAUCHOS PORTA SPROCKET,0.5
LEONCINO 250,CAMBIO CAUCHOS PORTA SPROCKET,0.5
TRK 500X,CAMBIO CAUCHOS PORTA SPROCKET,0.5
TRK 251,CAMBIO CAUCHOS PORTA SPROCKET,0.5
302 S,CAMBIO CAUCHOS PORTA SPROCKET,0.5
ACTIV,CAMBIO DE GUARDACADENAS,0.3
SPIKE,CAMBIO DE GUARDACADENAS,0.3
JETIX,CAMBIO DE GUARDACADENAS,0.3
UNI-K 110,CAMBIO DE GUARDACADENAS,0.3
TRACK,CAMBIO DE GUARDACADENAS,0.3
PULSAR 135,CAMBIO DE GUARDACADENAS,0.3
Perseo,CAMBIO DE GUARDACADENAS,0.3
PULSAR,CAMBIO DE GUARDACADENAS,0.4
PULSAR 180 UG,CAMBIO DE GUARDACADENAS,0.3
PULSAR 150,CAMBIO DE GUARDACADENAS,0.3
THOR 160,CAMBIO DE GUARDACADENAS,0.3
PULSAR 200,CAMBIO DE GUARDACADENAS,0.3
PULSAR 150 NS,CAMBIO DE GUARDACADENAS,0.3
PULSAR 150 AS,CAMBIO DE GUARDACADENAS,0.3
PULSAR 200 AS,CAMBIO DE GUARDACADENAS,0.3
PULSAR 200 NS,CAMBIO DE GUARDACADENAS,0.3
TITAN,CAMBIO DE GUARDACADENAS,0.3
PULSAR  RS 200,CAMBIO DE GUARDACADENAS,0.3
PULSAR 220,CAMBIO DE GUARDACADENAS,0.3
AVENGER 220,CAMBIO DE GUARDACADENAS,0.3
XCD,CAMBIO DE GUARDACADENAS,0.4
DISCOVER 100,CAMBIO DE GUARDACADENAS,0.4
DISCOVER 135,CAMBIO DE GUARDACADENAS,0.3
BOXER,CAMBIO DE GUARDACADENAS,0.4
LEXUS,CAMBIO DE GUARDACADENAS,0.4
DISCOVER 100 5S,CAMBIO DE GUARDACADENAS,0.4
DISCOVER 150,CAMBIO DE GUARDACADENAS,0.3
CHAMPION,CAMBIO DE GUARDACADENAS,0.3
DISCOVER 125 ST,CAMBIO DE GUARDACADENAS,0.3
BOXER BM 100,CAMBIO DE GUARDACADENAS,0.4
BOXER BM 150,CAMBIO DE GUARDACADENAS,0.4
BOXER BM 100 ES,CAMBIO DE GUARDACADENAS,0.4
PLATINO 125,CAMBIO DE GUARDACADENAS,0.4
PLATINO 125 - 5S,CAMBIO DE GUARDACADENAS,0.4
PLATINO 100,CAMBIO DE GUARDACADENAS,0.4
PLATINO 110,CAMBIO DE GUARDACADENAS,0.4
FAMILLY,CAMBIO DE GUARDACADENAS,0.4
MOTOCARRO 4T,CAMBIO DE GUARDACADENAS,1
KAZE MAX II,CAMBIO DE GUARDACADENAS,0.3
ZX 130- MAGIC II,CAMBIO DE GUARDACADENAS,0.3
KMX,CAMBIO DE GUARDACADENAS,0.3
KLX 150,CAMBIO DE GUARDACADENAS,0.2
KLX150  L,CAMBIO DE GUARDACADENAS,0.2
KLX 250,CAMBIO DE GUARDACADENAS,0.2
NINJA 250,CAMBIO DE GUARDACADENAS,0.3
NINJA 250 FI,CAMBIO DE GUARDACADENAS,0.3
Z250,CAMBIO DE GUARDACADENAS,0.3
Z250 SL,CAMBIO DE GUARDACADENAS,0.3
ER-6n,CAMBIO DE GUARDACADENAS,0.3
TRANS-SPORT,CAMBIO DE GUARDACADENAS,0.3
MRX 150,CAMBIO DE GUARDACADENAS,0.2
FURAX,CAMBIO DE GUARDACADENAS,0.3
BOMBER 125,CAMBIO DE GUARDACADENAS,0.3
BOMBER 250,CAMBIO DE GUARDACADENAS,0.1
COMBAT 125,CAMBIO DE GUARDACADENAS,0.3
VENOM 400,CAMBIO DE GUARDACADENAS,0.5
VENOM 250,CAMBIO DE GUARDACADENAS,0.3
ONE,CAMBIO DE GUARDACADENAS,0.3
FLOW,CAMBIO DE GUARDACADENAS,0.2
ADVANCE II LF,CAMBIO DE GUARDACADENAS,0.2
ZONTES 155,CAMBIO DE GUARDACADENAS,0.3
SHOCK,CAMBIO DE GUARDACADENAS,0.2
TNT150i,CAMBIO DE GUARDACADENAS,0.3
180S,CAMBIO DE GUARDACADENAS,0.3
TNT25N,CAMBIO DE GUARDACADENAS,0.3
LEONCINO 500,CAMBIO DE GUARDACADENAS,0.3
LEONCINO 250,CAMBIO DE GUARDACADENAS,0.3
TRK 500X,CAMBIO DE GUARDACADENAS,0.3
TRK 251,CAMBIO DE GUARDACADENAS,0.3
302 S,CAMBIO DE GUARDACADENAS,0.3
ACTIV,CAMBIO DE TENSORES CADENA (C/U),0.4
SPIKE,CAMBIO DE TENSORES CADENA (C/U),0.4
JETIX,CAMBIO DE TENSORES CADENA (C/U),0.4
UNI-K 110,CAMBIO DE TENSORES CADENA (C/U),0.4
TRACK,CAMBIO DE TENSORES CADENA (C/U),0.4
PULSAR 135,CAMBIO DE TENSORES CADENA (C/U),0.4
Perseo,CAMBIO DE TENSORES CADENA (C/U),0.4
PULSAR,CAMBIO DE TENSORES CADENA (C/U),0.4
PULSAR 180 UG,CAMBIO DE TENSORES CADENA (C/U),0.4
PULSAR 150,CAMBIO DE TENSORES CADENA (C/U),0.4
THOR 160,CAMBIO DE TENSORES CADENA (C/U),0.4
PULSAR 200,CAMBIO DE TENSORES CADENA (C/U),0.4
PULSAR 150 NS,CAMBIO DE TENSORES CADENA (C/U),0.4
PULSAR 150 AS,CAMBIO DE TENSORES CADENA (C/U),0.2
PULSAR 200 AS,CAMBIO DE TENSORES CADENA (C/U),0.2
PULSAR 200 NS,CAMBIO DE TENSORES CADENA (C/U),0.2
TITAN,CAMBIO DE TENSORES CADENA (C/U),0.2
PULSAR  RS 200,CAMBIO DE TENSORES CADENA (C/U),0.2
PULSAR 220,CAMBIO DE TENSORES CADENA (C/U),0.4
AVENGER 220,CAMBIO DE TENSORES CADENA (C/U),0.4
XCD,CAMBIO DE TENSORES CADENA (C/U),0.4
DISCOVER 100,CAMBIO DE TENSORES CADENA (C/U),0.4
DISCOVER 135,CAMBIO DE TENSORES CADENA (C/U),0.4
BOXER,CAMBIO DE TENSORES CADENA (C/U),0.4
LEXUS,CAMBIO DE TENSORES CADENA (C/U),0.4
DISCOVER 100 5S,CAMBIO DE TENSORES CADENA (C/U),0.4
DISCOVER 150,CAMBIO DE TENSORES CADENA (C/U),0.4
CHAMPION,CAMBIO DE TENSORES CADENA (C/U),0.4
DISCOVER 125 ST,CAMBIO DE TENSORES CADENA (C/U),0.4
BOXER BM 100,CAMBIO DE TENSORES CADENA (C/U),0.4
BOXER BM 150,CAMBIO DE TENSORES CADENA (C/U),0.4
BOXER BM 100 ES,CAMBIO DE TENSORES CADENA (C/U),0.4
PLATINO 125,CAMBIO DE TENSORES CADENA (C/U),0.4
PLATINO 125 - 5S,CAMBIO DE TENSORES CADENA (C/U),0.4
PLATINO 100,CAMBIO DE TENSORES CADENA (C/U),0.4
PLATINO 110,CAMBIO DE TENSORES CADENA (C/U),0.4
FAMILLY,CAMBIO DE TENSORES CADENA (C/U),0.4
MOTOCARRO 4T,CAMBIO DE TENSORES CADENA (C/U),0.6
KAZE MAX II,CAMBIO DE TENSORES CADENA (C/U),0.4
ZX 130- MAGIC II,CAMBIO DE TENSORES CADENA (C/U),0.4
KMX,CAMBIO DE TENSORES CADENA (C/U),0.4
KLX 150,CAMBIO DE TENSORES CADENA (C/U),0.4
KLX150  L,CAMBIO DE TENSORES CADENA (C/U),0.4
KLX 250,CAMBIO DE TENSORES CADENA (C/U),0.4
NINJA 250,CAMBIO DE TENSORES CADENA (C/U),0.4
NINJA 250 FI,CAMBIO DE TENSORES CADENA (C/U),0.4
Z250,CAMBIO DE TENSORES CADENA (C/U),0.4
Z250 SL,CAMBIO DE TENSORES CADENA (C/U),0.4
ER-6n,CAMBIO DE TENSORES CADENA (C/U),0.4
TRANS-SPORT,CAMBIO DE TENSORES CADENA (C/U),0.4
MRX 150,CAMBIO DE TENSORES CADENA (C/U),0.4
FURAX,CAMBIO DE TENSORES CADENA (C/U),0.4
BOMBER 125,CAMBIO DE TENSORES CADENA (C/U),0.4
BOMBER 250,CAMBIO DE TENSORES CADENA (C/U),0.4
COMBAT 125,CAMBIO DE TENSORES CADENA (C/U),0.4
VENOM 400,CAMBIO DE TENSORES CADENA (C/U),0.3
VENOM 250,CAMBIO DE TENSORES CADENA (C/U),0.2
ONE,CAMBIO DE TENSORES CADENA (C/U),0.4
FLOW,CAMBIO DE TENSORES CADENA (C/U),0.4
ADVANCE II LF,CAMBIO DE TENSORES CADENA (C/U),0.4
ZONTES 155,CAMBIO DE TENSORES CADENA (C/U),0.4
SHOCK,CAMBIO DE TENSORES CADENA (C/U),0.4
TNT150i,CAMBIO DE TENSORES CADENA (C/U),0.4
180S,CAMBIO DE TENSORES CADENA (C/U),0.4
TNT25N,CAMBIO DE TENSORES CADENA (C/U),0.4
LEONCINO 500,CAMBIO DE TENSORES CADENA (C/U),0.4
LEONCINO 250,CAMBIO DE TENSORES CADENA (C/U),0.4
TRK 500X,CAMBIO DE TENSORES CADENA (C/U),0.4
TRK 251,CAMBIO DE TENSORES CADENA (C/U),0.4
302 S,CAMBIO DE TENSORES CADENA (C/U),0.4
ACTIV,CAMBIO DE KIT DE ARRASTRE,1
SPIKE,CAMBIO DE KIT DE ARRASTRE,1
JETIX,CAMBIO DE KIT DE ARRASTRE,1
UNI-K 110,CAMBIO DE KIT DE ARRASTRE,1
TRACK,CAMBIO DE KIT DE ARRASTRE,1
PULSAR 135,CAMBIO DE KIT DE ARRASTRE,1
Perseo,CAMBIO DE KIT DE ARRASTRE,1
PULSAR,CAMBIO DE KIT DE ARRASTRE,1
PULSAR 180 UG,CAMBIO DE KIT DE ARRASTRE,1
PULSAR 150,CAMBIO DE KIT DE ARRASTRE,1
THOR 160,CAMBIO DE KIT DE ARRASTRE,1
PULSAR 200,CAMBIO DE KIT DE ARRASTRE,1
PULSAR 150 NS,CAMBIO DE KIT DE ARRASTRE,1
PULSAR 150 AS,CAMBIO DE KIT DE ARRASTRE,1
PULSAR 200 AS,CAMBIO DE KIT DE ARRASTRE,1
PULSAR 200 NS,CAMBIO DE KIT DE ARRASTRE,1
TITAN,CAMBIO DE KIT DE ARRASTRE,1
PULSAR  RS 200,CAMBIO DE KIT DE ARRASTRE,1
PULSAR 220,CAMBIO DE KIT DE ARRASTRE,1
AVENGER 220,CAMBIO DE KIT DE ARRASTRE,1
XCD,CAMBIO DE KIT DE ARRASTRE,1
DISCOVER 100,CAMBIO DE KIT DE ARRASTRE,1
DISCOVER 135,CAMBIO DE KIT DE ARRASTRE,1
BOXER,CAMBIO DE KIT DE ARRASTRE,1
LEXUS,CAMBIO DE KIT DE ARRASTRE,1
DISCOVER 100 5S,CAMBIO DE KIT DE ARRASTRE,1
DISCOVER 150,CAMBIO DE KIT DE ARRASTRE,1
CHAMPION,CAMBIO DE KIT DE ARRASTRE,1
DISCOVER 125 ST,CAMBIO DE KIT DE ARRASTRE,1
BOXER BM 100,CAMBIO DE KIT DE ARRASTRE,1
BOXER BM 150,CAMBIO DE KIT DE ARRASTRE,1
BOXER BM 100 ES,CAMBIO DE KIT DE ARRASTRE,1
PLATINO 125,CAMBIO DE KIT DE ARRASTRE,1
PLATINO 125 - 5S,CAMBIO DE KIT DE ARRASTRE,1
PLATINO 100,CAMBIO DE KIT DE ARRASTRE,1
PLATINO 110,CAMBIO DE KIT DE ARRASTRE,1
FAMILLY,CAMBIO DE KIT DE ARRASTRE,1
MOTOCARRO 4T,CAMBIO DE KIT DE ARRASTRE,2
KAZE MAX II,CAMBIO DE KIT DE ARRASTRE,0.7
ZX 130- MAGIC II,CAMBIO DE KIT DE ARRASTRE,1
KMX,CAMBIO DE KIT DE ARRASTRE,1
KLX 150,CAMBIO DE KIT DE ARRASTRE,1
KLX150  L,CAMBIO DE KIT DE ARRASTRE,1
KLX 250,CAMBIO DE KIT DE ARRASTRE,1
NINJA 250,CAMBIO DE KIT DE ARRASTRE,1
NINJA 250 FI,CAMBIO DE KIT DE ARRASTRE,1
Z250,CAMBIO DE KIT DE ARRASTRE,1
Z250 SL,CAMBIO DE KIT DE ARRASTRE,1
ER-6n,CAMBIO DE KIT DE ARRASTRE,1
TRANS-SPORT,CAMBIO DE KIT DE ARRASTRE,1
MRX 150,CAMBIO DE KIT DE ARRASTRE,1
FURAX,CAMBIO DE KIT DE ARRASTRE,1
BOMBER 125,CAMBIO DE KIT DE ARRASTRE,1
BOMBER 250,CAMBIO DE KIT DE ARRASTRE,1
COMBAT 125,CAMBIO DE KIT DE ARRASTRE,1
VENOM 400,CAMBIO DE KIT DE ARRASTRE,1.5
VENOM 250,CAMBIO DE KIT DE ARRASTRE,1
ONE,CAMBIO DE KIT DE ARRASTRE,1
FLOW,CAMBIO DE KIT DE ARRASTRE,1
ADVANCE II LF,CAMBIO DE KIT DE ARRASTRE,1
ZONTES 155,CAMBIO DE KIT DE ARRASTRE,1.4
SHOCK,CAMBIO DE KIT DE ARRASTRE,1
TNT150i,CAMBIO DE KIT DE ARRASTRE,1.4
180S,CAMBIO DE KIT DE ARRASTRE,1.4
TNT25N,CAMBIO DE KIT DE ARRASTRE,1.4
LEONCINO 500,CAMBIO DE KIT DE ARRASTRE,1
LEONCINO 250,CAMBIO DE KIT DE ARRASTRE,1.4
TRK 500X,CAMBIO DE KIT DE ARRASTRE,1
TRK 251,CAMBIO DE KIT DE ARRASTRE,1.4
302 S,CAMBIO DE KIT DE ARRASTRE,1.4
ACTIV,CAMBIO DE TORNILLOS SUJETADORES SPROCKET,0.7
SPIKE,CAMBIO DE TORNILLOS SUJETADORES SPROCKET,0.7
JETIX,CAMBIO DE TORNILLOS SUJETADORES SPROCKET,0.7
UNI-K 110,CAMBIO DE TORNILLOS SUJETADORES SPROCKET,0.7
TRACK,CAMBIO DE TORNILLOS SUJETADORES SPROCKET,0.7
PULSAR 135,CAMBIO DE TORNILLOS SUJETADORES SPROCKET,0.7
Perseo,CAMBIO DE TORNILLOS SUJETADORES SPROCKET,0.7
PULSAR,CAMBIO DE TORNILLOS SUJETADORES SPROCKET,0.7
PULSAR 180 UG,CAMBIO DE TORNILLOS SUJETADORES SPROCKET,0.7
PULSAR 150,CAMBIO DE TORNILLOS SUJETADORES SPROCKET,0.7
THOR 160,CAMBIO DE TORNILLOS SUJETADORES SPROCKET,0.7
PULSAR 200,CAMBIO DE TORNILLOS SUJETADORES SPROCKET,0.7
PULSAR 150 NS,CAMBIO DE TORNILLOS SUJETADORES SPROCKET,0.4
PULSAR 150 AS,CAMBIO DE TORNILLOS SUJETADORES SPROCKET,0.4
PULSAR 200 AS,CAMBIO DE TORNILLOS SUJETADORES SPROCKET,0.4
PULSAR 200 NS,CAMBIO DE TORNILLOS SUJETADORES SPROCKET,0.4
TITAN,CAMBIO DE TORNILLOS SUJETADORES SPROCKET,0.4
PULSAR  RS 200,CAMBIO DE TORNILLOS SUJETADORES SPROCKET,0.4
PULSAR 220,CAMBIO DE TORNILLOS SUJETADORES SPROCKET,0.7
AVENGER 220,CAMBIO DE TORNILLOS SUJETADORES SPROCKET,0.7
XCD,CAMBIO DE TORNILLOS SUJETADORES SPROCKET,0.7
DISCOVER 100,CAMBIO DE TORNILLOS SUJETADORES SPROCKET,0.7
DISCOVER 135,CAMBIO DE TORNILLOS SUJETADORES SPROCKET,0.7
BOXER,CAMBIO DE TORNILLOS SUJETADORES SPROCKET,0.7
LEXUS,CAMBIO DE TORNILLOS SUJETADORES SPROCKET,0.7
DISCOVER 100 5S,CAMBIO DE TORNILLOS SUJETADORES SPROCKET,0.7
DISCOVER 150,CAMBIO DE TORNILLOS SUJETADORES SPROCKET,0.7
CHAMPION,CAMBIO DE TORNILLOS SUJETADORES SPROCKET,0.7
DISCOVER 125 ST,CAMBIO DE TORNILLOS SUJETADORES SPROCKET,0.7
BOXER BM 100,CAMBIO DE TORNILLOS SUJETADORES SPROCKET,0.7
BOXER BM 150,CAMBIO DE TORNILLOS SUJETADORES SPROCKET,0.7
BOXER BM 100 ES,CAMBIO DE TORNILLOS SUJETADORES SPROCKET,0.7
PLATINO 125,CAMBIO DE TORNILLOS SUJETADORES SPROCKET,0.7
PLATINO 125 - 5S,CAMBIO DE TORNILLOS SUJETADORES SPROCKET,0.7
PLATINO 100,CAMBIO DE TORNILLOS SUJETADORES SPROCKET,0.7
PLATINO 110,CAMBIO DE TORNILLOS SUJETADORES SPROCKET,0.7
FAMILLY,CAMBIO DE TORNILLOS SUJETADORES SPROCKET,0.7
MOTOCARRO 4T,CAMBIO DE TORNILLOS SUJETADORES SPROCKET,0.7
MOTOCARRO DIESEL,CAMBIO DE TORNILLOS SUJETADORES SPROCKET,0.7
KAZE MAX II,CAMBIO DE TORNILLOS SUJETADORES SPROCKET,0.4
ZX 130- MAGIC II,CAMBIO DE TORNILLOS SUJETADORES SPROCKET,0.7
KMX,CAMBIO DE TORNILLOS SUJETADORES SPROCKET,0.7
KLX 150,CAMBIO DE TORNILLOS SUJETADORES SPROCKET,0.7
KLX150  L,CAMBIO DE TORNILLOS SUJETADORES SPROCKET,0.7
KLX 250,CAMBIO DE TORNILLOS SUJETADORES SPROCKET,0.7
NINJA 250,CAMBIO DE TORNILLOS SUJETADORES SPROCKET,0.7
NINJA 250 FI,CAMBIO DE TORNILLOS SUJETADORES SPROCKET,0.7
Z250,CAMBIO DE TORNILLOS SUJETADORES SPROCKET,0.7
Z250 SL,CAMBIO DE TORNILLOS SUJETADORES SPROCKET,0.7
ER-6n,CAMBIO DE TORNILLOS SUJETADORES SPROCKET,0.7
TRANS-SPORT,CAMBIO DE TORNILLOS SUJETADORES SPROCKET,0.7
MRX 150,CAMBIO DE TORNILLOS SUJETADORES SPROCKET,0.7
FURAX,CAMBIO DE TORNILLOS SUJETADORES SPROCKET,0.7
BOMBER 125,CAMBIO DE TORNILLOS SUJETADORES SPROCKET,0.7
BOMBER 250,CAMBIO DE TORNILLOS SUJETADORES SPROCKET,0.6
COMBAT 125,CAMBIO DE TORNILLOS SUJETADORES SPROCKET,0.7
VENOM 400,CAMBIO DE TORNILLOS SUJETADORES SPROCKET,0.7
VENOM 250,CAMBIO DE TORNILLOS SUJETADORES SPROCKET,0.4
ONE,CAMBIO DE TORNILLOS SUJETADORES SPROCKET,0.7
FLOW,CAMBIO DE TORNILLOS SUJETADORES SPROCKET,0.7
ADVANCE II LF,CAMBIO DE TORNILLOS SUJETADORES SPROCKET,0.7
ZONTES 155,CAMBIO DE TORNILLOS SUJETADORES SPROCKET,0.7
SHOCK,CAMBIO DE TORNILLOS SUJETADORES SPROCKET,0.7
TNT150i,CAMBIO DE TORNILLOS SUJETADORES SPROCKET,0.7
180S,CAMBIO DE TORNILLOS SUJETADORES SPROCKET,0.7
TNT25N,CAMBIO DE TORNILLOS SUJETADORES SPROCKET,0.7
LEONCINO 500,CAMBIO DE TORNILLOS SUJETADORES SPROCKET,0.7
LEONCINO 250,CAMBIO DE TORNILLOS SUJETADORES SPROCKET,0.7
TRK 500X,CAMBIO DE TORNILLOS SUJETADORES SPROCKET,0.7
TRK 251,CAMBIO DE TORNILLOS SUJETADORES SPROCKET,0.7
302 S,CAMBIO DE TORNILLOS SUJETADORES SPROCKET,0.7
FURAX,CAMBIO DE BUJES SUJETADORES TORNILLOS SPROCKET,1.5
VENOM 400,CAMBIO DE BUJES SUJETADORES TORNILLOS SPROCKET,0.7
ACTIV,CAMBIO BUJE PORTA SPROCKET,0.5
SPIKE,CAMBIO BUJE PORTA SPROCKET,0.5
JETIX,CAMBIO BUJE PORTA SPROCKET,0.5
UNI-K 110,CAMBIO BUJE PORTA SPROCKET,0.5
TRACK,CAMBIO BUJE PORTA SPROCKET,0.5
PULSAR 135,CAMBIO BUJE PORTA SPROCKET,0.5
Perseo,CAMBIO BUJE PORTA SPROCKET,0.5
PULSAR,CAMBIO BUJE PORTA SPROCKET,0.5
PULSAR 180 UG,CAMBIO BUJE PORTA SPROCKET,0.5
PULSAR 150,CAMBIO BUJE PORTA SPROCKET,0.5
THOR 160,CAMBIO BUJE PORTA SPROCKET,0.5
PULSAR 200,CAMBIO BUJE PORTA SPROCKET,0.5
PULSAR 150 NS,CAMBIO BUJE PORTA SPROCKET,0.5
PULSAR 150 AS,CAMBIO BUJE PORTA SPROCKET,0.5
PULSAR 200 AS,CAMBIO BUJE PORTA SPROCKET,0.5
PULSAR 200 NS,CAMBIO BUJE PORTA SPROCKET,0.5
TITAN,CAMBIO BUJE PORTA SPROCKET,0.5
PULSAR  RS 200,CAMBIO BUJE PORTA SPROCKET,0.5
PULSAR 220,CAMBIO BUJE PORTA SPROCKET,0.5
AVENGER 220,CAMBIO BUJE PORTA SPROCKET,0.5
XCD,CAMBIO BUJE PORTA SPROCKET,0.5
DISCOVER 100,CAMBIO BUJE PORTA SPROCKET,0.5
DISCOVER 135,CAMBIO BUJE PORTA SPROCKET,0.5
BOXER,CAMBIO BUJE PORTA SPROCKET,0.5
LEXUS,CAMBIO BUJE PORTA SPROCKET,0.5
DISCOVER 100 5S,CAMBIO BUJE PORTA SPROCKET,0.5
DISCOVER 150,CAMBIO BUJE PORTA SPROCKET,0.5
CHAMPION,CAMBIO BUJE PORTA SPROCKET,0.5
DISCOVER 125 ST,CAMBIO BUJE PORTA SPROCKET,0.5
BOXER BM 100,CAMBIO BUJE PORTA SPROCKET,0.5
BOXER BM 150,CAMBIO BUJE PORTA SPROCKET,0.5
BOXER BM 100 ES,CAMBIO BUJE PORTA SPROCKET,0.5
PLATINO 125,CAMBIO BUJE PORTA SPROCKET,0.5
PLATINO 125 - 5S,CAMBIO BUJE PORTA SPROCKET,0.5
PLATINO 100,CAMBIO BUJE PORTA SPROCKET,0.5
PLATINO 110,CAMBIO BUJE PORTA SPROCKET,0.5
FAMILLY,CAMBIO BUJE PORTA SPROCKET,0.5
KAZE MAX II,CAMBIO BUJE PORTA SPROCKET,0.5
ZX 130- MAGIC II,CAMBIO BUJE PORTA SPROCKET,0.5
KMX,CAMBIO BUJE PORTA SPROCKET,0.5
KLX 150,CAMBIO BUJE PORTA SPROCKET,0.5
KLX150  L,CAMBIO BUJE PORTA SPROCKET,0.5
NINJA 250,CAMBIO BUJE PORTA SPROCKET,0.5
NINJA 250 FI,CAMBIO BUJE PORTA SPROCKET,0.5
Z250,CAMBIO BUJE PORTA SPROCKET,0.5
Z250 SL,CAMBIO BUJE PORTA SPROCKET,0.5
TRANS-SPORT,CAMBIO BUJE PORTA SPROCKET,0.5
MRX 150,CAMBIO BUJE PORTA SPROCKET,0.5
FURAX,CAMBIO BUJE PORTA SPROCKET,0.4
BOMBER 125,CAMBIO BUJE PORTA SPROCKET,0.5
BOMBER 250,CAMBIO BUJE PORTA SPROCKET,0.5
COMBAT 125,CAMBIO BUJE PORTA SPROCKET,0.5
VENOM 400,CAMBIO BUJE PORTA SPROCKET,0.5
VENOM 250,CAMBIO BUJE PORTA SPROCKET,0.5
ONE,CAMBIO BUJE PORTA SPROCKET,0.5
FLOW,CAMBIO BUJE PORTA SPROCKET,0.5
ADVANCE II LF,CAMBIO BUJE PORTA SPROCKET,0.5
ZONTES 155,CAMBIO BUJE PORTA SPROCKET,0.5
SHOCK,CAMBIO BUJE PORTA SPROCKET,0.5
TNT150i,CAMBIO BUJE PORTA SPROCKET,0.5
180S,CAMBIO BUJE PORTA SPROCKET,0.5
TNT25N,CAMBIO BUJE PORTA SPROCKET,0.5
LEONCINO 500,CAMBIO BUJE PORTA SPROCKET,0.8
LEONCINO 250,CAMBIO BUJE PORTA SPROCKET,0.5
TRK 500X,CAMBIO BUJE PORTA SPROCKET,0.8
TRK 251,CAMBIO BUJE PORTA SPROCKET,0.5
302 S,CAMBIO BUJE PORTA SPROCKET,0.5
ACTIV,CAMBIO DE EMPATE DE CADENA,0.3
SPIKE,CAMBIO DE EMPATE DE CADENA,0.3
JETIX,CAMBIO DE EMPATE DE CADENA,0.3
UNI-K 110,CAMBIO DE EMPATE DE CADENA,0.3
TRACK,CAMBIO DE EMPATE DE CADENA,0.3
PULSAR 135,CAMBIO DE EMPATE DE CADENA,0.3
Perseo,CAMBIO DE EMPATE DE CADENA,0.3
PULSAR,CAMBIO DE EMPATE DE CADENA,0.3
PULSAR 180 UG,CAMBIO DE EMPATE DE CADENA,0.3
PULSAR 150,CAMBIO DE EMPATE DE CADENA,0.3
THOR 160,CAMBIO DE EMPATE DE CADENA,0.3
PULSAR 200,CAMBIO DE EMPATE DE CADENA,0.3
PULSAR 150 NS,CAMBIO DE EMPATE DE CADENA,0.2
PULSAR 150 AS,CAMBIO DE EMPATE DE CADENA,0.2
PULSAR 200 AS,CAMBIO DE EMPATE DE CADENA,0.2
PULSAR 200 NS,CAMBIO DE EMPATE DE CADENA,0.2
TITAN,CAMBIO DE EMPATE DE CADENA,0.2
PULSAR  RS 200,CAMBIO DE EMPATE DE CADENA,0.2
PULSAR 220,CAMBIO DE EMPATE DE CADENA,0.3
AVENGER 220,CAMBIO DE EMPATE DE CADENA,0.3
XCD,CAMBIO DE EMPATE DE CADENA,0.3
DISCOVER 100,CAMBIO DE EMPATE DE CADENA,0.03
DISCOVER 135,CAMBIO DE EMPATE DE CADENA,0.3
BOXER,CAMBIO DE EMPATE DE CADENA,0.3
LEXUS,CAMBIO DE EMPATE DE CADENA,0.3
DISCOVER 100 5S,CAMBIO DE EMPATE DE CADENA,0.3
DISCOVER 150,CAMBIO DE EMPATE DE CADENA,0.3
CHAMPION,CAMBIO DE EMPATE DE CADENA,0.3
DISCOVER 125 ST,CAMBIO DE EMPATE DE CADENA,0.3
BOXER BM 100,CAMBIO DE EMPATE DE CADENA,0.3
BOXER BM 150,CAMBIO DE EMPATE DE CADENA,0.3
BOXER BM 100 ES,CAMBIO DE EMPATE DE CADENA,0.3
PLATINO 125,CAMBIO DE EMPATE DE CADENA,0.3
PLATINO 125 - 5S,CAMBIO DE EMPATE DE CADENA,0.3
PLATINO 100,CAMBIO DE EMPATE DE CADENA,0.3
PLATINO 110,CAMBIO DE EMPATE DE CADENA,0.3
FAMILLY,CAMBIO DE EMPATE DE CADENA,0.3
ZX 130- MAGIC II,CAMBIO DE EMPATE DE CADENA,0.3
KMX,CAMBIO DE EMPATE DE CADENA,0.3
KLX 150,CAMBIO DE EMPATE DE CADENA,0.3
KLX150  L,CAMBIO DE EMPATE DE CADENA,0.3
NINJA 250,CAMBIO DE EMPATE DE CADENA,0.3
NINJA 250 FI,CAMBIO DE EMPATE DE CADENA,0.3
Z250,CAMBIO DE EMPATE DE CADENA,0.3
Z250 SL,CAMBIO DE EMPATE DE CADENA,0.3
TRANS-SPORT,CAMBIO DE EMPATE DE CADENA,0.3
MRX 150,CAMBIO DE EMPATE DE CADENA,0.3
FURAX,CAMBIO DE EMPATE DE CADENA,0.3
BOMBER 125,CAMBIO DE EMPATE DE CADENA,0.3
COMBAT 125,CAMBIO DE EMPATE DE CADENA,0.3
VENOM 250,CAMBIO DE EMPATE DE CADENA,0.2
ONE,CAMBIO DE EMPATE DE CADENA,0.3
FLOW,CAMBIO DE EMPATE DE CADENA,0.2
ADVANCE II LF,CAMBIO DE EMPATE DE CADENA,0.2
ZONTES 155,CAMBIO DE EMPATE DE CADENA,0.3
SHOCK,CAMBIO DE EMPATE DE CADENA,0.2
TNT150i,CAMBIO DE EMPATE DE CADENA,0.3
180S,CAMBIO DE EMPATE DE CADENA,0.3
TNT25N,CAMBIO DE EMPATE DE CADENA,0.3
LEONCINO 250,CAMBIO DE EMPATE DE CADENA,0.3
TRK 251,CAMBIO DE EMPATE DE CADENA,0.3
302 S,CAMBIO DE EMPATE DE CADENA,0.3
TOP BOY,CAMBIO DE CHASIS,8
AGILITY,CAMBIO DE CHASIS,8
AGILITY RS,CAMBIO DE CHASIS,8
AGILITY CITY 150,CAMBIO DE CHASIS,8
BET & WIN,CAMBIO DE CHASIS,10
ACTIV,CAMBIO DE CHASIS,8
SPIKE,CAMBIO DE CHASIS,8
AGILITY RS  NAKED,CAMBIO DE CHASIS,8
SUPER 8,CAMBIO DE CHASIS,8
GACELA,CAMBIO DE CHASIS,8
CRUCERO             x-town 300,CAMBIO DE CHASIS,11
ROCKET,CAMBIO DE CHASIS,8
FLY 125,CAMBIO DE CHASIS,8
TWIST,CAMBIO DE CHASIS,8
JETIX,CAMBIO DE CHASIS,8
UNI-K 110,CAMBIO DE CHASIS,8
TRACK,CAMBIO DE CHASIS,8
PULSAR 135,CAMBIO DE CHASIS,8
Perseo,CAMBIO DE CHASIS,8
PULSAR,CAMBIO DE CHASIS,8
PULSAR 180 UG,CAMBIO DE CHASIS,8
PULSAR 150,CAMBIO DE CHASIS,8
THOR 160,CAMBIO DE CHASIS,8
PULSAR 200,CAMBIO DE CHASIS,8
PULSAR 150 NS,CAMBIO DE CHASIS,8
PULSAR 150 AS,CAMBIO DE CHASIS,9.3
PULSAR 200 AS,CAMBIO DE CHASIS,9.3
PULSAR 200 NS,CAMBIO DE CHASIS,9
TITAN,CAMBIO DE CHASIS,10
PULSAR  RS 200,CAMBIO DE CHASIS,10
PULSAR 220,CAMBIO DE CHASIS,8
AVENGER 220,CAMBIO DE CHASIS,8
XCD,CAMBIO DE CHASIS,8
DISCOVER 100,CAMBIO DE CHASIS,8
DISCOVER 135,CAMBIO DE CHASIS,8
BOXER,CAMBIO DE CHASIS,8
LEXUS,CAMBIO DE CHASIS,8
DISCOVER 100 5S,CAMBIO DE CHASIS,8
DISCOVER 150,CAMBIO DE CHASIS,8
CHAMPION,CAMBIO DE CHASIS,8
DISCOVER 125 ST,CAMBIO DE CHASIS,8
BOXER BM 100,CAMBIO DE CHASIS,8
BOXER BM 150,CAMBIO DE CHASIS,8
BOXER BM 100 ES,CAMBIO DE CHASIS,8
PLATINO 125,CAMBIO DE CHASIS,8
PLATINO 125 - 5S,CAMBIO DE CHASIS,8
PLATINO 100,CAMBIO DE CHASIS,8
PLATINO 110,CAMBIO DE CHASIS,8
FAMILLY,CAMBIO DE CHASIS,8
MOTOCARRO 4T,CAMBIO DE CHASIS,15
TORITO,CAMBIO DE CHASIS,15
MOTOCARRO DIESEL,CAMBIO DE CHASIS,12
KAZE MAX II,CAMBIO DE CHASIS,8
ZX 130- MAGIC II,CAMBIO DE CHASIS,8
KMX,CAMBIO DE CHASIS,9
KLX 150,CAMBIO DE CHASIS,8
KLX150  L,CAMBIO DE CHASIS,8
KLX 250,CAMBIO DE CHASIS,9
NINJA 250,CAMBIO DE CHASIS,10
NINJA 250 FI,CAMBIO DE CHASIS,10
Z250,CAMBIO DE CHASIS,10
Z250 SL,CAMBIO DE CHASIS,10
ER-6n,CAMBIO DE CHASIS,12
TRANS-SPORT,CAMBIO DE CHASIS,8
MRX 150,CAMBIO DE CHASIS,8
FURAX,CAMBIO DE CHASIS,8
BOMBER 125,CAMBIO DE CHASIS,8
BOMBER 250,CAMBIO DE CHASIS,10
COMBAT 125,CAMBIO DE CHASIS,8
ZS,CAMBIO DE CHASIS,8
LIFE,CAMBIO DE CHASIS,8
HUNTER,CAMBIO DE CHASIS,9
BLACK,CAMBIO DE CHASIS,10
VENOM 400,CAMBIO DE CHASIS,10
VENOM 250,CAMBIO DE CHASIS,9
ONE,CAMBIO DE CHASIS,8
FLOW,CAMBIO DE CHASIS,8
ADVANCE II LF,CAMBIO DE CHASIS,8
ZONTES 155,CAMBIO DE CHASIS,10
ZONTES 310M,CAMBIO DE CHASIS,12
SHOCK,CAMBIO DE CHASIS,8
TNT150i,CAMBIO DE CHASIS,10
180S,CAMBIO DE CHASIS,10
TNT25N,CAMBIO DE CHASIS,10
LEONCINO 500,CAMBIO DE CHASIS,11
LEONCINO 250,CAMBIO DE CHASIS,10
TRK 500X,CAMBIO DE CHASIS,12
TRK 251,CAMBIO DE CHASIS,10
302 S,CAMBIO DE CHASIS,10
TOP BOY,CAMBIO CUNAS DE DIRECCIÓN,2.5
AGILITY,CAMBIO CUNAS DE DIRECCIÓN,2.5
AGILITY RS,CAMBIO CUNAS DE DIRECCIÓN,2.5
AGILITY CITY 150,CAMBIO CUNAS DE DIRECCIÓN,2.5
BET & WIN,CAMBIO CUNAS DE DIRECCIÓN,2.5
ACTIV,CAMBIO CUNAS DE DIRECCIÓN,2.5
SPIKE,CAMBIO CUNAS DE DIRECCIÓN,2.5
AGILITY RS  NAKED,CAMBIO CUNAS DE DIRECCIÓN,2.5
SUPER 8,CAMBIO CUNAS DE DIRECCIÓN,2.5
GACELA,CAMBIO CUNAS DE DIRECCIÓN,2.5
CRUCERO             x-town 300,CAMBIO CUNAS DE DIRECCIÓN,3
ROCKET,CAMBIO CUNAS DE DIRECCIÓN,2.5
FLY 125,CAMBIO CUNAS DE DIRECCIÓN,2.5
TWIST,CAMBIO CUNAS DE DIRECCIÓN,2.5
JETIX,CAMBIO CUNAS DE DIRECCIÓN,2.5
UNI-K 110,CAMBIO CUNAS DE DIRECCIÓN,2.5
TRACK,CAMBIO CUNAS DE DIRECCIÓN,2.5
PULSAR 135,CAMBIO CUNAS DE DIRECCIÓN,2.5
Perseo,CAMBIO CUNAS DE DIRECCIÓN,2.5
PULSAR,CAMBIO CUNAS DE DIRECCIÓN,2.5
PULSAR 180 UG,CAMBIO CUNAS DE DIRECCIÓN,2.5
PULSAR 150,CAMBIO CUNAS DE DIRECCIÓN,2.5
THOR 160,CAMBIO CUNAS DE DIRECCIÓN,2.5
PULSAR 200,CAMBIO CUNAS DE DIRECCIÓN,2.5
PULSAR 150 NS,CAMBIO CUNAS DE DIRECCIÓN,2.5
PULSAR 150 AS,CAMBIO CUNAS DE DIRECCIÓN,2.5
PULSAR 200 AS,CAMBIO CUNAS DE DIRECCIÓN,2.5
PULSAR 200 NS,CAMBIO CUNAS DE DIRECCIÓN,2.5
TITAN,CAMBIO CUNAS DE DIRECCIÓN,3
PULSAR  RS 200,CAMBIO CUNAS DE DIRECCIÓN,3
PULSAR 220,CAMBIO CUNAS DE DIRECCIÓN,2.5
AVENGER 220,CAMBIO CUNAS DE DIRECCIÓN,2.5
XCD,CAMBIO CUNAS DE DIRECCIÓN,2.5
DISCOVER 100,CAMBIO CUNAS DE DIRECCIÓN,2.5
DISCOVER 135,CAMBIO CUNAS DE DIRECCIÓN,2.5
BOXER,CAMBIO CUNAS DE DIRECCIÓN,2.5
LEXUS,CAMBIO CUNAS DE DIRECCIÓN,2.5
DISCOVER 100 5S,CAMBIO CUNAS DE DIRECCIÓN,2.5
DISCOVER 150,CAMBIO CUNAS DE DIRECCIÓN,2.5
CHAMPION,CAMBIO CUNAS DE DIRECCIÓN,2.5
DISCOVER 125 ST,CAMBIO CUNAS DE DIRECCIÓN,2.5
BOXER BM 100,CAMBIO CUNAS DE DIRECCIÓN,2.5
BOXER BM 150,CAMBIO CUNAS DE DIRECCIÓN,2.5
BOXER BM 100 ES,CAMBIO CUNAS DE DIRECCIÓN,2.5
PLATINO 125,CAMBIO CUNAS DE DIRECCIÓN,2.5
PLATINO 125 - 5S,CAMBIO CUNAS DE DIRECCIÓN,2.5
PLATINO 100,CAMBIO CUNAS DE DIRECCIÓN,2.5
PLATINO 110,CAMBIO CUNAS DE DIRECCIÓN,2.5
FAMILLY,CAMBIO CUNAS DE DIRECCIÓN,2.5
MOTOCARRO 4T,CAMBIO CUNAS DE DIRECCIÓN,3
TORITO,CAMBIO CUNAS DE DIRECCIÓN,3
KAZE MAX II,CAMBIO CUNAS DE DIRECCIÓN,2.5
ZX 130- MAGIC II,CAMBIO CUNAS DE DIRECCIÓN,3
KMX,CAMBIO CUNAS DE DIRECCIÓN,2.5
KLX 150,CAMBIO CUNAS DE DIRECCIÓN,2.5
KLX150  L,CAMBIO CUNAS DE DIRECCIÓN,2.5
KLX 250,CAMBIO CUNAS DE DIRECCIÓN,2.5
NINJA 250,CAMBIO CUNAS DE DIRECCIÓN,2.5
NINJA 250 FI,CAMBIO CUNAS DE DIRECCIÓN,2.5
Z250,CAMBIO CUNAS DE DIRECCIÓN,2.5
Z250 SL,CAMBIO CUNAS DE DIRECCIÓN,2.5
ER-6n,CAMBIO CUNAS DE DIRECCIÓN,2.5
TRANS-SPORT,CAMBIO CUNAS DE DIRECCIÓN,2.5
MRX 150,CAMBIO CUNAS DE DIRECCIÓN,2.5
FURAX,CAMBIO CUNAS DE DIRECCIÓN,2.5
BOMBER 125,CAMBIO CUNAS DE DIRECCIÓN,2.5
BOMBER 250,CAMBIO CUNAS DE DIRECCIÓN,2.5
COMBAT 125,CAMBIO CUNAS DE DIRECCIÓN,2.5
ZS,CAMBIO CUNAS DE DIRECCIÓN,2.5
LIFE,CAMBIO CUNAS DE DIRECCIÓN,2.5
HUNTER,CAMBIO CUNAS DE DIRECCIÓN,2.5
BLACK,CAMBIO CUNAS DE DIRECCIÓN,3
VENOM 400,CAMBIO CUNAS DE DIRECCIÓN,2.5
VENOM 250,CAMBIO CUNAS DE DIRECCIÓN,2.5
ONE,CAMBIO CUNAS DE DIRECCIÓN,2.5
FLOW,CAMBIO CUNAS DE DIRECCIÓN,2.5
ADVANCE II LF,CAMBIO CUNAS DE DIRECCIÓN,2.5
ZONTES 155,CAMBIO CUNAS DE DIRECCIÓN,2.5
ZONTES 310M,CAMBIO CUNAS DE DIRECCIÓN,3.5
SHOCK,CAMBIO CUNAS DE DIRECCIÓN,2.5
TNT150i,CAMBIO CUNAS DE DIRECCIÓN,2.5
180S,CAMBIO CUNAS DE DIRECCIÓN,2.5
TNT25N,CAMBIO CUNAS DE DIRECCIÓN,2.5
LEONCINO 500,CAMBIO CUNAS DE DIRECCIÓN,2.5
LEONCINO 250,CAMBIO CUNAS DE DIRECCIÓN,2.5
TRK 500X,CAMBIO CUNAS DE DIRECCIÓN,3
TRK 251,CAMBIO CUNAS DE DIRECCIÓN,2.5
302 S,CAMBIO CUNAS DE DIRECCIÓN,2.5
TOP BOY,AJUSTE DE CUNAS,0.7
AGILITY,AJUSTE DE CUNAS,0.7
AGILITY RS,AJUSTE DE CUNAS,0.6
AGILITY CITY 150,AJUSTE DE CUNAS,0.6
BET & WIN,AJUSTE DE CUNAS,1
ACTIV,AJUSTE DE CUNAS,0.7
SPIKE,AJUSTE DE CUNAS,0.7
AGILITY RS  NAKED,AJUSTE DE CUNAS,0.6
SUPER 8,AJUSTE DE CUNAS,0.6
GACELA,AJUSTE DE CUNAS,0.6
CRUCERO             x-town 300,AJUSTE DE CUNAS,1.5
ROCKET,AJUSTE DE CUNAS,0.6
FLY 125,AJUSTE DE CUNAS,0.7
TWIST,AJUSTE DE CUNAS,0.7
JETIX,AJUSTE DE CUNAS,0.7
UNI-K 110,AJUSTE DE CUNAS,0.7
TRACK,AJUSTE DE CUNAS,0.5
PULSAR 135,AJUSTE DE CUNAS,0.3
Perseo,AJUSTE DE CUNAS,0.3
PULSAR,AJUSTE DE CUNAS,0.3
PULSAR 180 UG,AJUSTE DE CUNAS,0.3
PULSAR 150,AJUSTE DE CUNAS,0.3
THOR 160,AJUSTE DE CUNAS,0.3
PULSAR 200,AJUSTE DE CUNAS,0.3
PULSAR 150 NS,AJUSTE DE CUNAS,0.3
PULSAR 150 AS,AJUSTE DE CUNAS,0.3
PULSAR 200 AS,AJUSTE DE CUNAS,0.3
PULSAR 200 NS,AJUSTE DE CUNAS,0.3
TITAN,AJUSTE DE CUNAS,0.3
PULSAR  RS 200,AJUSTE DE CUNAS,0.3
PULSAR 220,AJUSTE DE CUNAS,0.3
AVENGER 220,AJUSTE DE CUNAS,0.3
XCD,AJUSTE DE CUNAS,0.3
DISCOVER 100,AJUSTE DE CUNAS,0.3
DISCOVER 135,AJUSTE DE CUNAS,0.3
BOXER,AJUSTE DE CUNAS,0.3
LEXUS,AJUSTE DE CUNAS,0.3
DISCOVER 100 5S,AJUSTE DE CUNAS,0.3
DISCOVER 150,AJUSTE DE CUNAS,0.3
CHAMPION,AJUSTE DE CUNAS,0.3
DISCOVER 125 ST,AJUSTE DE CUNAS,0.3
BOXER BM 100,AJUSTE DE CUNAS,0.3
BOXER BM 150,AJUSTE DE CUNAS,0.3
BOXER BM 100 ES,AJUSTE DE CUNAS,0.3
PLATINO 125,AJUSTE DE CUNAS,0.3
PLATINO 125 - 5S,AJUSTE DE CUNAS,0.3
PLATINO 100,AJUSTE DE CUNAS,0.3
PLATINO 110,AJUSTE DE CUNAS,0.3
FAMILLY,AJUSTE DE CUNAS,0.3
MOTOCARRO 4T,AJUSTE DE CUNAS,1
TORITO,AJUSTE DE CUNAS,1
KAZE MAX II,AJUSTE DE CUNAS,0.7
ZX 130- MAGIC II,AJUSTE DE CUNAS,0.7
KMX,AJUSTE DE CUNAS,0.3
KLX 150,AJUSTE DE CUNAS,0.3
KLX150  L,AJUSTE DE CUNAS,0.3
KLX 250,AJUSTE DE CUNAS,0.3
NINJA 250,AJUSTE DE CUNAS,1
NINJA 250 FI,AJUSTE DE CUNAS,1
Z250,AJUSTE DE CUNAS,0.7
Z250 SL,AJUSTE DE CUNAS,0.7
ER-6n,AJUSTE DE CUNAS,0.7
TRANS-SPORT,AJUSTE DE CUNAS,0.7
MRX 150,AJUSTE DE CUNAS,0.3
FURAX,AJUSTE DE CUNAS,0.5
BOMBER 125,AJUSTE DE CUNAS,0.5
BOMBER 250,AJUSTE DE CUNAS,0.5
COMBAT 125,AJUSTE DE CUNAS,0.5
ZS,AJUSTE DE CUNAS,0.7
LIFE,AJUSTE DE CUNAS,7
HUNTER,AJUSTE DE CUNAS,1
BLACK,AJUSTE DE CUNAS,1.5
VENOM 400,AJUSTE DE CUNAS,0.5
VENOM 250,AJUSTE DE CUNAS,0.3
ONE,AJUSTE DE CUNAS,0.7
FLOW,AJUSTE DE CUNAS,0.7
ADVANCE II LF,AJUSTE DE CUNAS,0.7
ZONTES 155,AJUSTE DE CUNAS,0.7
ZONTES 310M,AJUSTE DE CUNAS,1.5
SHOCK,AJUSTE DE CUNAS,0.7
TNT150i,AJUSTE DE CUNAS,0.7
180S,AJUSTE DE CUNAS,0.7
TNT25N,AJUSTE DE CUNAS,0.7
LEONCINO 500,AJUSTE DE CUNAS,0.7
LEONCINO 250,AJUSTE DE CUNAS,0.7
TRK 500X,AJUSTE DE CUNAS,0.7
TRK 251,AJUSTE DE CUNAS,0.7
302 S,AJUSTE DE CUNAS,0.7
TOP BOY,CAMBIO DE BARRAS O BOTELLAS C/U,1
AGILITY,CAMBIO DE BARRAS O BOTELLAS C/U,1
AGILITY RS,CAMBIO DE BARRAS O BOTELLAS C/U,1
AGILITY CITY 150,CAMBIO DE BARRAS O BOTELLAS C/U,1
BET & WIN,CAMBIO DE BARRAS O BOTELLAS C/U,1
ACTIV,CAMBIO DE BARRAS O BOTELLAS C/U,1
SPIKE,CAMBIO DE BARRAS O BOTELLAS C/U,1
AGILITY RS  NAKED,CAMBIO DE BARRAS O BOTELLAS C/U,1
SUPER 8,CAMBIO DE BARRAS O BOTELLAS C/U,1
GACELA,CAMBIO DE BARRAS O BOTELLAS C/U,1
CRUCERO             x-town 300,CAMBIO DE BARRAS O BOTELLAS C/U,1
ROCKET,CAMBIO DE BARRAS O BOTELLAS C/U,1
FLY 125,CAMBIO DE BARRAS O BOTELLAS C/U,1
TWIST,CAMBIO DE BARRAS O BOTELLAS C/U,1
JETIX,CAMBIO DE BARRAS O BOTELLAS C/U,1
UNI-K 110,CAMBIO DE BARRAS O BOTELLAS C/U,1
TRACK,CAMBIO DE BARRAS O BOTELLAS C/U,1
PULSAR 135,CAMBIO DE BARRAS O BOTELLAS C/U,1
Perseo,CAMBIO DE BARRAS O BOTELLAS C/U,1
PULSAR,CAMBIO DE BARRAS O BOTELLAS C/U,1
PULSAR 180 UG,CAMBIO DE BARRAS O BOTELLAS C/U,1
PULSAR 150,CAMBIO DE BARRAS O BOTELLAS C/U,1
THOR 160,CAMBIO DE BARRAS O BOTELLAS C/U,1
PULSAR 200,CAMBIO DE BARRAS O BOTELLAS C/U,1
PULSAR 150 NS,CAMBIO DE BARRAS O BOTELLAS C/U,1.2
PULSAR 150 AS,CAMBIO DE BARRAS O BOTELLAS C/U,1.2
PULSAR 200 AS,CAMBIO DE BARRAS O BOTELLAS C/U,1.2
PULSAR 200 NS,CAMBIO DE BARRAS O BOTELLAS C/U,1.2
TITAN,CAMBIO DE BARRAS O BOTELLAS C/U,1.5
PULSAR  RS 200,CAMBIO DE BARRAS O BOTELLAS C/U,1.5
PULSAR 220,CAMBIO DE BARRAS O BOTELLAS C/U,1
AVENGER 220,CAMBIO DE BARRAS O BOTELLAS C/U,1
XCD,CAMBIO DE BARRAS O BOTELLAS C/U,1
DISCOVER 100,CAMBIO DE BARRAS O BOTELLAS C/U,1
DISCOVER 135,CAMBIO DE BARRAS O BOTELLAS C/U,1
BOXER,CAMBIO DE BARRAS O BOTELLAS C/U,1
LEXUS,CAMBIO DE BARRAS O BOTELLAS C/U,1
DISCOVER 100 5S,CAMBIO DE BARRAS O BOTELLAS C/U,1
DISCOVER 150,CAMBIO DE BARRAS O BOTELLAS C/U,1
CHAMPION,CAMBIO DE BARRAS O BOTELLAS C/U,1
DISCOVER 125 ST,CAMBIO DE BARRAS O BOTELLAS C/U,1
BOXER BM 100,CAMBIO DE BARRAS O BOTELLAS C/U,1
BOXER BM 150,CAMBIO DE BARRAS O BOTELLAS C/U,1
BOXER BM 100 ES,CAMBIO DE BARRAS O BOTELLAS C/U,1
PLATINO 125,CAMBIO DE BARRAS O BOTELLAS C/U,1
PLATINO 125 - 5S,CAMBIO DE BARRAS O BOTELLAS C/U,1
PLATINO 100,CAMBIO DE BARRAS O BOTELLAS C/U,1
PLATINO 110,CAMBIO DE BARRAS O BOTELLAS C/U,1
FAMILLY,CAMBIO DE BARRAS O BOTELLAS C/U,1
KAZE MAX II,CAMBIO DE BARRAS O BOTELLAS C/U,1
ZX 130- MAGIC II,CAMBIO DE BARRAS O BOTELLAS C/U,1
KMX,CAMBIO DE BARRAS O BOTELLAS C/U,1
KLX 150,CAMBIO DE BARRAS O BOTELLAS C/U,1
KLX150  L,CAMBIO DE BARRAS O BOTELLAS C/U,1
KLX 250,CAMBIO DE BARRAS O BOTELLAS C/U,1
NINJA 250,CAMBIO DE BARRAS O BOTELLAS C/U,1
NINJA 250 FI,CAMBIO DE BARRAS O BOTELLAS C/U,1
Z250,CAMBIO DE BARRAS O BOTELLAS C/U,1
Z250 SL,CAMBIO DE BARRAS O BOTELLAS C/U,1
ER-6n,CAMBIO DE BARRAS O BOTELLAS C/U,1
TRANS-SPORT,CAMBIO DE BARRAS O BOTELLAS C/U,1
MRX 150,CAMBIO DE BARRAS O BOTELLAS C/U,1
FURAX,CAMBIO DE BARRAS O BOTELLAS C/U,1
BOMBER 125,CAMBIO DE BARRAS O BOTELLAS C/U,1
BOMBER 250,CAMBIO DE BARRAS O BOTELLAS C/U,1
COMBAT 125,CAMBIO DE BARRAS O BOTELLAS C/U,1
ZS,CAMBIO DE BARRAS O BOTELLAS C/U,1
LIFE,CAMBIO DE BARRAS O BOTELLAS C/U,1.2
HUNTER,CAMBIO DE BARRAS O BOTELLAS C/U,1
BLACK,CAMBIO DE BARRAS O BOTELLAS C/U,1
VENOM 400,CAMBIO DE BARRAS O BOTELLAS C/U,0.7
VENOM 250,CAMBIO DE BARRAS O BOTELLAS C/U,1.2
ONE,CAMBIO DE BARRAS O BOTELLAS C/U,1
FLOW,CAMBIO DE BARRAS O BOTELLAS C/U,1
ADVANCE II LF,CAMBIO DE BARRAS O BOTELLAS C/U,1
ZONTES 155,CAMBIO DE BARRAS O BOTELLAS C/U,1
ZONTES 310M,CAMBIO DE BARRAS O BOTELLAS C/U,1.5
SHOCK,CAMBIO DE BARRAS O BOTELLAS C/U,1
TNT150i,CAMBIO DE BARRAS O BOTELLAS C/U,1
180S,CAMBIO DE BARRAS O BOTELLAS C/U,1
TNT25N,CAMBIO DE BARRAS O BOTELLAS C/U,1
LEONCINO 500,CAMBIO DE BARRAS O BOTELLAS C/U,1
LEONCINO 250,CAMBIO DE BARRAS O BOTELLAS C/U,1
TRK 500X,CAMBIO DE BARRAS O BOTELLAS C/U,1
TRK 251,CAMBIO DE BARRAS O BOTELLAS C/U,1
302 S,CAMBIO DE BARRAS O BOTELLAS C/U,1
TOP BOY,CAMBIO BUJES DE MOTOR,2
AGILITY,CAMBIO BUJES DE MOTOR,2
AGILITY RS,CAMBIO BUJES DE MOTOR,2
AGILITY CITY 150,CAMBIO BUJES DE MOTOR,2
BET & WIN,CAMBIO BUJES DE MOTOR,2
AGILITY RS  NAKED,CAMBIO BUJES DE MOTOR,2
SUPER 8,CAMBIO BUJES DE MOTOR,2
GACELA,CAMBIO BUJES DE MOTOR,2
CRUCERO             x-town 300,CAMBIO BUJES DE MOTOR,2
ROCKET,CAMBIO BUJES DE MOTOR,2
FLY 125,CAMBIO BUJES DE MOTOR,2
TWIST,CAMBIO BUJES DE MOTOR,2
PULSAR,CAMBIO BUJES DE MOTOR,1
PULSAR 180 UG,CAMBIO BUJES DE MOTOR,1
PULSAR 150,CAMBIO BUJES DE MOTOR,1
THOR 160,CAMBIO BUJES DE MOTOR,1
PULSAR 220,CAMBIO BUJES DE MOTOR,1
AVENGER 220,CAMBIO BUJES DE MOTOR,1
XCD,CAMBIO BUJES DE MOTOR,1
DISCOVER 100,CAMBIO BUJES DE MOTOR,1
DISCOVER 135,CAMBIO BUJES DE MOTOR,1
BOXER BM 150,CAMBIO BUJES DE MOTOR,1
BOXER BM 100 ES,CAMBIO BUJES DE MOTOR,1
PLATINO 125,CAMBIO BUJES DE MOTOR,1
PLATINO 125 - 5S,CAMBIO BUJES DE MOTOR,1
FURAX,CAMBIO BUJES DE MOTOR,2
ZS,CAMBIO BUJES DE MOTOR,2
LIFE,CAMBIO BUJES DE MOTOR,2
HUNTER,CAMBIO BUJES DE MOTOR,2
BLACK,CAMBIO BUJES DE MOTOR,2
ZONTES 310M,CAMBIO BUJES DE MOTOR,2
MOTOCARRO 4T,CAMBIO CANASTILLAS DE AGUJAS Y/O BUJES DE SUSPENSION TRASER  (C/U),3
TORITO,CAMBIO CANASTILLAS DE AGUJAS Y/O BUJES DE SUSPENSION TRASER  (C/U),3
KMX,CAMBIO CANASTILLAS DE AGUJAS Y/O BUJES DE SUSPENSION TRASER  (C/U),2
KLX 150,CAMBIO CANASTILLAS DE AGUJAS Y/O BUJES DE SUSPENSION TRASER  (C/U),2
KLX150  L,CAMBIO CANASTILLAS DE AGUJAS Y/O BUJES DE SUSPENSION TRASER  (C/U),2
KLX 250,CAMBIO CANASTILLAS DE AGUJAS Y/O BUJES DE SUSPENSION TRASER  (C/U),2.3
FURAX,CAMBIO CANASTILLAS DE AGUJAS Y/O BUJES DE SUSPENSION TRASER  (C/U),1
BOMBER 250,CAMBIO CANASTILLAS DE AGUJAS Y/O BUJES DE SUSPENSION TRASER  (C/U),1.5
VENOM 400,CAMBIO CANASTILLAS DE AGUJAS Y/O BUJES DE SUSPENSION TRASER  (C/U),2
TOP BOY,CAMBIO HORQUILLA INFERIOR,2.5
AGILITY,CAMBIO HORQUILLA INFERIOR,2.5
AGILITY RS,CAMBIO HORQUILLA INFERIOR,2.5
AGILITY CITY 150,CAMBIO HORQUILLA INFERIOR,2.5
BET & WIN,CAMBIO HORQUILLA INFERIOR,2.5
ACTIV,CAMBIO HORQUILLA INFERIOR,2.5
SPIKE,CAMBIO HORQUILLA INFERIOR,2.5
AGILITY RS  NAKED,CAMBIO HORQUILLA INFERIOR,2.5
SUPER 8,CAMBIO HORQUILLA INFERIOR,2.5
GACELA,CAMBIO HORQUILLA INFERIOR,2.5
CRUCERO             x-town 300,CAMBIO HORQUILLA INFERIOR,2.5
ROCKET,CAMBIO HORQUILLA INFERIOR,2.5
FLY 125,CAMBIO HORQUILLA INFERIOR,2.5
TWIST,CAMBIO HORQUILLA INFERIOR,2.5
JETIX,CAMBIO HORQUILLA INFERIOR,2.5
UNI-K 110,CAMBIO HORQUILLA INFERIOR,2.5
TRACK,CAMBIO HORQUILLA INFERIOR,2.5
PULSAR 135,CAMBIO HORQUILLA INFERIOR,2.5
Perseo,CAMBIO HORQUILLA INFERIOR,2.5
PULSAR,CAMBIO HORQUILLA INFERIOR,2.5
PULSAR 180 UG,CAMBIO HORQUILLA INFERIOR,2.5
PULSAR 150,CAMBIO HORQUILLA INFERIOR,2.5
THOR 160,CAMBIO HORQUILLA INFERIOR,2.5
PULSAR 200,CAMBIO HORQUILLA INFERIOR,4
PULSAR 150 NS,CAMBIO HORQUILLA INFERIOR,2.5
PULSAR 150 AS,CAMBIO HORQUILLA INFERIOR,2.5
PULSAR 200 AS,CAMBIO HORQUILLA INFERIOR,2.5
PULSAR 200 NS,CAMBIO HORQUILLA INFERIOR,2.5
TITAN,CAMBIO HORQUILLA INFERIOR,3
PULSAR  RS 200,CAMBIO HORQUILLA INFERIOR,3
PULSAR 220,CAMBIO HORQUILLA INFERIOR,4
AVENGER 220,CAMBIO HORQUILLA INFERIOR,3
XCD,CAMBIO HORQUILLA INFERIOR,2.5
DISCOVER 100,CAMBIO HORQUILLA INFERIOR,2.5
DISCOVER 135,CAMBIO HORQUILLA INFERIOR,2.5
BOXER,CAMBIO HORQUILLA INFERIOR,2.5
LEXUS,CAMBIO HORQUILLA INFERIOR,2.5
DISCOVER 100 5S,CAMBIO HORQUILLA INFERIOR,2.5
DISCOVER 150,CAMBIO HORQUILLA INFERIOR,2.5
CHAMPION,CAMBIO HORQUILLA INFERIOR,2.5
DISCOVER 125 ST,CAMBIO HORQUILLA INFERIOR,2.5
BOXER BM 100,CAMBIO HORQUILLA INFERIOR,2.5
BOXER BM 150,CAMBIO HORQUILLA INFERIOR,2.5
BOXER BM 100 ES,CAMBIO HORQUILLA INFERIOR,2.5
PLATINO 125,CAMBIO HORQUILLA INFERIOR,2.5
PLATINO 125 - 5S,CAMBIO HORQUILLA INFERIOR,2.5
PLATINO 100,CAMBIO HORQUILLA INFERIOR,2.5
PLATINO 110,CAMBIO HORQUILLA INFERIOR,2.5
FAMILLY,CAMBIO HORQUILLA INFERIOR,2.5
MOTOCARRO 4T,CAMBIO HORQUILLA INFERIOR,3
TORITO,CAMBIO HORQUILLA INFERIOR,3
KAZE MAX II,CAMBIO HORQUILLA INFERIOR,2.5
ZX 130- MAGIC II,CAMBIO HORQUILLA INFERIOR,3
KMX,CAMBIO HORQUILLA INFERIOR,2.5
KLX 150,CAMBIO HORQUILLA INFERIOR,2.5
KLX150  L,CAMBIO HORQUILLA INFERIOR,2.5
KLX 250,CAMBIO HORQUILLA INFERIOR,2.5
NINJA 250,CAMBIO HORQUILLA INFERIOR,2.5
NINJA 250 FI,CAMBIO HORQUILLA INFERIOR,2.5
Z250,CAMBIO HORQUILLA INFERIOR,2.5
Z250 SL,CAMBIO HORQUILLA INFERIOR,2.5
ER-6n,CAMBIO HORQUILLA INFERIOR,2.5
TRANS-SPORT,CAMBIO HORQUILLA INFERIOR,2.5
MRX 150,CAMBIO HORQUILLA INFERIOR,2.5
FURAX,CAMBIO HORQUILLA INFERIOR,2.5
BOMBER 125,CAMBIO HORQUILLA INFERIOR,2.5
BOMBER 250,CAMBIO HORQUILLA INFERIOR,2.5
COMBAT 125,CAMBIO HORQUILLA INFERIOR,2.5
ZS,CAMBIO HORQUILLA INFERIOR,2.5
LIFE,CAMBIO HORQUILLA INFERIOR,2.5
HUNTER,CAMBIO HORQUILLA INFERIOR,2
BLACK,CAMBIO HORQUILLA INFERIOR,2.5
VENOM 400,CAMBIO HORQUILLA INFERIOR,1.5
VENOM 250,CAMBIO HORQUILLA INFERIOR,2.5
ONE,CAMBIO HORQUILLA INFERIOR,2.5
FLOW,CAMBIO HORQUILLA INFERIOR,2.5
ADVANCE II LF,CAMBIO HORQUILLA INFERIOR,2.5
ZONTES 155,CAMBIO HORQUILLA INFERIOR,2.5
ZONTES 310M,CAMBIO HORQUILLA INFERIOR,2.5
SHOCK,CAMBIO HORQUILLA INFERIOR,2.5
TNT150i,CAMBIO HORQUILLA INFERIOR,2.5
180S,CAMBIO HORQUILLA INFERIOR,2.5
TNT25N,CAMBIO HORQUILLA INFERIOR,2.5
LEONCINO 500,CAMBIO HORQUILLA INFERIOR,2.5
LEONCINO 250,CAMBIO HORQUILLA INFERIOR,2.5
TRK 500X,CAMBIO HORQUILLA INFERIOR,3
TRK 251,CAMBIO HORQUILLA INFERIOR,2.5
302 S,CAMBIO HORQUILLA INFERIOR,2.5
TOP BOY,CAMBIO RETENEDOR BARRAS C/U,1
AGILITY,CAMBIO RETENEDOR BARRAS C/U,1
AGILITY RS,CAMBIO RETENEDOR BARRAS C/U,1
AGILITY CITY 150,CAMBIO RETENEDOR BARRAS C/U,1
BET & WIN,CAMBIO RETENEDOR BARRAS C/U,1.2
ACTIV,CAMBIO RETENEDOR BARRAS C/U,1
SPIKE,CAMBIO RETENEDOR BARRAS C/U,1
AGILITY RS  NAKED,CAMBIO RETENEDOR BARRAS C/U,1
SUPER 8,CAMBIO RETENEDOR BARRAS C/U,1
GACELA,CAMBIO RETENEDOR BARRAS C/U,1
CRUCERO             x-town 300,CAMBIO RETENEDOR BARRAS C/U,1.2
ROCKET,CAMBIO RETENEDOR BARRAS C/U,1
FLY 125,CAMBIO RETENEDOR BARRAS C/U,1
TWIST,CAMBIO RETENEDOR BARRAS C/U,1
JETIX,CAMBIO RETENEDOR BARRAS C/U,1
UNI-K 110,CAMBIO RETENEDOR BARRAS C/U,1
TRACK,CAMBIO RETENEDOR BARRAS C/U,1
PULSAR 135,CAMBIO RETENEDOR BARRAS C/U,1
Perseo,CAMBIO RETENEDOR BARRAS C/U,1
PULSAR,CAMBIO RETENEDOR BARRAS C/U,1
PULSAR 180 UG,CAMBIO RETENEDOR BARRAS C/U,1
PULSAR 150,CAMBIO RETENEDOR BARRAS C/U,1
THOR 160,CAMBIO RETENEDOR BARRAS C/U,1
PULSAR 200,CAMBIO RETENEDOR BARRAS C/U,1
PULSAR 150 NS,CAMBIO RETENEDOR BARRAS C/U,1
PULSAR 150 AS,CAMBIO RETENEDOR BARRAS C/U,1
PULSAR 200 AS,CAMBIO RETENEDOR BARRAS C/U,1
PULSAR 200 NS,CAMBIO RETENEDOR BARRAS C/U,1
TITAN,CAMBIO RETENEDOR BARRAS C/U,1.3
PULSAR  RS 200,CAMBIO RETENEDOR BARRAS C/U,1.3
PULSAR 220,CAMBIO RETENEDOR BARRAS C/U,1
AVENGER 220,CAMBIO RETENEDOR BARRAS C/U,1
XCD,CAMBIO RETENEDOR BARRAS C/U,1
DISCOVER 100,CAMBIO RETENEDOR BARRAS C/U,1
DISCOVER 135,CAMBIO RETENEDOR BARRAS C/U,1
BOXER,CAMBIO RETENEDOR BARRAS C/U,1
LEXUS,CAMBIO RETENEDOR BARRAS C/U,1
DISCOVER 100 5S,CAMBIO RETENEDOR BARRAS C/U,1
DISCOVER 150,CAMBIO RETENEDOR BARRAS C/U,1
CHAMPION,CAMBIO RETENEDOR BARRAS C/U,1
DISCOVER 125 ST,CAMBIO RETENEDOR BARRAS C/U,1
BOXER BM 100,CAMBIO RETENEDOR BARRAS C/U,1
BOXER BM 150,CAMBIO RETENEDOR BARRAS C/U,1
BOXER BM 100 ES,CAMBIO RETENEDOR BARRAS C/U,1
PLATINO 125,CAMBIO RETENEDOR BARRAS C/U,1
PLATINO 125 - 5S,CAMBIO RETENEDOR BARRAS C/U,1
PLATINO 100,CAMBIO RETENEDOR BARRAS C/U,1
PLATINO 110,CAMBIO RETENEDOR BARRAS C/U,1
FAMILLY,CAMBIO RETENEDOR BARRAS C/U,1
KAZE MAX II,CAMBIO RETENEDOR BARRAS C/U,1
ZX 130- MAGIC II,CAMBIO RETENEDOR BARRAS C/U,1.2
KMX,CAMBIO RETENEDOR BARRAS C/U,1
KLX 150,CAMBIO RETENEDOR BARRAS C/U,1
KLX150  L,CAMBIO RETENEDOR BARRAS C/U,1
KLX 250,CAMBIO RETENEDOR BARRAS C/U,1.5
NINJA 250,CAMBIO RETENEDOR BARRAS C/U,1
NINJA 250 FI,CAMBIO RETENEDOR BARRAS C/U,1
Z250,CAMBIO RETENEDOR BARRAS C/U,1
Z250 SL,CAMBIO RETENEDOR BARRAS C/U,1
ER-6n,CAMBIO RETENEDOR BARRAS C/U,1
TRANS-SPORT,CAMBIO RETENEDOR BARRAS C/U,1
MRX 150,CAMBIO RETENEDOR BARRAS C/U,1
FURAX,CAMBIO RETENEDOR BARRAS C/U,1
BOMBER 125,CAMBIO RETENEDOR BARRAS C/U,1
BOMBER 250,CAMBIO RETENEDOR BARRAS C/U,1.5
COMBAT 125,CAMBIO RETENEDOR BARRAS C/U,1
ZS,CAMBIO RETENEDOR BARRAS C/U,1
LIFE,CAMBIO RETENEDOR BARRAS C/U,1
HUNTER,CAMBIO RETENEDOR BARRAS C/U,1.2
BLACK,CAMBIO RETENEDOR BARRAS C/U,1.2
VENOM 400,CAMBIO RETENEDOR BARRAS C/U,1
VENOM 250,CAMBIO RETENEDOR BARRAS C/U,1
ONE,CAMBIO RETENEDOR BARRAS C/U,1
FLOW,CAMBIO RETENEDOR BARRAS C/U,1
ADVANCE II LF,CAMBIO RETENEDOR BARRAS C/U,1
ZONTES 155,CAMBIO RETENEDOR BARRAS C/U,1
ZONTES 310M,CAMBIO RETENEDOR BARRAS C/U,1.2
SHOCK,CAMBIO RETENEDOR BARRAS C/U,1
TNT150i,CAMBIO RETENEDOR BARRAS C/U,1
180S,CAMBIO RETENEDOR BARRAS C/U,1
TNT25N,CAMBIO RETENEDOR BARRAS C/U,1
LEONCINO 500,CAMBIO RETENEDOR BARRAS C/U,1
LEONCINO 250,CAMBIO RETENEDOR BARRAS C/U,1
TRK 500X,CAMBIO RETENEDOR BARRAS C/U,1
TRK 251,CAMBIO RETENEDOR BARRAS C/U,1
302 S,CAMBIO RETENEDOR BARRAS C/U,1
TOP BOY,CAMBIO AMORTIGUADOR TRASERO (C/U),0.7
AGILITY,CAMBIO AMORTIGUADOR TRASERO (C/U),0.7
AGILITY RS,CAMBIO AMORTIGUADOR TRASERO (C/U),0.7
AGILITY CITY 150,CAMBIO AMORTIGUADOR TRASERO (C/U),0.7
BET & WIN,CAMBIO AMORTIGUADOR TRASERO (C/U),0.3
ACTIV,CAMBIO AMORTIGUADOR TRASERO (C/U),0.7
SPIKE,CAMBIO AMORTIGUADOR TRASERO (C/U),1
AGILITY RS  NAKED,CAMBIO AMORTIGUADOR TRASERO (C/U),0.7
SUPER 8,CAMBIO AMORTIGUADOR TRASERO (C/U),0.7
GACELA,CAMBIO AMORTIGUADOR TRASERO (C/U),0.7
CRUCERO             x-town 300,CAMBIO AMORTIGUADOR TRASERO (C/U),1
ROCKET,CAMBIO AMORTIGUADOR TRASERO (C/U),0.7
FLY 125,CAMBIO AMORTIGUADOR TRASERO (C/U),0.7
TWIST,CAMBIO AMORTIGUADOR TRASERO (C/U),0.7
JETIX,CAMBIO AMORTIGUADOR TRASERO (C/U),1
UNI-K 110,CAMBIO AMORTIGUADOR TRASERO (C/U),0.7
TRACK,CAMBIO AMORTIGUADOR TRASERO (C/U),0.7
PULSAR 135,CAMBIO AMORTIGUADOR TRASERO (C/U),0.3
Perseo,CAMBIO AMORTIGUADOR TRASERO (C/U),0.3
PULSAR,CAMBIO AMORTIGUADOR TRASERO (C/U),0.3
PULSAR 180 UG,CAMBIO AMORTIGUADOR TRASERO (C/U),0.3
PULSAR 150,CAMBIO AMORTIGUADOR TRASERO (C/U),0.3
THOR 160,CAMBIO AMORTIGUADOR TRASERO (C/U),0.5
PULSAR 200,CAMBIO AMORTIGUADOR TRASERO (C/U),0.7
PULSAR 150 NS,CAMBIO AMORTIGUADOR TRASERO (C/U),0.5
PULSAR 150 AS,CAMBIO AMORTIGUADOR TRASERO (C/U),0.5
PULSAR 200 AS,CAMBIO AMORTIGUADOR TRASERO (C/U),0.5
PULSAR 200 NS,CAMBIO AMORTIGUADOR TRASERO (C/U),0.5
TITAN,CAMBIO AMORTIGUADOR TRASERO (C/U),1
PULSAR  RS 200,CAMBIO AMORTIGUADOR TRASERO (C/U),1
PULSAR 220,CAMBIO AMORTIGUADOR TRASERO (C/U),0.3
AVENGER 220,CAMBIO AMORTIGUADOR TRASERO (C/U),0.3
XCD,CAMBIO AMORTIGUADOR TRASERO (C/U),0.3
DISCOVER 100,CAMBIO AMORTIGUADOR TRASERO (C/U),0.3
DISCOVER 135,CAMBIO AMORTIGUADOR TRASERO (C/U),0.3
BOXER,CAMBIO AMORTIGUADOR TRASERO (C/U),0.3
LEXUS,CAMBIO AMORTIGUADOR TRASERO (C/U),0.3
DISCOVER 100 5S,CAMBIO AMORTIGUADOR TRASERO (C/U),0.3
DISCOVER 150,CAMBIO AMORTIGUADOR TRASERO (C/U),0.3
CHAMPION,CAMBIO AMORTIGUADOR TRASERO (C/U),0.3
DISCOVER 125 ST,CAMBIO AMORTIGUADOR TRASERO (C/U),0.3
BOXER BM 100,CAMBIO AMORTIGUADOR TRASERO (C/U),0.3
BOXER BM 150,CAMBIO AMORTIGUADOR TRASERO (C/U),0.3
BOXER BM 100 ES,CAMBIO AMORTIGUADOR TRASERO (C/U),0.3
PLATINO 125,CAMBIO AMORTIGUADOR TRASERO (C/U),0.3
PLATINO 125 - 5S,CAMBIO AMORTIGUADOR TRASERO (C/U),0.3
PLATINO 100,CAMBIO AMORTIGUADOR TRASERO (C/U),0.3
PLATINO 110,CAMBIO AMORTIGUADOR TRASERO (C/U),0.3
FAMILLY,CAMBIO AMORTIGUADOR TRASERO (C/U),0.3
MOTOCARRO 4T,CAMBIO AMORTIGUADOR TRASERO (C/U),1
TORITO,CAMBIO AMORTIGUADOR TRASERO (C/U),1
KAZE MAX II,CAMBIO AMORTIGUADOR TRASERO (C/U),0.5
ZX 130- MAGIC II,CAMBIO AMORTIGUADOR TRASERO (C/U),1
KMX,CAMBIO AMORTIGUADOR TRASERO (C/U),0.7
KLX 150,CAMBIO AMORTIGUADOR TRASERO (C/U),0.7
KLX150  L,CAMBIO AMORTIGUADOR TRASERO (C/U),0.7
KLX 250,CAMBIO AMORTIGUADOR TRASERO (C/U),0.7
NINJA 250,CAMBIO AMORTIGUADOR TRASERO (C/U),0.6
NINJA 250 FI,CAMBIO AMORTIGUADOR TRASERO (C/U),0.6
Z250,CAMBIO AMORTIGUADOR TRASERO (C/U),0.6
Z250 SL,CAMBIO AMORTIGUADOR TRASERO (C/U),0.6
ER-6n,CAMBIO AMORTIGUADOR TRASERO (C/U),0.6
TRANS-SPORT,CAMBIO AMORTIGUADOR TRASERO (C/U),0.4
MRX 150,CAMBIO AMORTIGUADOR TRASERO (C/U),0.7
FURAX,CAMBIO AMORTIGUADOR TRASERO (C/U),0.8
BOMBER 125,CAMBIO AMORTIGUADOR TRASERO (C/U),0.3
BOMBER 250,CAMBIO AMORTIGUADOR TRASERO (C/U),1
COMBAT 125,CAMBIO AMORTIGUADOR TRASERO (C/U),0.3
ZS,CAMBIO AMORTIGUADOR TRASERO (C/U),0.5
LIFE,CAMBIO AMORTIGUADOR TRASERO (C/U),0.7
HUNTER,CAMBIO AMORTIGUADOR TRASERO (C/U),1
BLACK,CAMBIO AMORTIGUADOR TRASERO (C/U),1
VENOM 400,CAMBIO AMORTIGUADOR TRASERO (C/U),0.7
VENOM 250,CAMBIO AMORTIGUADOR TRASERO (C/U),0.5
ONE,CAMBIO AMORTIGUADOR TRASERO (C/U),0.7
FLOW,CAMBIO AMORTIGUADOR TRASERO (C/U),0.7
ADVANCE II LF,CAMBIO AMORTIGUADOR TRASERO (C/U),0.7
ZONTES 155,CAMBIO AMORTIGUADOR TRASERO (C/U),0.8
ZONTES 310M,CAMBIO AMORTIGUADOR TRASERO (C/U),1
SHOCK,CAMBIO AMORTIGUADOR TRASERO (C/U),0.7
TNT150i,CAMBIO AMORTIGUADOR TRASERO (C/U),0.8
180S,CAMBIO AMORTIGUADOR TRASERO (C/U),0.8
TNT25N,CAMBIO AMORTIGUADOR TRASERO (C/U),0.8
LEONCINO 500,CAMBIO AMORTIGUADOR TRASERO (C/U),0.6
LEONCINO 250,CAMBIO AMORTIGUADOR TRASERO (C/U),0.8
TRK 500X,CAMBIO AMORTIGUADOR TRASERO (C/U),0.6
TRK 251,CAMBIO AMORTIGUADOR TRASERO (C/U),0.8
302 S,CAMBIO AMORTIGUADOR TRASERO (C/U),1
BET & WIN,CAMBIO TIJERA ( BRAZO OSCILANTE ),1
ACTIV,CAMBIO TIJERA ( BRAZO OSCILANTE ),1.5
SPIKE,CAMBIO TIJERA ( BRAZO OSCILANTE ),1.5
JETIX,CAMBIO TIJERA ( BRAZO OSCILANTE ),1.5
UNI-K 110,CAMBIO TIJERA ( BRAZO OSCILANTE ),1.5
TRACK,CAMBIO TIJERA ( BRAZO OSCILANTE ),1.5
PULSAR 135,CAMBIO TIJERA ( BRAZO OSCILANTE ),1.5
Perseo,CAMBIO TIJERA ( BRAZO OSCILANTE ),1.5
PULSAR,CAMBIO TIJERA ( BRAZO OSCILANTE ),1.5
PULSAR 180 UG,CAMBIO TIJERA ( BRAZO OSCILANTE ),1.5
PULSAR 150,CAMBIO TIJERA ( BRAZO OSCILANTE ),1.5
THOR 160,CAMBIO TIJERA ( BRAZO OSCILANTE ),1.5
PULSAR 200,CAMBIO TIJERA ( BRAZO OSCILANTE ),1.5
PULSAR 150 NS,CAMBIO TIJERA ( BRAZO OSCILANTE ),1.5
PULSAR 150 AS,CAMBIO TIJERA ( BRAZO OSCILANTE ),1.5
PULSAR 200 AS,CAMBIO TIJERA ( BRAZO OSCILANTE ),1.5
PULSAR 200 NS,CAMBIO TIJERA ( BRAZO OSCILANTE ),1.5
TITAN,CAMBIO TIJERA ( BRAZO OSCILANTE ),1.5
PULSAR  RS 200,CAMBIO TIJERA ( BRAZO OSCILANTE ),1.5
PULSAR 220,CAMBIO TIJERA ( BRAZO OSCILANTE ),1.5
AVENGER 220,CAMBIO TIJERA ( BRAZO OSCILANTE ),1.5
XCD,CAMBIO TIJERA ( BRAZO OSCILANTE ),1.5
DISCOVER 100,CAMBIO TIJERA ( BRAZO OSCILANTE ),1.5
DISCOVER 135,CAMBIO TIJERA ( BRAZO OSCILANTE ),1.5
BOXER,CAMBIO TIJERA ( BRAZO OSCILANTE ),1.5
LEXUS,CAMBIO TIJERA ( BRAZO OSCILANTE ),1.5
DISCOVER 100 5S,CAMBIO TIJERA ( BRAZO OSCILANTE ),1.5
DISCOVER 150,CAMBIO TIJERA ( BRAZO OSCILANTE ),1.5
CHAMPION,CAMBIO TIJERA ( BRAZO OSCILANTE ),1.5
DISCOVER 125 ST,CAMBIO TIJERA ( BRAZO OSCILANTE ),1.5
BOXER BM 100,CAMBIO TIJERA ( BRAZO OSCILANTE ),1.5
BOXER BM 150,CAMBIO TIJERA ( BRAZO OSCILANTE ),1.5
BOXER BM 100 ES,CAMBIO TIJERA ( BRAZO OSCILANTE ),1.5
PLATINO 125,CAMBIO TIJERA ( BRAZO OSCILANTE ),1.5
PLATINO 125 - 5S,CAMBIO TIJERA ( BRAZO OSCILANTE ),1.5
PLATINO 100,CAMBIO TIJERA ( BRAZO OSCILANTE ),1.5
PLATINO 110,CAMBIO TIJERA ( BRAZO OSCILANTE ),1.5
FAMILLY,CAMBIO TIJERA ( BRAZO OSCILANTE ),1.5
MOTOCARRO 4T,CAMBIO TIJERA ( BRAZO OSCILANTE ),3
TORITO,CAMBIO TIJERA ( BRAZO OSCILANTE ),3
KAZE MAX II,CAMBIO TIJERA ( BRAZO OSCILANTE ),1.7
ZX 130- MAGIC II,CAMBIO TIJERA ( BRAZO OSCILANTE ),1.5
KMX,CAMBIO TIJERA ( BRAZO OSCILANTE ),2
KLX 150,CAMBIO TIJERA ( BRAZO OSCILANTE ),2
KLX150  L,CAMBIO TIJERA ( BRAZO OSCILANTE ),2
KLX 250,CAMBIO TIJERA ( BRAZO OSCILANTE ),2
NINJA 250,CAMBIO TIJERA ( BRAZO OSCILANTE ),1.5
NINJA 250 FI,CAMBIO TIJERA ( BRAZO OSCILANTE ),1.5
Z250,CAMBIO TIJERA ( BRAZO OSCILANTE ),1.5
Z250 SL,CAMBIO TIJERA ( BRAZO OSCILANTE ),1.5
ER-6n,CAMBIO TIJERA ( BRAZO OSCILANTE ),2
TRANS-SPORT,CAMBIO TIJERA ( BRAZO OSCILANTE ),1.7
MRX 150,CAMBIO TIJERA ( BRAZO OSCILANTE ),2
FURAX,CAMBIO TIJERA ( BRAZO OSCILANTE ),1.7
BOMBER 125,CAMBIO TIJERA ( BRAZO OSCILANTE ),1.5
BOMBER 250,CAMBIO TIJERA ( BRAZO OSCILANTE ),1.5
COMBAT 125,CAMBIO TIJERA ( BRAZO OSCILANTE ),1.5
VENOM 400,CAMBIO TIJERA ( BRAZO OSCILANTE ),1.5
VENOM 250,CAMBIO TIJERA ( BRAZO OSCILANTE ),1.5
ONE,CAMBIO TIJERA ( BRAZO OSCILANTE ),1.5
FLOW,CAMBIO TIJERA ( BRAZO OSCILANTE ),1.5
ADVANCE II LF,CAMBIO TIJERA ( BRAZO OSCILANTE ),1.5
ZONTES 155,CAMBIO TIJERA ( BRAZO OSCILANTE ),1.5
SHOCK,CAMBIO TIJERA ( BRAZO OSCILANTE ),1.5
TNT150i,CAMBIO TIJERA ( BRAZO OSCILANTE ),1.5
180S,CAMBIO TIJERA ( BRAZO OSCILANTE ),1.5
TNT25N,CAMBIO TIJERA ( BRAZO OSCILANTE ),1.5
LEONCINO 500,CAMBIO TIJERA ( BRAZO OSCILANTE ),2
LEONCINO 250,CAMBIO TIJERA ( BRAZO OSCILANTE ),1.5
TRK 500X,CAMBIO TIJERA ( BRAZO OSCILANTE ),2.5
TRK 251,CAMBIO TIJERA ( BRAZO OSCILANTE ),1.5
302 S,CAMBIO TIJERA ( BRAZO OSCILANTE ),1.5
TOP BOY,CAMBIO REPOSAPIÉS DELANTERO O TRASERO C/U,0.3
ACTIV,CAMBIO REPOSAPIÉS DELANTERO O TRASERO C/U,0.3
SPIKE,CAMBIO REPOSAPIÉS DELANTERO O TRASERO C/U,0.3
JETIX,CAMBIO REPOSAPIÉS DELANTERO O TRASERO C/U,0.3
UNI-K 110,CAMBIO REPOSAPIÉS DELANTERO O TRASERO C/U,0.3
TRACK,CAMBIO REPOSAPIÉS DELANTERO O TRASERO C/U,0.3
PULSAR 135,CAMBIO REPOSAPIÉS DELANTERO O TRASERO C/U,0.2
Perseo,CAMBIO REPOSAPIÉS DELANTERO O TRASERO C/U,0.2
PULSAR,CAMBIO REPOSAPIÉS DELANTERO O TRASERO C/U,0.2
PULSAR 180 UG,CAMBIO REPOSAPIÉS DELANTERO O TRASERO C/U,0.2
PULSAR 150,CAMBIO REPOSAPIÉS DELANTERO O TRASERO C/U,0.2
THOR 160,CAMBIO REPOSAPIÉS DELANTERO O TRASERO C/U,0.2
PULSAR 200,CAMBIO REPOSAPIÉS DELANTERO O TRASERO C/U,0.2
PULSAR 150 NS,CAMBIO REPOSAPIÉS DELANTERO O TRASERO C/U,0.2
PULSAR 150 AS,CAMBIO REPOSAPIÉS DELANTERO O TRASERO C/U,0.2
PULSAR 200 AS,CAMBIO REPOSAPIÉS DELANTERO O TRASERO C/U,0.2
PULSAR 200 NS,CAMBIO REPOSAPIÉS DELANTERO O TRASERO C/U,0.2
TITAN,CAMBIO REPOSAPIÉS DELANTERO O TRASERO C/U,0.2
PULSAR  RS 200,CAMBIO REPOSAPIÉS DELANTERO O TRASERO C/U,0.2
PULSAR 220,CAMBIO REPOSAPIÉS DELANTERO O TRASERO C/U,0.2
AVENGER 220,CAMBIO REPOSAPIÉS DELANTERO O TRASERO C/U,0.3
XCD,CAMBIO REPOSAPIÉS DELANTERO O TRASERO C/U,0.3
DISCOVER 100,CAMBIO REPOSAPIÉS DELANTERO O TRASERO C/U,0.3
DISCOVER 135,CAMBIO REPOSAPIÉS DELANTERO O TRASERO C/U,0.3
BOXER,CAMBIO REPOSAPIÉS DELANTERO O TRASERO C/U,0.3
LEXUS,CAMBIO REPOSAPIÉS DELANTERO O TRASERO C/U,0.3
DISCOVER 100 5S,CAMBIO REPOSAPIÉS DELANTERO O TRASERO C/U,0.21
DISCOVER 150,CAMBIO REPOSAPIÉS DELANTERO O TRASERO C/U,0.2
CHAMPION,CAMBIO REPOSAPIÉS DELANTERO O TRASERO C/U,0.2
DISCOVER 125 ST,CAMBIO REPOSAPIÉS DELANTERO O TRASERO C/U,0.2
BOXER BM 100,CAMBIO REPOSAPIÉS DELANTERO O TRASERO C/U,0.3
BOXER BM 150,CAMBIO REPOSAPIÉS DELANTERO O TRASERO C/U,0.3
BOXER BM 100 ES,CAMBIO REPOSAPIÉS DELANTERO O TRASERO C/U,0.3
PLATINO 125,CAMBIO REPOSAPIÉS DELANTERO O TRASERO C/U,0.3
PLATINO 125 - 5S,CAMBIO REPOSAPIÉS DELANTERO O TRASERO C/U,0.3
PLATINO 100,CAMBIO REPOSAPIÉS DELANTERO O TRASERO C/U,0.3
PLATINO 110,CAMBIO REPOSAPIÉS DELANTERO O TRASERO C/U,0.3
FAMILLY,CAMBIO REPOSAPIÉS DELANTERO O TRASERO C/U,0.3
KAZE MAX II,CAMBIO REPOSAPIÉS DELANTERO O TRASERO C/U,0.3
ZX 130- MAGIC II,CAMBIO REPOSAPIÉS DELANTERO O TRASERO C/U,0.3
KMX,CAMBIO REPOSAPIÉS DELANTERO O TRASERO C/U,0.2
KLX 150,CAMBIO REPOSAPIÉS DELANTERO O TRASERO C/U,0.2
KLX150  L,CAMBIO REPOSAPIÉS DELANTERO O TRASERO C/U,0.2
KLX 250,CAMBIO REPOSAPIÉS DELANTERO O TRASERO C/U,0.2
NINJA 250,CAMBIO REPOSAPIÉS DELANTERO O TRASERO C/U,0.3
NINJA 250 FI,CAMBIO REPOSAPIÉS DELANTERO O TRASERO C/U,0.3
Z250,CAMBIO REPOSAPIÉS DELANTERO O TRASERO C/U,0.3
Z250 SL,CAMBIO REPOSAPIÉS DELANTERO O TRASERO C/U,0.3
ER-6n,CAMBIO REPOSAPIÉS DELANTERO O TRASERO C/U,0.3
TRANS-SPORT,CAMBIO REPOSAPIÉS DELANTERO O TRASERO C/U,0.3
MRX 150,CAMBIO REPOSAPIÉS DELANTERO O TRASERO C/U,0.2
FURAX,CAMBIO REPOSAPIÉS DELANTERO O TRASERO C/U,0.3
BOMBER 125,CAMBIO REPOSAPIÉS DELANTERO O TRASERO C/U,0.3
BOMBER 250,CAMBIO REPOSAPIÉS DELANTERO O TRASERO C/U,0.5
COMBAT 125,CAMBIO REPOSAPIÉS DELANTERO O TRASERO C/U,0.3
VENOM 400,CAMBIO REPOSAPIÉS DELANTERO O TRASERO C/U,0.3
VENOM 250,CAMBIO REPOSAPIÉS DELANTERO O TRASERO C/U,0.2
ONE,CAMBIO REPOSAPIÉS DELANTERO O TRASERO C/U,0.3
FLOW,CAMBIO REPOSAPIÉS DELANTERO O TRASERO C/U,0.3
ADVANCE II LF,CAMBIO REPOSAPIÉS DELANTERO O TRASERO C/U,0.3
ZONTES 155,CAMBIO REPOSAPIÉS DELANTERO O TRASERO C/U,0.3
SHOCK,CAMBIO REPOSAPIÉS DELANTERO O TRASERO C/U,0.3
TNT150i,CAMBIO REPOSAPIÉS DELANTERO O TRASERO C/U,0.3
180S,CAMBIO REPOSAPIÉS DELANTERO O TRASERO C/U,0.3
TNT25N,CAMBIO REPOSAPIÉS DELANTERO O TRASERO C/U,0.3
LEONCINO 500,CAMBIO REPOSAPIÉS DELANTERO O TRASERO C/U,0.3
LEONCINO 250,CAMBIO REPOSAPIÉS DELANTERO O TRASERO C/U,0.3
TRK 500X,CAMBIO REPOSAPIÉS DELANTERO O TRASERO C/U,0.3
TRK 251,CAMBIO REPOSAPIÉS DELANTERO O TRASERO C/U,0.3
302 S,CAMBIO REPOSAPIÉS DELANTERO O TRASERO C/U,0.3
TOP BOY,CAMBIO  ACEITE BARRAS C/U,1.5
AGILITY,CAMBIO  ACEITE BARRAS C/U,0.8
AGILITY RS,CAMBIO  ACEITE BARRAS C/U,0.8
AGILITY CITY 150,CAMBIO  ACEITE BARRAS C/U,1
BET & WIN,CAMBIO  ACEITE BARRAS C/U,1
ACTIV,CAMBIO  ACEITE BARRAS C/U,0.8
SPIKE,CAMBIO  ACEITE BARRAS C/U,0.8
AGILITY RS  NAKED,CAMBIO  ACEITE BARRAS C/U,0.8
SUPER 8,CAMBIO  ACEITE BARRAS C/U,0.8
GACELA,CAMBIO  ACEITE BARRAS C/U,0.8
CRUCERO             x-town 300,CAMBIO  ACEITE BARRAS C/U,1
ROCKET,CAMBIO  ACEITE BARRAS C/U,0.8
FLY 125,CAMBIO  ACEITE BARRAS C/U,0.8
TWIST,CAMBIO  ACEITE BARRAS C/U,0.8
JETIX,CAMBIO  ACEITE BARRAS C/U,0.8
UNI-K 110,CAMBIO  ACEITE BARRAS C/U,0.8
TRACK,CAMBIO  ACEITE BARRAS C/U,0.8
PULSAR 135,CAMBIO  ACEITE BARRAS C/U,0.8
Perseo,CAMBIO  ACEITE BARRAS C/U,0.8
PULSAR,CAMBIO  ACEITE BARRAS C/U,0.8
PULSAR 180 UG,CAMBIO  ACEITE BARRAS C/U,0.8
PULSAR 150,CAMBIO  ACEITE BARRAS C/U,0.8
THOR 160,CAMBIO  ACEITE BARRAS C/U,0.8
PULSAR 200,CAMBIO  ACEITE BARRAS C/U,0.8
PULSAR 150 NS,CAMBIO  ACEITE BARRAS C/U,0.8
PULSAR 150 AS,CAMBIO  ACEITE BARRAS C/U,0.8
PULSAR 200 AS,CAMBIO  ACEITE BARRAS C/U,0.8
PULSAR 200 NS,CAMBIO  ACEITE BARRAS C/U,0.8
TITAN,CAMBIO  ACEITE BARRAS C/U,1.1
PULSAR  RS 200,CAMBIO  ACEITE BARRAS C/U,1.1
PULSAR 220,CAMBIO  ACEITE BARRAS C/U,0.8
AVENGER 220,CAMBIO  ACEITE BARRAS C/U,0.8
XCD,CAMBIO  ACEITE BARRAS C/U,0.8
DISCOVER 100,CAMBIO  ACEITE BARRAS C/U,0.8
DISCOVER 135,CAMBIO  ACEITE BARRAS C/U,0.8
BOXER,CAMBIO  ACEITE BARRAS C/U,0.8
LEXUS,CAMBIO  ACEITE BARRAS C/U,0.8
DISCOVER 100 5S,CAMBIO  ACEITE BARRAS C/U,0.8
DISCOVER 150,CAMBIO  ACEITE BARRAS C/U,0.8
CHAMPION,CAMBIO  ACEITE BARRAS C/U,0.8
DISCOVER 125 ST,CAMBIO  ACEITE BARRAS C/U,0.8
BOXER BM 100,CAMBIO  ACEITE BARRAS C/U,0.8
BOXER BM 150,CAMBIO  ACEITE BARRAS C/U,0.8
BOXER BM 100 ES,CAMBIO  ACEITE BARRAS C/U,0.8
PLATINO 125,CAMBIO  ACEITE BARRAS C/U,0.8
PLATINO 125 - 5S,CAMBIO  ACEITE BARRAS C/U,0.8
PLATINO 100,CAMBIO  ACEITE BARRAS C/U,0.8
PLATINO 110,CAMBIO  ACEITE BARRAS C/U,0.8
FAMILLY,CAMBIO  ACEITE BARRAS C/U,0.8
MOTOCARRO 4T,CAMBIO  ACEITE BARRAS C/U,0.8
MOTOCARRO DIESEL,CAMBIO  ACEITE BARRAS C/U,0.8
KAZE MAX II,CAMBIO  ACEITE BARRAS C/U,1
ZX 130- MAGIC II,CAMBIO  ACEITE BARRAS C/U,1
KMX,CAMBIO  ACEITE BARRAS C/U,0.8
KLX 150,CAMBIO  ACEITE BARRAS C/U,0.8
KLX150  L,CAMBIO  ACEITE BARRAS C/U,0.8
KLX 250,CAMBIO  ACEITE BARRAS C/U,0.9
NINJA 250,CAMBIO  ACEITE BARRAS C/U,0.8
NINJA 250 FI,CAMBIO  ACEITE BARRAS C/U,0.8
Z250,CAMBIO  ACEITE BARRAS C/U,0.8
Z250 SL,CAMBIO  ACEITE BARRAS C/U,0.8
ER-6n,CAMBIO  ACEITE BARRAS C/U,0.8
TRANS-SPORT,CAMBIO  ACEITE BARRAS C/U,0.8
MRX 150,CAMBIO  ACEITE BARRAS C/U,0.8
FURAX,CAMBIO  ACEITE BARRAS C/U,0.8
BOMBER 125,CAMBIO  ACEITE BARRAS C/U,0.8
BOMBER 250,CAMBIO  ACEITE BARRAS C/U,1
COMBAT 125,CAMBIO  ACEITE BARRAS C/U,0.8
ZS,CAMBIO  ACEITE BARRAS C/U,0.8
LIFE,CAMBIO  ACEITE BARRAS C/U,0.8
HUNTER,CAMBIO  ACEITE BARRAS C/U,1
BLACK,CAMBIO  ACEITE BARRAS C/U,1
VENOM 400,CAMBIO  ACEITE BARRAS C/U,0.7
VENOM 250,CAMBIO  ACEITE BARRAS C/U,0.8
ONE,CAMBIO  ACEITE BARRAS C/U,0.8
FLOW,CAMBIO  ACEITE BARRAS C/U,0.8
ADVANCE II LF,CAMBIO  ACEITE BARRAS C/U,0.8
ZONTES 155,CAMBIO  ACEITE BARRAS C/U,0.8
ZONTES 310M,CAMBIO  ACEITE BARRAS C/U,1
SHOCK,CAMBIO  ACEITE BARRAS C/U,0.8
TNT150i,CAMBIO  ACEITE BARRAS C/U,0.8
180S,CAMBIO  ACEITE BARRAS C/U,0.8
TNT25N,CAMBIO  ACEITE BARRAS C/U,0.8
LEONCINO 500,CAMBIO  ACEITE BARRAS C/U,0.8
LEONCINO 250,CAMBIO  ACEITE BARRAS C/U,0.8
TRK 500X,CAMBIO  ACEITE BARRAS C/U,0.8
TRK 251,CAMBIO  ACEITE BARRAS C/U,0.8
302 S,CAMBIO  ACEITE BARRAS C/U,0.8
TOP BOY,CAMBIO  PARRILLA O SUJETADORES,0.3
AGILITY,CAMBIO  PARRILLA O SUJETADORES,0.2
AGILITY RS,CAMBIO  PARRILLA O SUJETADORES,0.2
AGILITY CITY 150,CAMBIO  PARRILLA O SUJETADORES,0.2
BET & WIN,CAMBIO  PARRILLA O SUJETADORES,0.2
ACTIV,CAMBIO  PARRILLA O SUJETADORES,0.2
SPIKE,CAMBIO  PARRILLA O SUJETADORES,0.2
AGILITY RS  NAKED,CAMBIO  PARRILLA O SUJETADORES,0.2
SUPER 8,CAMBIO  PARRILLA O SUJETADORES,0.2
GACELA,CAMBIO  PARRILLA O SUJETADORES,0.2
CRUCERO             x-town 300,CAMBIO  PARRILLA O SUJETADORES,0.2
ROCKET,CAMBIO  PARRILLA O SUJETADORES,0.2
FLY 125,CAMBIO  PARRILLA O SUJETADORES,0.2
TWIST,CAMBIO  PARRILLA O SUJETADORES,0.2
JETIX,CAMBIO  PARRILLA O SUJETADORES,0.2
UNI-K 110,CAMBIO  PARRILLA O SUJETADORES,0.2
TRACK,CAMBIO  PARRILLA O SUJETADORES,0.2
PULSAR 135,CAMBIO  PARRILLA O SUJETADORES,0.2
Perseo,CAMBIO  PARRILLA O SUJETADORES,0.2
PULSAR,CAMBIO  PARRILLA O SUJETADORES,0.2
PULSAR 180 UG,CAMBIO  PARRILLA O SUJETADORES,0.2
PULSAR 150,CAMBIO  PARRILLA O SUJETADORES,0.2
THOR 160,CAMBIO  PARRILLA O SUJETADORES,0.2
PULSAR 200,CAMBIO  PARRILLA O SUJETADORES,0.2
PULSAR 150 NS,CAMBIO  PARRILLA O SUJETADORES,0.2
PULSAR 150 AS,CAMBIO  PARRILLA O SUJETADORES,0.2
PULSAR 200 AS,CAMBIO  PARRILLA O SUJETADORES,0.2
PULSAR 200 NS,CAMBIO  PARRILLA O SUJETADORES,0.2
TITAN,CAMBIO  PARRILLA O SUJETADORES,0.2
PULSAR 220,CAMBIO  PARRILLA O SUJETADORES,0.2
AVENGER 220,CAMBIO  PARRILLA O SUJETADORES,0.2
XCD,CAMBIO  PARRILLA O SUJETADORES,0.2
DISCOVER 100,CAMBIO  PARRILLA O SUJETADORES,0.2
DISCOVER 135,CAMBIO  PARRILLA O SUJETADORES,0.2
BOXER,CAMBIO  PARRILLA O SUJETADORES,0.2
LEXUS,CAMBIO  PARRILLA O SUJETADORES,0.2
DISCOVER 100 5S,CAMBIO  PARRILLA O SUJETADORES,0.2
DISCOVER 150,CAMBIO  PARRILLA O SUJETADORES,0.2
CHAMPION,CAMBIO  PARRILLA O SUJETADORES,0.2
DISCOVER 125 ST,CAMBIO  PARRILLA O SUJETADORES,0.2
BOXER BM 100,CAMBIO  PARRILLA O SUJETADORES,0.5
BOXER BM 150,CAMBIO  PARRILLA O SUJETADORES,0.5
BOXER BM 100 ES,CAMBIO  PARRILLA O SUJETADORES,0.5
PLATINO 125,CAMBIO  PARRILLA O SUJETADORES,0.2
PLATINO 125 - 5S,CAMBIO  PARRILLA O SUJETADORES,0.2
PLATINO 100,CAMBIO  PARRILLA O SUJETADORES,0.2
PLATINO 110,CAMBIO  PARRILLA O SUJETADORES,0.2
FAMILLY,CAMBIO  PARRILLA O SUJETADORES,0.2
MOTOCARRO 4T,CAMBIO  PARRILLA O SUJETADORES,0.2
MOTOCARRO DIESEL,CAMBIO  PARRILLA O SUJETADORES,0.2
KAZE MAX II,CAMBIO  PARRILLA O SUJETADORES,0.2
ZX 130- MAGIC II,CAMBIO  PARRILLA O SUJETADORES,0.2
KMX,CAMBIO  PARRILLA O SUJETADORES,0.5
ER-6n,CAMBIO  PARRILLA O SUJETADORES,0.2
TRANS-SPORT,CAMBIO  PARRILLA O SUJETADORES,0.3
MRX 150,CAMBIO  PARRILLA O SUJETADORES,0.5
FURAX,CAMBIO  PARRILLA O SUJETADORES,0.3
BOMBER 125,CAMBIO  PARRILLA O SUJETADORES,0.2
COMBAT 125,CAMBIO  PARRILLA O SUJETADORES,0.2
ZS,CAMBIO  PARRILLA O SUJETADORES,0.2
LIFE,CAMBIO  PARRILLA O SUJETADORES,0.2
HUNTER,CAMBIO  PARRILLA O SUJETADORES,0.2
BLACK,CAMBIO  PARRILLA O SUJETADORES,0.23
VENOM 400,CAMBIO  PARRILLA O SUJETADORES,0.5
VENOM 250,CAMBIO  PARRILLA O SUJETADORES,0.2
ONE,CAMBIO  PARRILLA O SUJETADORES,0.2
FLOW,CAMBIO  PARRILLA O SUJETADORES,0.2
ADVANCE II LF,CAMBIO  PARRILLA O SUJETADORES,0.2
ZONTES 310M,CAMBIO  PARRILLA O SUJETADORES,0.23
SHOCK,CAMBIO  PARRILLA O SUJETADORES,0.2
TNT150i,CAMBIO  PARRILLA O SUJETADORES,0.2
TNT25N,CAMBIO  PARRILLA O SUJETADORES,0.2
LEONCINO 500,CAMBIO  PARRILLA O SUJETADORES,0.2
LEONCINO 250,CAMBIO  PARRILLA O SUJETADORES,0.2
TRK 500X,CAMBIO  PARRILLA O SUJETADORES,0.2
TRK 251,CAMBIO  PARRILLA O SUJETADORES,0.2
302 S,CAMBIO  PARRILLA O SUJETADORES,0.2
TOP BOY,CAMBIO GATO CENTRAL,0.3
AGILITY,CAMBIO GATO CENTRAL,0.3
AGILITY RS,CAMBIO GATO CENTRAL,0.3
AGILITY CITY 150,CAMBIO GATO CENTRAL,0.3
BET & WIN,CAMBIO GATO CENTRAL,0.3
ACTIV,CAMBIO GATO CENTRAL,0.3
SPIKE,CAMBIO GATO CENTRAL,0.3
AGILITY RS  NAKED,CAMBIO GATO CENTRAL,0.3
SUPER 8,CAMBIO GATO CENTRAL,0.3
GACELA,CAMBIO GATO CENTRAL,0.3
CRUCERO             x-town 300,CAMBIO GATO CENTRAL,0.3
ROCKET,CAMBIO GATO CENTRAL,0.3
FLY 125,CAMBIO GATO CENTRAL,0.3
TWIST,CAMBIO GATO CENTRAL,0.3
JETIX,CAMBIO GATO CENTRAL,0.3
UNI-K 110,CAMBIO GATO CENTRAL,0.3
TRACK,CAMBIO GATO CENTRAL,0.3
PULSAR 135,CAMBIO GATO CENTRAL,0.3
Perseo,CAMBIO GATO CENTRAL,0.3
PULSAR,CAMBIO GATO CENTRAL,0.3
PULSAR 180 UG,CAMBIO GATO CENTRAL,0.3
PULSAR 150,CAMBIO GATO CENTRAL,0.3
THOR 160,CAMBIO GATO CENTRAL,0.3
PULSAR 200,CAMBIO GATO CENTRAL,0.4
PULSAR 150 NS,CAMBIO GATO CENTRAL,0.4
PULSAR 150 AS,CAMBIO GATO CENTRAL,0.4
PULSAR 200 AS,CAMBIO GATO CENTRAL,0.4
PULSAR 200 NS,CAMBIO GATO CENTRAL,0.4
PULSAR 220,CAMBIO GATO CENTRAL,0.3
AVENGER 220,CAMBIO GATO CENTRAL,0.3
XCD,CAMBIO GATO CENTRAL,0.3
DISCOVER 100,CAMBIO GATO CENTRAL,0.3
DISCOVER 135,CAMBIO GATO CENTRAL,0.3
BOXER,CAMBIO GATO CENTRAL,0.3
LEXUS,CAMBIO GATO CENTRAL,0.3
DISCOVER 100 5S,CAMBIO GATO CENTRAL,0.3
DISCOVER 150,CAMBIO GATO CENTRAL,0.3
CHAMPION,CAMBIO GATO CENTRAL,0.3
DISCOVER 125 ST,CAMBIO GATO CENTRAL,0.3
BOXER BM 100,CAMBIO GATO CENTRAL,0.3
BOXER BM 150,CAMBIO GATO CENTRAL,0.3
BOXER BM 100 ES,CAMBIO GATO CENTRAL,0.3
PLATINO 125,CAMBIO GATO CENTRAL,0.3
PLATINO 125 - 5S,CAMBIO GATO CENTRAL,0.3
PLATINO 100,CAMBIO GATO CENTRAL,0.3
PLATINO 110,CAMBIO GATO CENTRAL,0.3
FAMILLY,CAMBIO GATO CENTRAL,0.3
KAZE MAX II,CAMBIO GATO CENTRAL,0.3
ZX 130- MAGIC II,CAMBIO GATO CENTRAL,0.3
TRANS-SPORT,CAMBIO GATO CENTRAL,0.5
BOMBER 125,CAMBIO GATO CENTRAL,0.3
COMBAT 125,CAMBIO GATO CENTRAL,0.3
ZS,CAMBIO GATO CENTRAL,0.3
LIFE,CAMBIO GATO CENTRAL,0.3
HUNTER,CAMBIO GATO CENTRAL,0.3
BLACK,CAMBIO GATO CENTRAL,0.3
VENOM 250,CAMBIO GATO CENTRAL,0.4
ONE,CAMBIO GATO CENTRAL,0.3
FLOW,CAMBIO GATO CENTRAL,0.3
ADVANCE II LF,CAMBIO GATO CENTRAL,0.3
ZONTES 310M,CAMBIO GATO CENTRAL,0.3
SHOCK,CAMBIO GATO CENTRAL,0.3
TNT150i,CAMBIO GATO CENTRAL,0.3
TOP BOY,CAMBIO GATO LATERAL,0.2
AGILITY,CAMBIO GATO LATERAL,0.2
AGILITY RS,CAMBIO GATO LATERAL,0.2
AGILITY CITY 150,CAMBIO GATO LATERAL,0.2
BET & WIN,CAMBIO GATO LATERAL,0.2
ACTIV,CAMBIO GATO LATERAL,0.2
SPIKE,CAMBIO GATO LATERAL,0.2
AGILITY RS  NAKED,CAMBIO GATO LATERAL,0.2
SUPER 8,CAMBIO GATO LATERAL,0.2
GACELA,CAMBIO GATO LATERAL,0.2
CRUCERO             x-town 300,CAMBIO GATO LATERAL,0.2
ROCKET,CAMBIO GATO LATERAL,0.2
FLY 125,CAMBIO GATO LATERAL,0.2
TWIST,CAMBIO GATO LATERAL,0.2
JETIX,CAMBIO GATO LATERAL,0.2
UNI-K 110,CAMBIO GATO LATERAL,0.2
TRACK,CAMBIO GATO LATERAL,0.2
PULSAR 135,CAMBIO GATO LATERAL,0.2
Perseo,CAMBIO GATO LATERAL,0.2
PULSAR,CAMBIO GATO LATERAL,0.2
PULSAR 180 UG,CAMBIO GATO LATERAL,0.2
PULSAR 150,CAMBIO GATO LATERAL,0.2
THOR 160,CAMBIO GATO LATERAL,0.2
PULSAR 200,CAMBIO GATO LATERAL,0.2
PULSAR 150 NS,CAMBIO GATO LATERAL,0.1
PULSAR 150 AS,CAMBIO GATO LATERAL,0.1
PULSAR 200 AS,CAMBIO GATO LATERAL,0.1
PULSAR 200 NS,CAMBIO GATO LATERAL,0.1
TITAN,CAMBIO GATO LATERAL,0.1
PULSAR  RS 200,CAMBIO GATO LATERAL,0.1
PULSAR 220,CAMBIO GATO LATERAL,0.2
AVENGER 220,CAMBIO GATO LATERAL,0.2
XCD,CAMBIO GATO LATERAL,0.2
DISCOVER 100,CAMBIO GATO LATERAL,0.2
DISCOVER 135,CAMBIO GATO LATERAL,0.2
BOXER,CAMBIO GATO LATERAL,0.2
LEXUS,CAMBIO GATO LATERAL,0.2
DISCOVER 100 5S,CAMBIO GATO LATERAL,0.2
DISCOVER 150,CAMBIO GATO LATERAL,0.2
CHAMPION,CAMBIO GATO LATERAL,0.2
DISCOVER 125 ST,CAMBIO GATO LATERAL,0.2
BOXER BM 100,CAMBIO GATO LATERAL,0.2
BOXER BM 150,CAMBIO GATO LATERAL,0.2
BOXER BM 100 ES,CAMBIO GATO LATERAL,0.2
PLATINO 125,CAMBIO GATO LATERAL,0.2
PLATINO 125 - 5S,CAMBIO GATO LATERAL,0.2
PLATINO 100,CAMBIO GATO LATERAL,0.2
PLATINO 110,CAMBIO GATO LATERAL,0.2
FAMILLY,CAMBIO GATO LATERAL,0.2
KAZE MAX II,CAMBIO GATO LATERAL,0.2
ZX 130- MAGIC II,CAMBIO GATO LATERAL,0.2
KMX,CAMBIO GATO LATERAL,0.2
KLX 150,CAMBIO GATO LATERAL,0.2
KLX150  L,CAMBIO GATO LATERAL,0.2
KLX 250,CAMBIO GATO LATERAL,0.2
NINJA 250,CAMBIO GATO LATERAL,0.2
NINJA 250 FI,CAMBIO GATO LATERAL,0.2
Z250,CAMBIO GATO LATERAL,0.2
Z250 SL,CAMBIO GATO LATERAL,0.2
ER-6n,CAMBIO GATO LATERAL,0.2
TRANS-SPORT,CAMBIO GATO LATERAL,0.2
MRX 150,CAMBIO GATO LATERAL,0.2
FURAX,CAMBIO GATO LATERAL,0.2
BOMBER 125,CAMBIO GATO LATERAL,0.2
BOMBER 250,CAMBIO GATO LATERAL,0.3
COMBAT 125,CAMBIO GATO LATERAL,0.2
ZS,CAMBIO GATO LATERAL,0.2
LIFE,CAMBIO GATO LATERAL,0.2
HUNTER,CAMBIO GATO LATERAL,0.2
BLACK,CAMBIO GATO LATERAL,0.2
VENOM 400,CAMBIO GATO LATERAL,0.5
VENOM 250,CAMBIO GATO LATERAL,0.1
ONE,CAMBIO GATO LATERAL,0.2
FLOW,CAMBIO GATO LATERAL,0.2
ADVANCE II LF,CAMBIO GATO LATERAL,0.2
ZONTES 155,CAMBIO GATO LATERAL,0.2
ZONTES 310M,CAMBIO GATO LATERAL,0.2
SHOCK,CAMBIO GATO LATERAL,0.2
TNT150i,CAMBIO GATO LATERAL,0.2
180S,CAMBIO GATO LATERAL,0.2
TNT25N,CAMBIO GATO LATERAL,0.2
LEONCINO 500,CAMBIO GATO LATERAL,0.2
LEONCINO 250,CAMBIO GATO LATERAL,0.2
TRK 500X,CAMBIO GATO LATERAL,0.2
TRK 251,CAMBIO GATO LATERAL,0.2
302 S,CAMBIO GATO LATERAL,0.2
ACTIV,CAMBIO BASE REPOSAPIE TRASERO c/u,0.3
SPIKE,CAMBIO BASE REPOSAPIE TRASERO c/u,0.3
JETIX,CAMBIO BASE REPOSAPIE TRASERO c/u,0.3
UNI-K 110,CAMBIO BASE REPOSAPIE TRASERO c/u,0.3
TRACK,CAMBIO BASE REPOSAPIE TRASERO c/u,0.3
PULSAR 135,CAMBIO BASE REPOSAPIE TRASERO c/u,0.5
Perseo,CAMBIO BASE REPOSAPIE TRASERO c/u,0.5
PULSAR,CAMBIO BASE REPOSAPIE TRASERO c/u,0.5
PULSAR 180 UG,CAMBIO BASE REPOSAPIE TRASERO c/u,0.5
PULSAR 150,CAMBIO BASE REPOSAPIE TRASERO c/u,0.5
THOR 160,CAMBIO BASE REPOSAPIE TRASERO c/u,0.5
PULSAR 200,CAMBIO BASE REPOSAPIE TRASERO c/u,0.5
PULSAR 150 NS,CAMBIO BASE REPOSAPIE TRASERO c/u,0.5
PULSAR 150 AS,CAMBIO BASE REPOSAPIE TRASERO c/u,0.5
PULSAR 200 AS,CAMBIO BASE REPOSAPIE TRASERO c/u,0.5
PULSAR 200 NS,CAMBIO BASE REPOSAPIE TRASERO c/u,0.5
TITAN,CAMBIO BASE REPOSAPIE TRASERO c/u,0.5
PULSAR  RS 200,CAMBIO BASE REPOSAPIE TRASERO c/u,0.5
PULSAR 220,CAMBIO BASE REPOSAPIE TRASERO c/u,0.5
AVENGER 220,CAMBIO BASE REPOSAPIE TRASERO c/u,2
XCD,CAMBIO BASE REPOSAPIE TRASERO c/u,0.3
DISCOVER 100,CAMBIO BASE REPOSAPIE TRASERO c/u,0.3
DISCOVER 135,CAMBIO BASE REPOSAPIE TRASERO c/u,0.3
BOXER,CAMBIO BASE REPOSAPIE TRASERO c/u,0.3
LEXUS,CAMBIO BASE REPOSAPIE TRASERO c/u,0.3
DISCOVER 100 5S,CAMBIO BASE REPOSAPIE TRASERO c/u,0.4
DISCOVER 150,CAMBIO BASE REPOSAPIE TRASERO c/u,0.4
CHAMPION,CAMBIO BASE REPOSAPIE TRASERO c/u,0.4
DISCOVER 125 ST,CAMBIO BASE REPOSAPIE TRASERO c/u,0.4
BOXER BM 100,CAMBIO BASE REPOSAPIE TRASERO c/u,0.3
BOXER BM 150,CAMBIO BASE REPOSAPIE TRASERO c/u,0.3
BOXER BM 100 ES,CAMBIO BASE REPOSAPIE TRASERO c/u,0.3
PLATINO 125,CAMBIO BASE REPOSAPIE TRASERO c/u,0.3
PLATINO 125 - 5S,CAMBIO BASE REPOSAPIE TRASERO c/u,0.3
PLATINO 100,CAMBIO BASE REPOSAPIE TRASERO c/u,0.3
PLATINO 110,CAMBIO BASE REPOSAPIE TRASERO c/u,0.3
FAMILLY,CAMBIO BASE REPOSAPIE TRASERO c/u,0.3
KAZE MAX II,CAMBIO BASE REPOSAPIE TRASERO c/u,0.3
ZX 130- MAGIC II,CAMBIO BASE REPOSAPIE TRASERO c/u,0.3
KMX,CAMBIO BASE REPOSAPIE TRASERO c/u,0.3
KLX 150,CAMBIO BASE REPOSAPIE TRASERO c/u,0.3
KLX150  L,CAMBIO BASE REPOSAPIE TRASERO c/u,0.3
NINJA 250,CAMBIO BASE REPOSAPIE TRASERO c/u,0.3
NINJA 250 FI,CAMBIO BASE REPOSAPIE TRASERO c/u,0.3
Z250,CAMBIO BASE REPOSAPIE TRASERO c/u,0.3
ER-6n,CAMBIO BASE REPOSAPIE TRASERO c/u,0.3
TRANS-SPORT,CAMBIO BASE REPOSAPIE TRASERO c/u,0.3
MRX 150,CAMBIO BASE REPOSAPIE TRASERO c/u,0.3
BOMBER 125,CAMBIO BASE REPOSAPIE TRASERO c/u,0.3
BOMBER 250,CAMBIO BASE REPOSAPIE TRASERO c/u,0.1
COMBAT 125,CAMBIO BASE REPOSAPIE TRASERO c/u,0.3
VENOM 400,CAMBIO BASE REPOSAPIE TRASERO c/u,0.3
VENOM 250,CAMBIO BASE REPOSAPIE TRASERO c/u,0.5
ONE,CAMBIO BASE REPOSAPIE TRASERO c/u,0.3
FLOW,CAMBIO BASE REPOSAPIE TRASERO c/u,0.3
ADVANCE II LF,CAMBIO BASE REPOSAPIE TRASERO c/u,0.3
ZONTES 155,CAMBIO BASE REPOSAPIE TRASERO c/u,0.3
SHOCK,CAMBIO BASE REPOSAPIE TRASERO c/u,0.3
TNT150i,CAMBIO BASE REPOSAPIE TRASERO c/u,0.3
180S,CAMBIO BASE REPOSAPIE TRASERO c/u,0.3
TNT25N,CAMBIO BASE REPOSAPIE TRASERO c/u,0.3
LEONCINO 500,CAMBIO BASE REPOSAPIE TRASERO c/u,0.3
LEONCINO 250,CAMBIO BASE REPOSAPIE TRASERO c/u,0.3
TRK 500X,CAMBIO BASE REPOSAPIE TRASERO c/u,0.3
TRK 251,CAMBIO BASE REPOSAPIE TRASERO c/u,0.3
302 S,CAMBIO BASE REPOSAPIE TRASERO c/u,0.3
ACTIV,ENGRASADA BUJE TIJERA (C/TIJERA),0.4
SPIKE,ENGRASADA BUJE TIJERA (C/TIJERA),0.4
JETIX,ENGRASADA BUJE TIJERA (C/TIJERA),0.4
UNI-K 110,ENGRASADA BUJE TIJERA (C/TIJERA),0.4
TRACK,ENGRASADA BUJE TIJERA (C/TIJERA),0.4
PULSAR 135,ENGRASADA BUJE TIJERA (C/TIJERA),0.4
Perseo,ENGRASADA BUJE TIJERA (C/TIJERA),0.4
PULSAR,ENGRASADA BUJE TIJERA (C/TIJERA),0.4
PULSAR 180 UG,ENGRASADA BUJE TIJERA (C/TIJERA),0.4
PULSAR 150,ENGRASADA BUJE TIJERA (C/TIJERA),0.4
THOR 160,ENGRASADA BUJE TIJERA (C/TIJERA),0.4
PULSAR 200,ENGRASADA BUJE TIJERA (C/TIJERA),0.4
PULSAR 150 NS,ENGRASADA BUJE TIJERA (C/TIJERA),0.4
PULSAR 150 AS,ENGRASADA BUJE TIJERA (C/TIJERA),0.4
PULSAR 200 AS,ENGRASADA BUJE TIJERA (C/TIJERA),0.4
PULSAR 200 NS,ENGRASADA BUJE TIJERA (C/TIJERA),0.4
TITAN,ENGRASADA BUJE TIJERA (C/TIJERA),0.4
PULSAR  RS 200,ENGRASADA BUJE TIJERA (C/TIJERA),0.4
PULSAR 220,ENGRASADA BUJE TIJERA (C/TIJERA),0.4
AVENGER 220,ENGRASADA BUJE TIJERA (C/TIJERA),0.4
XCD,ENGRASADA BUJE TIJERA (C/TIJERA),0.4
DISCOVER 100,ENGRASADA BUJE TIJERA (C/TIJERA),0.4
DISCOVER 135,ENGRASADA BUJE TIJERA (C/TIJERA),0.4
BOXER,ENGRASADA BUJE TIJERA (C/TIJERA),0.4
LEXUS,ENGRASADA BUJE TIJERA (C/TIJERA),0.4
DISCOVER 100 5S,ENGRASADA BUJE TIJERA (C/TIJERA),0.4
DISCOVER 150,ENGRASADA BUJE TIJERA (C/TIJERA),0.4
CHAMPION,ENGRASADA BUJE TIJERA (C/TIJERA),0.4
DISCOVER 125 ST,ENGRASADA BUJE TIJERA (C/TIJERA),0.4
BOXER BM 100,ENGRASADA BUJE TIJERA (C/TIJERA),0.4
BOXER BM 150,ENGRASADA BUJE TIJERA (C/TIJERA),0.4
BOXER BM 100 ES,ENGRASADA BUJE TIJERA (C/TIJERA),0.4
PLATINO 125,ENGRASADA BUJE TIJERA (C/TIJERA),0.4
PLATINO 125 - 5S,ENGRASADA BUJE TIJERA (C/TIJERA),0.4
PLATINO 100,ENGRASADA BUJE TIJERA (C/TIJERA),0.4
PLATINO 110,ENGRASADA BUJE TIJERA (C/TIJERA),0.4
FAMILLY,ENGRASADA BUJE TIJERA (C/TIJERA),0.4
MOTOCARRO 4T,ENGRASADA BUJE TIJERA (C/TIJERA),3
TORITO,ENGRASADA BUJE TIJERA (C/TIJERA),3
KAZE MAX II,ENGRASADA BUJE TIJERA (C/TIJERA),0.4
ZX 130- MAGIC II,ENGRASADA BUJE TIJERA (C/TIJERA),0.4
KMX,ENGRASADA BUJE TIJERA (C/TIJERA),1.5
KLX 150,ENGRASADA BUJE TIJERA (C/TIJERA),1.5
KLX150  L,ENGRASADA BUJE TIJERA (C/TIJERA),1.5
KLX 250,ENGRASADA BUJE TIJERA (C/TIJERA),1.5
NINJA 250,ENGRASADA BUJE TIJERA (C/TIJERA),1.5
NINJA 250 FI,ENGRASADA BUJE TIJERA (C/TIJERA),1.5
Z250,ENGRASADA BUJE TIJERA (C/TIJERA),1.5
Z250 SL,ENGRASADA BUJE TIJERA (C/TIJERA),1.5
ER-6n,ENGRASADA BUJE TIJERA (C/TIJERA),1.5
TRANS-SPORT,ENGRASADA BUJE TIJERA (C/TIJERA),0.4
MRX 150,ENGRASADA BUJE TIJERA (C/TIJERA),0.3
FURAX,ENGRASADA BUJE TIJERA (C/TIJERA),1.5
BOMBER 125,ENGRASADA BUJE TIJERA (C/TIJERA),0.4
BOMBER 250,ENGRASADA BUJE TIJERA (C/TIJERA),0.5
COMBAT 125,ENGRASADA BUJE TIJERA (C/TIJERA),0.4
VENOM 400,ENGRASADA BUJE TIJERA (C/TIJERA),1.5
VENOM 250,ENGRASADA BUJE TIJERA (C/TIJERA),0.4
ONE,ENGRASADA BUJE TIJERA (C/TIJERA),0.4
FLOW,ENGRASADA BUJE TIJERA (C/TIJERA),0.4
ADVANCE II LF,ENGRASADA BUJE TIJERA (C/TIJERA),0.4
ZONTES 155,ENGRASADA BUJE TIJERA (C/TIJERA),1.5
SHOCK,ENGRASADA BUJE TIJERA (C/TIJERA),0.4
TNT150i,ENGRASADA BUJE TIJERA (C/TIJERA),1.5
180S,ENGRASADA BUJE TIJERA (C/TIJERA),1.5
TNT25N,ENGRASADA BUJE TIJERA (C/TIJERA),1.5
LEONCINO 500,ENGRASADA BUJE TIJERA (C/TIJERA),1.5
LEONCINO 250,ENGRASADA BUJE TIJERA (C/TIJERA),1.5
TRK 500X,ENGRASADA BUJE TIJERA (C/TIJERA),1.5
TRK 251,ENGRASADA BUJE TIJERA (C/TIJERA),1.5
302 S,ENGRASADA BUJE TIJERA (C/TIJERA),1.5
MOTOCARRO 4T,CAMBIO TIJERA ( MOTOCARRO PASAJERO),3
TORITO,CAMBIO TIJERA ( MOTOCARRO PASAJERO),3
MOTOCARRO 4T,CAMBIO TIJERA ( MOTOCARRO CARGUERO),5
TORITO,CAMBIO TIJERA ( MOTOCARRO CARGUERO),5
MOTOCARRO 4T,CAMBIO CABINA,3
TORITO,CAMBIO CABINA,3
MOTOCARRO 4T,CAMBIO PLATON (CARGUERO),2
KAZE MAX II,CAMBIO BASE FAROLA,1.3
ZX 130- MAGIC II,CAMBIO BASE FAROLA,1
KMX,CAMBIO BASE FAROLA,0.7
KLX 150,CAMBIO BASE FAROLA,0.5
KLX150  L,CAMBIO BASE FAROLA,0.5
KLX 250,CAMBIO BASE FAROLA,0.5
MRX 150,CAMBIO BASE FAROLA,0.5
FURAX,CAMBIO BASE FAROLA,0.3
BOMBER 250,CAMBIO BASE FAROLA,0.5
MOTOCARRO 4T,CAMBIO SILLON TRASERO,0.5
TORITO,CAMBIO SILLON TRASERO,0.5
MOTOCARRO 4T,CAMBIO BRAZO AUXILIAR DELANTERO,3
TORITO,CAMBIO BRAZO AUXILIAR DELANTERO,3
MOTOCARRO 4T,CAMBIO EJE BRAZO AUXILIAR DELANTERO,1.3
TORITO,CAMBIO EJE BRAZO AUXILIAR DELANTERO,1.3
MOTOCARRO 4T,CAMBIO RODAMIENTOS DE AGUJA BRAZO AUXILAR DELANTERO,1.5
TORITO,CAMBIO RODAMIENTOS DE AGUJA BRAZO AUXILAR DELANTERO,1.5
MOTOCARRO 4T,CAMBIO AMORTIGUADOR DELANTERO,1
TORITO,CAMBIO AMORTIGUADOR DELANTERO,1
MOTOCARRO 4T,CAMBIO HERRAJE CARPA,2
TORITO,CAMBIO HERRAJE CARPA,2
MOTOCARRO 4T,CAMBIO CARPA,2
TORITO,CAMBIO CARPA,2
MOTOCARRO 4T,IMPERMEABILIZADA DE PARABRISAS,2
TORITO,IMPERMEABILIZADA DE PARABRISAS,2
AGILITY RS,PRECARGA AMBAS SUSPENSIONES CON BUJE,1
AGILITY CITY 150,PRECARGA AMBAS SUSPENSIONES CON BUJE,1
BET & WIN,PRECARGA AMBAS SUSPENSIONES CON BUJE,1
ACTIV,PRECARGA AMBAS SUSPENSIONES CON BUJE,1
SPIKE,PRECARGA AMBAS SUSPENSIONES CON BUJE,1
AGILITY RS  NAKED,PRECARGA AMBAS SUSPENSIONES CON BUJE,1
FLY 125,PRECARGA AMBAS SUSPENSIONES CON BUJE,1
JETIX,PRECARGA AMBAS SUSPENSIONES CON BUJE,1
UNI-K 110,PRECARGA AMBAS SUSPENSIONES CON BUJE,1
PULSAR 135,PRECARGA AMBAS SUSPENSIONES CON BUJE,1
Perseo,PRECARGA AMBAS SUSPENSIONES CON BUJE,1
PULSAR,PRECARGA AMBAS SUSPENSIONES CON BUJE,1
PULSAR 180 UG,PRECARGA AMBAS SUSPENSIONES CON BUJE,1
PULSAR 150,PRECARGA AMBAS SUSPENSIONES CON BUJE,1
THOR 160,PRECARGA AMBAS SUSPENSIONES CON BUJE,1
PULSAR 200,PRECARGA AMBAS SUSPENSIONES CON BUJE,1
PULSAR 150 NS,PRECARGA AMBAS SUSPENSIONES CON BUJE,1
PULSAR 150 AS,PRECARGA AMBAS SUSPENSIONES CON BUJE,1
PULSAR 200 AS,PRECARGA AMBAS SUSPENSIONES CON BUJE,1
PULSAR 200 NS,PRECARGA AMBAS SUSPENSIONES CON BUJE,1
TITAN,PRECARGA AMBAS SUSPENSIONES CON BUJE,1.3
PULSAR  RS 200,PRECARGA AMBAS SUSPENSIONES CON BUJE,1.3
PULSAR 220,PRECARGA AMBAS SUSPENSIONES CON BUJE,1
AVENGER 220,PRECARGA AMBAS SUSPENSIONES CON BUJE,1
XCD,PRECARGA AMBAS SUSPENSIONES CON BUJE,1
DISCOVER 100,PRECARGA AMBAS SUSPENSIONES CON BUJE,1
DISCOVER 135,PRECARGA AMBAS SUSPENSIONES CON BUJE,1
BOXER,PRECARGA AMBAS SUSPENSIONES CON BUJE,1
LEXUS,PRECARGA AMBAS SUSPENSIONES CON BUJE,1
DISCOVER 100 5S,PRECARGA AMBAS SUSPENSIONES CON BUJE,1
DISCOVER 150,PRECARGA AMBAS SUSPENSIONES CON BUJE,1
CHAMPION,PRECARGA AMBAS SUSPENSIONES CON BUJE,1
DISCOVER 125 ST,PRECARGA AMBAS SUSPENSIONES CON BUJE,1
BOXER BM 100,PRECARGA AMBAS SUSPENSIONES CON BUJE,1
BOXER BM 150,PRECARGA AMBAS SUSPENSIONES CON BUJE,1
BOXER BM 100 ES,PRECARGA AMBAS SUSPENSIONES CON BUJE,1
PLATINO 125,PRECARGA AMBAS SUSPENSIONES CON BUJE,1
PLATINO 125 - 5S,PRECARGA AMBAS SUSPENSIONES CON BUJE,1
PLATINO 100,PRECARGA AMBAS SUSPENSIONES CON BUJE,1
PLATINO 110,PRECARGA AMBAS SUSPENSIONES CON BUJE,1
FAMILLY,PRECARGA AMBAS SUSPENSIONES CON BUJE,1
KAZE MAX II,PRECARGA AMBAS SUSPENSIONES CON BUJE,1
ZX 130- MAGIC II,PRECARGA AMBAS SUSPENSIONES CON BUJE,1
KMX,PRECARGA AMBAS SUSPENSIONES CON BUJE,1
KLX 150,PRECARGA AMBAS SUSPENSIONES CON BUJE,1
KLX150  L,PRECARGA AMBAS SUSPENSIONES CON BUJE,1
NINJA 250,PRECARGA AMBAS SUSPENSIONES CON BUJE,1
NINJA 250 FI,PRECARGA AMBAS SUSPENSIONES CON BUJE,1
Z250,PRECARGA AMBAS SUSPENSIONES CON BUJE,1
Z250 SL,PRECARGA AMBAS SUSPENSIONES CON BUJE,1
ER-6n,PRECARGA AMBAS SUSPENSIONES CON BUJE,1
MRX 150,PRECARGA AMBAS SUSPENSIONES CON BUJE,1
BOMBER 125,PRECARGA AMBAS SUSPENSIONES CON BUJE,1
COMBAT 125,PRECARGA AMBAS SUSPENSIONES CON BUJE,1
HUNTER,PRECARGA AMBAS SUSPENSIONES CON BUJE,1
BLACK,PRECARGA AMBAS SUSPENSIONES CON BUJE,1
VENOM 250,PRECARGA AMBAS SUSPENSIONES CON BUJE,1
ONE,PRECARGA AMBAS SUSPENSIONES CON BUJE,1
FLOW,PRECARGA AMBAS SUSPENSIONES CON BUJE,1
ADVANCE II LF,PRECARGA AMBAS SUSPENSIONES CON BUJE,1
ZONTES 155,PRECARGA AMBAS SUSPENSIONES CON BUJE,1
ZONTES 310M,PRECARGA AMBAS SUSPENSIONES CON BUJE,1
SHOCK,PRECARGA AMBAS SUSPENSIONES CON BUJE,1
TNT150i,PRECARGA AMBAS SUSPENSIONES CON BUJE,1
180S,PRECARGA AMBAS SUSPENSIONES CON BUJE,1
TNT25N,PRECARGA AMBAS SUSPENSIONES CON BUJE,1
LEONCINO 500,PRECARGA AMBAS SUSPENSIONES CON BUJE,1
LEONCINO 250,PRECARGA AMBAS SUSPENSIONES CON BUJE,1
TRK 500X,PRECARGA AMBAS SUSPENSIONES CON BUJE,1
TRK 251,PRECARGA AMBAS SUSPENSIONES CON BUJE,1
302 S,PRECARGA AMBAS SUSPENSIONES CON BUJE,1
TOP BOY,CAMBIO LLANTA DELANTERA O NEUMÁTICO,0.6
AGILITY,CAMBIO LLANTA DELANTERA O NEUMÁTICO,0.6
AGILITY RS,CAMBIO LLANTA DELANTERA O NEUMÁTICO,0.6
AGILITY CITY 150,CAMBIO LLANTA DELANTERA O NEUMÁTICO,0.6
BET & WIN,CAMBIO LLANTA DELANTERA O NEUMÁTICO,0.6
ACTIV,CAMBIO LLANTA DELANTERA O NEUMÁTICO,0.6
SPIKE,CAMBIO LLANTA DELANTERA O NEUMÁTICO,0.6
AGILITY RS  NAKED,CAMBIO LLANTA DELANTERA O NEUMÁTICO,0.6
SUPER 8,CAMBIO LLANTA DELANTERA O NEUMÁTICO,0.6
GACELA,CAMBIO LLANTA DELANTERA O NEUMÁTICO,0.6
CRUCERO             x-town 300,CAMBIO LLANTA DELANTERA O NEUMÁTICO,0.6
ROCKET,CAMBIO LLANTA DELANTERA O NEUMÁTICO,0.6
FLY 125,CAMBIO LLANTA DELANTERA O NEUMÁTICO,0.6
TWIST,CAMBIO LLANTA DELANTERA O NEUMÁTICO,0.6
JETIX,CAMBIO LLANTA DELANTERA O NEUMÁTICO,0.6
UNI-K 110,CAMBIO LLANTA DELANTERA O NEUMÁTICO,0.6
TRACK,CAMBIO LLANTA DELANTERA O NEUMÁTICO,0.6
PULSAR 135,CAMBIO LLANTA DELANTERA O NEUMÁTICO,0.6
Perseo,CAMBIO LLANTA DELANTERA O NEUMÁTICO,0.6
PULSAR,CAMBIO LLANTA DELANTERA O NEUMÁTICO,0.6
PULSAR 180 UG,CAMBIO LLANTA DELANTERA O NEUMÁTICO,0.6
PULSAR 150,CAMBIO LLANTA DELANTERA O NEUMÁTICO,0.6
THOR 160,CAMBIO LLANTA DELANTERA O NEUMÁTICO,0.6
PULSAR 200,CAMBIO LLANTA DELANTERA O NEUMÁTICO,0.6
PULSAR 150 NS,CAMBIO LLANTA DELANTERA O NEUMÁTICO,0.6
PULSAR 150 AS,CAMBIO LLANTA DELANTERA O NEUMÁTICO,0.6
PULSAR 200 AS,CAMBIO LLANTA DELANTERA O NEUMÁTICO,0.6
PULSAR 200 NS,CAMBIO LLANTA DELANTERA O NEUMÁTICO,0.6
TITAN,CAMBIO LLANTA DELANTERA O NEUMÁTICO,0.6
PULSAR  RS 200,CAMBIO LLANTA DELANTERA O NEUMÁTICO,0.6
PULSAR 220,CAMBIO LLANTA DELANTERA O NEUMÁTICO,0.6
AVENGER 220,CAMBIO LLANTA DELANTERA O NEUMÁTICO,0.6
XCD,CAMBIO LLANTA DELANTERA O NEUMÁTICO,0.6
DISCOVER 100,CAMBIO LLANTA DELANTERA O NEUMÁTICO,0.6
DISCOVER 135,CAMBIO LLANTA DELANTERA O NEUMÁTICO,0.6
BOXER,CAMBIO LLANTA DELANTERA O NEUMÁTICO,0.6
LEXUS,CAMBIO LLANTA DELANTERA O NEUMÁTICO,0.6
DISCOVER 100 5S,CAMBIO LLANTA DELANTERA O NEUMÁTICO,0.6
DISCOVER 150,CAMBIO LLANTA DELANTERA O NEUMÁTICO,0.6
CHAMPION,CAMBIO LLANTA DELANTERA O NEUMÁTICO,0.6
DISCOVER 125 ST,CAMBIO LLANTA DELANTERA O NEUMÁTICO,0.6
BOXER BM 100,CAMBIO LLANTA DELANTERA O NEUMÁTICO,0.6
BOXER BM 150,CAMBIO LLANTA DELANTERA O NEUMÁTICO,0.6
BOXER BM 100 ES,CAMBIO LLANTA DELANTERA O NEUMÁTICO,0.6
PLATINO 125,CAMBIO LLANTA DELANTERA O NEUMÁTICO,0.6
PLATINO 125 - 5S,CAMBIO LLANTA DELANTERA O NEUMÁTICO,0.6
PLATINO 100,CAMBIO LLANTA DELANTERA O NEUMÁTICO,0.6
PLATINO 110,CAMBIO LLANTA DELANTERA O NEUMÁTICO,0.6
FAMILLY,CAMBIO LLANTA DELANTERA O NEUMÁTICO,0.6
MOTOCARRO 4T,CAMBIO LLANTA DELANTERA O NEUMÁTICO,0.4
TORITO,CAMBIO LLANTA DELANTERA O NEUMÁTICO,0.4
KAZE MAX II,CAMBIO LLANTA DELANTERA O NEUMÁTICO,0.6
ZX 130- MAGIC II,CAMBIO LLANTA DELANTERA O NEUMÁTICO,0.6
KMX,CAMBIO LLANTA DELANTERA O NEUMÁTICO,0.6
KLX 150,CAMBIO LLANTA DELANTERA O NEUMÁTICO,0.6
KLX150  L,CAMBIO LLANTA DELANTERA O NEUMÁTICO,0.6
KLX 250,CAMBIO LLANTA DELANTERA O NEUMÁTICO,0.6
NINJA 250,CAMBIO LLANTA DELANTERA O NEUMÁTICO,0.6
NINJA 250 FI,CAMBIO LLANTA DELANTERA O NEUMÁTICO,0.6
Z250,CAMBIO LLANTA DELANTERA O NEUMÁTICO,0.6
Z250 SL,CAMBIO LLANTA DELANTERA O NEUMÁTICO,0.6
ER-6n,CAMBIO LLANTA DELANTERA O NEUMÁTICO,0.6
TRANS-SPORT,CAMBIO LLANTA DELANTERA O NEUMÁTICO,0.6
MRX 150,CAMBIO LLANTA DELANTERA O NEUMÁTICO,0.6
FURAX,CAMBIO LLANTA DELANTERA O NEUMÁTICO,0.6
BOMBER 125,CAMBIO LLANTA DELANTERA O NEUMÁTICO,0.6
BOMBER 250,CAMBIO LLANTA DELANTERA O NEUMÁTICO,0.8
COMBAT 125,CAMBIO LLANTA DELANTERA O NEUMÁTICO,0.6
ZS,CAMBIO LLANTA DELANTERA O NEUMÁTICO,0.6
LIFE,CAMBIO LLANTA DELANTERA O NEUMÁTICO,0.6
HUNTER,CAMBIO LLANTA DELANTERA O NEUMÁTICO,0.6
BLACK,CAMBIO LLANTA DELANTERA O NEUMÁTICO,0.6
VENOM 400,CAMBIO LLANTA DELANTERA O NEUMÁTICO,0.7
VENOM 250,CAMBIO LLANTA DELANTERA O NEUMÁTICO,0.6
ONE,CAMBIO LLANTA DELANTERA O NEUMÁTICO,0.6
FLOW,CAMBIO LLANTA DELANTERA O NEUMÁTICO,0.6
ADVANCE II LF,CAMBIO LLANTA DELANTERA O NEUMÁTICO,0.6
ZONTES 155,CAMBIO LLANTA DELANTERA O NEUMÁTICO,0.6
ZONTES 310M,CAMBIO LLANTA DELANTERA O NEUMÁTICO,0.6
SHOCK,CAMBIO LLANTA DELANTERA O NEUMÁTICO,0.6
TNT150i,CAMBIO LLANTA DELANTERA O NEUMÁTICO,0.6
180S,CAMBIO LLANTA DELANTERA O NEUMÁTICO,0.6
TNT25N,CAMBIO LLANTA DELANTERA O NEUMÁTICO,0.6
LEONCINO 500,CAMBIO LLANTA DELANTERA O NEUMÁTICO,0.6
LEONCINO 250,CAMBIO LLANTA DELANTERA O NEUMÁTICO,0.6
TRK 500X,CAMBIO LLANTA DELANTERA O NEUMÁTICO,0.6
TRK 251,CAMBIO LLANTA DELANTERA O NEUMÁTICO,0.6
302 S,CAMBIO LLANTA DELANTERA O NEUMÁTICO,0.6
TOP BOY,CAMBIO LLANTA TRASERA O NEUMÁTICO (C/U),0.8
AGILITY,CAMBIO LLANTA TRASERA O NEUMÁTICO (C/U),1
AGILITY RS,CAMBIO LLANTA TRASERA O NEUMÁTICO (C/U),1
AGILITY CITY 150,CAMBIO LLANTA TRASERA O NEUMÁTICO (C/U),1
BET & WIN,CAMBIO LLANTA TRASERA O NEUMÁTICO (C/U),1.3
ACTIV,CAMBIO LLANTA TRASERA O NEUMÁTICO (C/U),0.8
SPIKE,CAMBIO LLANTA TRASERA O NEUMÁTICO (C/U),0.8
AGILITY RS  NAKED,CAMBIO LLANTA TRASERA O NEUMÁTICO (C/U),1
SUPER 8,CAMBIO LLANTA TRASERA O NEUMÁTICO (C/U),1
GACELA,CAMBIO LLANTA TRASERA O NEUMÁTICO (C/U),1
CRUCERO             x-town 300,CAMBIO LLANTA TRASERA O NEUMÁTICO (C/U),1.3
ROCKET,CAMBIO LLANTA TRASERA O NEUMÁTICO (C/U),1
FLY 125,CAMBIO LLANTA TRASERA O NEUMÁTICO (C/U),1
TWIST,CAMBIO LLANTA TRASERA O NEUMÁTICO (C/U),1
JETIX,CAMBIO LLANTA TRASERA O NEUMÁTICO (C/U),0.8
UNI-K 110,CAMBIO LLANTA TRASERA O NEUMÁTICO (C/U),0.8
TRACK,CAMBIO LLANTA TRASERA O NEUMÁTICO (C/U),0.8
PULSAR 135,CAMBIO LLANTA TRASERA O NEUMÁTICO (C/U),0.8
Perseo,CAMBIO LLANTA TRASERA O NEUMÁTICO (C/U),0.8
PULSAR,CAMBIO LLANTA TRASERA O NEUMÁTICO (C/U),0.8
PULSAR 180 UG,CAMBIO LLANTA TRASERA O NEUMÁTICO (C/U),0.8
PULSAR 150,CAMBIO LLANTA TRASERA O NEUMÁTICO (C/U),0.8
THOR 160,CAMBIO LLANTA TRASERA O NEUMÁTICO (C/U),0.8
PULSAR 200,CAMBIO LLANTA TRASERA O NEUMÁTICO (C/U),0.8
PULSAR 150 NS,CAMBIO LLANTA TRASERA O NEUMÁTICO (C/U),0.8
PULSAR 150 AS,CAMBIO LLANTA TRASERA O NEUMÁTICO (C/U),0.8
PULSAR 200 AS,CAMBIO LLANTA TRASERA O NEUMÁTICO (C/U),0.8
PULSAR 200 NS,CAMBIO LLANTA TRASERA O NEUMÁTICO (C/U),0.8
TITAN,CAMBIO LLANTA TRASERA O NEUMÁTICO (C/U),0.8
PULSAR  RS 200,CAMBIO LLANTA TRASERA O NEUMÁTICO (C/U),0.8
PULSAR 220,CAMBIO LLANTA TRASERA O NEUMÁTICO (C/U),0.8
AVENGER 220,CAMBIO LLANTA TRASERA O NEUMÁTICO (C/U),0.8
XCD,CAMBIO LLANTA TRASERA O NEUMÁTICO (C/U),0.8
DISCOVER 100,CAMBIO LLANTA TRASERA O NEUMÁTICO (C/U),0.8
DISCOVER 135,CAMBIO LLANTA TRASERA O NEUMÁTICO (C/U),0.8
BOXER,CAMBIO LLANTA TRASERA O NEUMÁTICO (C/U),0.8
LEXUS,CAMBIO LLANTA TRASERA O NEUMÁTICO (C/U),0.8
DISCOVER 100 5S,CAMBIO LLANTA TRASERA O NEUMÁTICO (C/U),0.8
DISCOVER 150,CAMBIO LLANTA TRASERA O NEUMÁTICO (C/U),0.8
CHAMPION,CAMBIO LLANTA TRASERA O NEUMÁTICO (C/U),0.8
DISCOVER 125 ST,CAMBIO LLANTA TRASERA O NEUMÁTICO (C/U),0.8
BOXER BM 100,CAMBIO LLANTA TRASERA O NEUMÁTICO (C/U),0.8
BOXER BM 150,CAMBIO LLANTA TRASERA O NEUMÁTICO (C/U),0.8
BOXER BM 100 ES,CAMBIO LLANTA TRASERA O NEUMÁTICO (C/U),0.8
PLATINO 125,CAMBIO LLANTA TRASERA O NEUMÁTICO (C/U),0.8
PLATINO 125 - 5S,CAMBIO LLANTA TRASERA O NEUMÁTICO (C/U),0.8
PLATINO 100,CAMBIO LLANTA TRASERA O NEUMÁTICO (C/U),0.8
PLATINO 110,CAMBIO LLANTA TRASERA O NEUMÁTICO (C/U),0.8
FAMILLY,CAMBIO LLANTA TRASERA O NEUMÁTICO (C/U),0.8
MOTOCARRO 4T,CAMBIO LLANTA TRASERA O NEUMÁTICO (C/U),0.4
TORITO,CAMBIO LLANTA TRASERA O NEUMÁTICO (C/U),0.4
KAZE MAX II,CAMBIO LLANTA TRASERA O NEUMÁTICO (C/U),0.8
ZX 130- MAGIC II,CAMBIO LLANTA TRASERA O NEUMÁTICO (C/U),0.8
KMX,CAMBIO LLANTA TRASERA O NEUMÁTICO (C/U),0.8
KLX 150,CAMBIO LLANTA TRASERA O NEUMÁTICO (C/U),0.8
KLX150  L,CAMBIO LLANTA TRASERA O NEUMÁTICO (C/U),0.8
KLX 250,CAMBIO LLANTA TRASERA O NEUMÁTICO (C/U),0.8
NINJA 250,CAMBIO LLANTA TRASERA O NEUMÁTICO (C/U),0.8
NINJA 250 FI,CAMBIO LLANTA TRASERA O NEUMÁTICO (C/U),0.8
Z250,CAMBIO LLANTA TRASERA O NEUMÁTICO (C/U),0.8
Z250 SL,CAMBIO LLANTA TRASERA O NEUMÁTICO (C/U),0.8
ER-6n,CAMBIO LLANTA TRASERA O NEUMÁTICO (C/U),0.8
TRANS-SPORT,CAMBIO LLANTA TRASERA O NEUMÁTICO (C/U),0.8
MRX 150,CAMBIO LLANTA TRASERA O NEUMÁTICO (C/U),0.8
FURAX,CAMBIO LLANTA TRASERA O NEUMÁTICO (C/U),0.8
BOMBER 125,CAMBIO LLANTA TRASERA O NEUMÁTICO (C/U),0.8
BOMBER 250,CAMBIO LLANTA TRASERA O NEUMÁTICO (C/U),0.6
COMBAT 125,CAMBIO LLANTA TRASERA O NEUMÁTICO (C/U),0.8
ZS,CAMBIO LLANTA TRASERA O NEUMÁTICO (C/U),1
LIFE,CAMBIO LLANTA TRASERA O NEUMÁTICO (C/U),1
HUNTER,CAMBIO LLANTA TRASERA O NEUMÁTICO (C/U),1.3
BLACK,CAMBIO LLANTA TRASERA O NEUMÁTICO (C/U),1.3
VENOM 400,CAMBIO LLANTA TRASERA O NEUMÁTICO (C/U),0.7
VENOM 250,CAMBIO LLANTA TRASERA O NEUMÁTICO (C/U),0.8
ONE,CAMBIO LLANTA TRASERA O NEUMÁTICO (C/U),0.8
FLOW,CAMBIO LLANTA TRASERA O NEUMÁTICO (C/U),0.8
ADVANCE II LF,CAMBIO LLANTA TRASERA O NEUMÁTICO (C/U),0.8
ZONTES 155,CAMBIO LLANTA TRASERA O NEUMÁTICO (C/U),0.8
ZONTES 310M,CAMBIO LLANTA TRASERA O NEUMÁTICO (C/U),1.5
SHOCK,CAMBIO LLANTA TRASERA O NEUMÁTICO (C/U),0.8
TNT150i,CAMBIO LLANTA TRASERA O NEUMÁTICO (C/U),0.8
180S,CAMBIO LLANTA TRASERA O NEUMÁTICO (C/U),0.8
TNT25N,CAMBIO LLANTA TRASERA O NEUMÁTICO (C/U),0.8
LEONCINO 500,CAMBIO LLANTA TRASERA O NEUMÁTICO (C/U),0.8
LEONCINO 250,CAMBIO LLANTA TRASERA O NEUMÁTICO (C/U),0.8
TRK 500X,CAMBIO LLANTA TRASERA O NEUMÁTICO (C/U),0.8
TRK 251,CAMBIO LLANTA TRASERA O NEUMÁTICO (C/U),0.8
302 S,CAMBIO LLANTA TRASERA O NEUMÁTICO (C/U),0.8
TOP BOY,CAMBIO PIÑÓN O SENSOR VELOCÍMETRO,0.4
AGILITY,CAMBIO PIÑÓN O SENSOR VELOCÍMETRO,0.4
AGILITY RS,CAMBIO PIÑÓN O SENSOR VELOCÍMETRO,0.4
AGILITY CITY 150,CAMBIO PIÑÓN O SENSOR VELOCÍMETRO,0.4
BET & WIN,CAMBIO PIÑÓN O SENSOR VELOCÍMETRO,0.4
ACTIV,CAMBIO PIÑÓN O SENSOR VELOCÍMETRO,0.3
SPIKE,CAMBIO PIÑÓN O SENSOR VELOCÍMETRO,0.3
AGILITY RS  NAKED,CAMBIO PIÑÓN O SENSOR VELOCÍMETRO,0.4
SUPER 8,CAMBIO PIÑÓN O SENSOR VELOCÍMETRO,0.4
GACELA,CAMBIO PIÑÓN O SENSOR VELOCÍMETRO,0.4
CRUCERO             x-town 300,CAMBIO PIÑÓN O SENSOR VELOCÍMETRO,0.4
ROCKET,CAMBIO PIÑÓN O SENSOR VELOCÍMETRO,0.4
FLY 125,CAMBIO PIÑÓN O SENSOR VELOCÍMETRO,0.4
TWIST,CAMBIO PIÑÓN O SENSOR VELOCÍMETRO,0.4
JETIX,CAMBIO PIÑÓN O SENSOR VELOCÍMETRO,0.3
UNI-K 110,CAMBIO PIÑÓN O SENSOR VELOCÍMETRO,0.3
TRACK,CAMBIO PIÑÓN O SENSOR VELOCÍMETRO,0.3
PULSAR 135,CAMBIO PIÑÓN O SENSOR VELOCÍMETRO,0.3
Perseo,CAMBIO PIÑÓN O SENSOR VELOCÍMETRO,0.3
PULSAR,CAMBIO PIÑÓN O SENSOR VELOCÍMETRO,0.3
PULSAR 180 UG,CAMBIO PIÑÓN O SENSOR VELOCÍMETRO,0.3
PULSAR 150,CAMBIO PIÑÓN O SENSOR VELOCÍMETRO,0.3
THOR 160,CAMBIO PIÑÓN O SENSOR VELOCÍMETRO,0.3
PULSAR 200,CAMBIO PIÑÓN O SENSOR VELOCÍMETRO,0.3
PULSAR 150 NS,CAMBIO PIÑÓN O SENSOR VELOCÍMETRO,0.3
PULSAR 150 AS,CAMBIO PIÑÓN O SENSOR VELOCÍMETRO,0.3
PULSAR 200 AS,CAMBIO PIÑÓN O SENSOR VELOCÍMETRO,0.3
PULSAR 200 NS,CAMBIO PIÑÓN O SENSOR VELOCÍMETRO,0.3
TITAN,CAMBIO PIÑÓN O SENSOR VELOCÍMETRO,0.3
PULSAR  RS 200,CAMBIO PIÑÓN O SENSOR VELOCÍMETRO,0.3
PULSAR 220,CAMBIO PIÑÓN O SENSOR VELOCÍMETRO,0.3
AVENGER 220,CAMBIO PIÑÓN O SENSOR VELOCÍMETRO,0.3
XCD,CAMBIO PIÑÓN O SENSOR VELOCÍMETRO,0.3
DISCOVER 100,CAMBIO PIÑÓN O SENSOR VELOCÍMETRO,0.3
DISCOVER 135,CAMBIO PIÑÓN O SENSOR VELOCÍMETRO,0.3
BOXER,CAMBIO PIÑÓN O SENSOR VELOCÍMETRO,0.3
LEXUS,CAMBIO PIÑÓN O SENSOR VELOCÍMETRO,0.3
DISCOVER 100 5S,CAMBIO PIÑÓN O SENSOR VELOCÍMETRO,0.3
DISCOVER 150,CAMBIO PIÑÓN O SENSOR VELOCÍMETRO,0.3
CHAMPION,CAMBIO PIÑÓN O SENSOR VELOCÍMETRO,0.3
DISCOVER 125 ST,CAMBIO PIÑÓN O SENSOR VELOCÍMETRO,0.3
BOXER BM 100,CAMBIO PIÑÓN O SENSOR VELOCÍMETRO,0.3
BOXER BM 150,CAMBIO PIÑÓN O SENSOR VELOCÍMETRO,0.3
BOXER BM 100 ES,CAMBIO PIÑÓN O SENSOR VELOCÍMETRO,0.3
PLATINO 125,CAMBIO PIÑÓN O SENSOR VELOCÍMETRO,0.3
PLATINO 125 - 5S,CAMBIO PIÑÓN O SENSOR VELOCÍMETRO,0.3
PLATINO 100,CAMBIO PIÑÓN O SENSOR VELOCÍMETRO,0.3
PLATINO 110,CAMBIO PIÑÓN O SENSOR VELOCÍMETRO,0.3
FAMILLY,CAMBIO PIÑÓN O SENSOR VELOCÍMETRO,0.3
MOTOCARRO 4T,CAMBIO PIÑÓN O SENSOR VELOCÍMETRO,0.4
TORITO,CAMBIO PIÑÓN O SENSOR VELOCÍMETRO,0.4
KAZE MAX II,CAMBIO PIÑÓN O SENSOR VELOCÍMETRO,0.4
ZX 130- MAGIC II,CAMBIO PIÑÓN O SENSOR VELOCÍMETRO,0.3
KLX 250,CAMBIO PIÑÓN O SENSOR VELOCÍMETRO,0.3
NINJA 250,CAMBIO PIÑÓN O SENSOR VELOCÍMETRO,0.3
NINJA 250 FI,CAMBIO PIÑÓN O SENSOR VELOCÍMETRO,0.3
Z250,CAMBIO PIÑÓN O SENSOR VELOCÍMETRO,0.3
Z250 SL,CAMBIO PIÑÓN O SENSOR VELOCÍMETRO,0.3
ER-6n,CAMBIO PIÑÓN O SENSOR VELOCÍMETRO,0.5
TRANS-SPORT,CAMBIO PIÑÓN O SENSOR VELOCÍMETRO,0.4
FURAX,CAMBIO PIÑÓN O SENSOR VELOCÍMETRO,0.4
BOMBER 125,CAMBIO PIÑÓN O SENSOR VELOCÍMETRO,0.3
BOMBER 250,CAMBIO PIÑÓN O SENSOR VELOCÍMETRO,0.6
COMBAT 125,CAMBIO PIÑÓN O SENSOR VELOCÍMETRO,0.3
ZS,CAMBIO PIÑÓN O SENSOR VELOCÍMETRO,0.4
LIFE,CAMBIO PIÑÓN O SENSOR VELOCÍMETRO,0.4
HUNTER,CAMBIO PIÑÓN O SENSOR VELOCÍMETRO,0.4
BLACK,CAMBIO PIÑÓN O SENSOR VELOCÍMETRO,0.4
VENOM 400,CAMBIO PIÑÓN O SENSOR VELOCÍMETRO,0.4
VENOM 250,CAMBIO PIÑÓN O SENSOR VELOCÍMETRO,0.3
ONE,CAMBIO PIÑÓN O SENSOR VELOCÍMETRO,0.3
FLOW,CAMBIO PIÑÓN O SENSOR VELOCÍMETRO,0.3
ADVANCE II LF,CAMBIO PIÑÓN O SENSOR VELOCÍMETRO,0.3
ZONTES 155,CAMBIO PIÑÓN O SENSOR VELOCÍMETRO,0.3
ZONTES 310M,CAMBIO PIÑÓN O SENSOR VELOCÍMETRO,0.4
SHOCK,CAMBIO PIÑÓN O SENSOR VELOCÍMETRO,0.3
TNT150i,CAMBIO PIÑÓN O SENSOR VELOCÍMETRO,0.3
180S,CAMBIO PIÑÓN O SENSOR VELOCÍMETRO,0.3
TNT25N,CAMBIO PIÑÓN O SENSOR VELOCÍMETRO,0.3
LEONCINO 500,CAMBIO PIÑÓN O SENSOR VELOCÍMETRO,0.5
LEONCINO 250,CAMBIO PIÑÓN O SENSOR VELOCÍMETRO,0.3
TRK 500X,CAMBIO PIÑÓN O SENSOR VELOCÍMETRO,0.5
TRK 251,CAMBIO PIÑÓN O SENSOR VELOCÍMETRO,0.3
302 S,CAMBIO PIÑÓN O SENSOR VELOCÍMETRO,0.3
TOP BOY,CAMBIO CAJA DE PIÑONES DE VELOCIMETRO,0.3
AGILITY,CAMBIO CAJA DE PIÑONES DE VELOCIMETRO,0.3
AGILITY RS,CAMBIO CAJA DE PIÑONES DE VELOCIMETRO,0.3
AGILITY CITY 150,CAMBIO CAJA DE PIÑONES DE VELOCIMETRO,0.3
BET & WIN,CAMBIO CAJA DE PIÑONES DE VELOCIMETRO,0.3
ACTIV,CAMBIO CAJA DE PIÑONES DE VELOCIMETRO,0.3
SPIKE,CAMBIO CAJA DE PIÑONES DE VELOCIMETRO,0.3
AGILITY RS  NAKED,CAMBIO CAJA DE PIÑONES DE VELOCIMETRO,0.3
SUPER 8,CAMBIO CAJA DE PIÑONES DE VELOCIMETRO,0.3
GACELA,CAMBIO CAJA DE PIÑONES DE VELOCIMETRO,0.3
ROCKET,CAMBIO CAJA DE PIÑONES DE VELOCIMETRO,0.3
FLY 125,CAMBIO CAJA DE PIÑONES DE VELOCIMETRO,0.3
TWIST,CAMBIO CAJA DE PIÑONES DE VELOCIMETRO,0.3
JETIX,CAMBIO CAJA DE PIÑONES DE VELOCIMETRO,0.3
UNI-K 110,CAMBIO CAJA DE PIÑONES DE VELOCIMETRO,0.3
TRACK,CAMBIO CAJA DE PIÑONES DE VELOCIMETRO,0.3
PULSAR 135,CAMBIO CAJA DE PIÑONES DE VELOCIMETRO,0.3
Perseo,CAMBIO CAJA DE PIÑONES DE VELOCIMETRO,0.3
PULSAR,CAMBIO CAJA DE PIÑONES DE VELOCIMETRO,0.3
PULSAR 180 UG,CAMBIO CAJA DE PIÑONES DE VELOCIMETRO,0.3
PULSAR 150,CAMBIO CAJA DE PIÑONES DE VELOCIMETRO,0.3
THOR 160,CAMBIO CAJA DE PIÑONES DE VELOCIMETRO,0.3
PULSAR 200,CAMBIO CAJA DE PIÑONES DE VELOCIMETRO,0.3
PULSAR 150 NS,CAMBIO CAJA DE PIÑONES DE VELOCIMETRO,0.3
PULSAR 150 AS,CAMBIO CAJA DE PIÑONES DE VELOCIMETRO,0.3
PULSAR 200 AS,CAMBIO CAJA DE PIÑONES DE VELOCIMETRO,0.3
PULSAR 200 NS,CAMBIO CAJA DE PIÑONES DE VELOCIMETRO,0.3
PULSAR  RS 200,CAMBIO CAJA DE PIÑONES DE VELOCIMETRO,0.3
PULSAR 220,CAMBIO CAJA DE PIÑONES DE VELOCIMETRO,0.3
AVENGER 220,CAMBIO CAJA DE PIÑONES DE VELOCIMETRO,0.3
XCD,CAMBIO CAJA DE PIÑONES DE VELOCIMETRO,0.3
DISCOVER 100,CAMBIO CAJA DE PIÑONES DE VELOCIMETRO,0.3
DISCOVER 135,CAMBIO CAJA DE PIÑONES DE VELOCIMETRO,0.3
BOXER,CAMBIO CAJA DE PIÑONES DE VELOCIMETRO,0.3
LEXUS,CAMBIO CAJA DE PIÑONES DE VELOCIMETRO,0.3
DISCOVER 100 5S,CAMBIO CAJA DE PIÑONES DE VELOCIMETRO,0.3
DISCOVER 150,CAMBIO CAJA DE PIÑONES DE VELOCIMETRO,0.3
CHAMPION,CAMBIO CAJA DE PIÑONES DE VELOCIMETRO,0.3
DISCOVER 125 ST,CAMBIO CAJA DE PIÑONES DE VELOCIMETRO,0.3
BOXER BM 100,CAMBIO CAJA DE PIÑONES DE VELOCIMETRO,0.3
BOXER BM 150,CAMBIO CAJA DE PIÑONES DE VELOCIMETRO,0.3
BOXER BM 100 ES,CAMBIO CAJA DE PIÑONES DE VELOCIMETRO,0.3
PLATINO 125,CAMBIO CAJA DE PIÑONES DE VELOCIMETRO,0.3
PLATINO 125 - 5S,CAMBIO CAJA DE PIÑONES DE VELOCIMETRO,0.3
PLATINO 100,CAMBIO CAJA DE PIÑONES DE VELOCIMETRO,0.3
PLATINO 110,CAMBIO CAJA DE PIÑONES DE VELOCIMETRO,0.3
FAMILLY,CAMBIO CAJA DE PIÑONES DE VELOCIMETRO,0.3
MOTOCARRO 4T,CAMBIO CAJA DE PIÑONES DE VELOCIMETRO,0.5
TORITO,CAMBIO CAJA DE PIÑONES DE VELOCIMETRO,0.5
KAZE MAX II,CAMBIO CAJA DE PIÑONES DE VELOCIMETRO,0.5
ZX 130- MAGIC II,CAMBIO CAJA DE PIÑONES DE VELOCIMETRO,0.3
KMX,CAMBIO CAJA DE PIÑONES DE VELOCIMETRO,0.3
KLX 150,CAMBIO CAJA DE PIÑONES DE VELOCIMETRO,0.3
KLX150  L,CAMBIO CAJA DE PIÑONES DE VELOCIMETRO,0.3
NINJA 250,CAMBIO CAJA DE PIÑONES DE VELOCIMETRO,0.3
TRANS-SPORT,CAMBIO CAJA DE PIÑONES DE VELOCIMETRO,0.5
MRX 150,CAMBIO CAJA DE PIÑONES DE VELOCIMETRO,0.3
FURAX,CAMBIO CAJA DE PIÑONES DE VELOCIMETRO,0.3
BOMBER 125,CAMBIO CAJA DE PIÑONES DE VELOCIMETRO,0.3
BOMBER 250,CAMBIO CAJA DE PIÑONES DE VELOCIMETRO,0.6
COMBAT 125,CAMBIO CAJA DE PIÑONES DE VELOCIMETRO,0.3
ZS,CAMBIO CAJA DE PIÑONES DE VELOCIMETRO,0.3
LIFE,CAMBIO CAJA DE PIÑONES DE VELOCIMETRO,0.3
HUNTER,CAMBIO CAJA DE PIÑONES DE VELOCIMETRO,0.3
BLACK,CAMBIO CAJA DE PIÑONES DE VELOCIMETRO,0.3
VENOM 250,CAMBIO CAJA DE PIÑONES DE VELOCIMETRO,0.3
ONE,CAMBIO CAJA DE PIÑONES DE VELOCIMETRO,0.3
FLOW,CAMBIO CAJA DE PIÑONES DE VELOCIMETRO,0.3
ADVANCE II LF,CAMBIO CAJA DE PIÑONES DE VELOCIMETRO,0.3
ZONTES 310M,CAMBIO CAJA DE PIÑONES DE VELOCIMETRO,0.3
SHOCK,CAMBIO CAJA DE PIÑONES DE VELOCIMETRO,0.3
ACTIV,CAMBIO RODAMIENTO RUEDA TRASERA,0.7
SPIKE,CAMBIO RODAMIENTO RUEDA TRASERA,0.7
JETIX,CAMBIO RODAMIENTO RUEDA TRASERA,0.7
UNI-K 110,CAMBIO RODAMIENTO RUEDA TRASERA,0.7
TRACK,CAMBIO RODAMIENTO RUEDA TRASERA,0.7
PULSAR 135,CAMBIO RODAMIENTO RUEDA TRASERA,0.7
Perseo,CAMBIO RODAMIENTO RUEDA TRASERA,0.7
PULSAR,CAMBIO RODAMIENTO RUEDA TRASERA,0.7
PULSAR 180 UG,CAMBIO RODAMIENTO RUEDA TRASERA,0.7
PULSAR 150,CAMBIO RODAMIENTO RUEDA TRASERA,0.7
THOR 160,CAMBIO RODAMIENTO RUEDA TRASERA,0.7
PULSAR 200,CAMBIO RODAMIENTO RUEDA TRASERA,0.7
PULSAR 150 NS,CAMBIO RODAMIENTO RUEDA TRASERA,0.7
PULSAR 150 AS,CAMBIO RODAMIENTO RUEDA TRASERA,0.7
PULSAR 200 AS,CAMBIO RODAMIENTO RUEDA TRASERA,0.7
PULSAR 200 NS,CAMBIO RODAMIENTO RUEDA TRASERA,0.7
TITAN,CAMBIO RODAMIENTO RUEDA TRASERA,0.7
PULSAR  RS 200,CAMBIO RODAMIENTO RUEDA TRASERA,0.7
PULSAR 220,CAMBIO RODAMIENTO RUEDA TRASERA,0.7
AVENGER 220,CAMBIO RODAMIENTO RUEDA TRASERA,0.7
XCD,CAMBIO RODAMIENTO RUEDA TRASERA,0.7
DISCOVER 100,CAMBIO RODAMIENTO RUEDA TRASERA,0.7
DISCOVER 135,CAMBIO RODAMIENTO RUEDA TRASERA,0.7
BOXER,CAMBIO RODAMIENTO RUEDA TRASERA,0.7
LEXUS,CAMBIO RODAMIENTO RUEDA TRASERA,0.7
DISCOVER 100 5S,CAMBIO RODAMIENTO RUEDA TRASERA,0.7
DISCOVER 150,CAMBIO RODAMIENTO RUEDA TRASERA,0.7
CHAMPION,CAMBIO RODAMIENTO RUEDA TRASERA,0.7
DISCOVER 125 ST,CAMBIO RODAMIENTO RUEDA TRASERA,0.7
BOXER BM 100,CAMBIO RODAMIENTO RUEDA TRASERA,0.7
BOXER BM 150,CAMBIO RODAMIENTO RUEDA TRASERA,0.7
BOXER BM 100 ES,CAMBIO RODAMIENTO RUEDA TRASERA,0.7
PLATINO 125,CAMBIO RODAMIENTO RUEDA TRASERA,0.7
PLATINO 125 - 5S,CAMBIO RODAMIENTO RUEDA TRASERA,0.7
PLATINO 100,CAMBIO RODAMIENTO RUEDA TRASERA,0.7
PLATINO 110,CAMBIO RODAMIENTO RUEDA TRASERA,0.7
FAMILLY,CAMBIO RODAMIENTO RUEDA TRASERA,0.7
MOTOCARRO 4T,CAMBIO RODAMIENTO RUEDA TRASERA,0.7
TORITO,CAMBIO RODAMIENTO RUEDA TRASERA,0.7
MOTOCARRO DIESEL,CAMBIO RODAMIENTO RUEDA TRASERA,0.7
KAZE MAX II,CAMBIO RODAMIENTO RUEDA TRASERA,0.6
ZX 130- MAGIC II,CAMBIO RODAMIENTO RUEDA TRASERA,0.7
KMX,CAMBIO RODAMIENTO RUEDA TRASERA,0.7
KLX 150,CAMBIO RODAMIENTO RUEDA TRASERA,0.7
KLX150  L,CAMBIO RODAMIENTO RUEDA TRASERA,0.7
KLX 250,CAMBIO RODAMIENTO RUEDA TRASERA,0.7
NINJA 250,CAMBIO RODAMIENTO RUEDA TRASERA,0.7
NINJA 250 FI,CAMBIO RODAMIENTO RUEDA TRASERA,0.7
Z250,CAMBIO RODAMIENTO RUEDA TRASERA,0.7
Z250 SL,CAMBIO RODAMIENTO RUEDA TRASERA,0.7
ER-6n,CAMBIO RODAMIENTO RUEDA TRASERA,0.7
TRANS-SPORT,CAMBIO RODAMIENTO RUEDA TRASERA,0.7
MRX 150,CAMBIO RODAMIENTO RUEDA TRASERA,0.7
FURAX,CAMBIO RODAMIENTO RUEDA TRASERA,0.7
BOMBER 125,CAMBIO RODAMIENTO RUEDA TRASERA,0.7
BOMBER 250,CAMBIO RODAMIENTO RUEDA TRASERA,0.5
COMBAT 125,CAMBIO RODAMIENTO RUEDA TRASERA,0.7
VENOM 400,CAMBIO RODAMIENTO RUEDA TRASERA,0.7
VENOM 250,CAMBIO RODAMIENTO RUEDA TRASERA,0.7
ONE,CAMBIO RODAMIENTO RUEDA TRASERA,0.7
FLOW,CAMBIO RODAMIENTO RUEDA TRASERA,0.7
ADVANCE II LF,CAMBIO RODAMIENTO RUEDA TRASERA,0.7
ZONTES 155,CAMBIO RODAMIENTO RUEDA TRASERA,0.7
SHOCK,CAMBIO RODAMIENTO RUEDA TRASERA,0.7
TNT150i,CAMBIO RODAMIENTO RUEDA TRASERA,0.7
180S,CAMBIO RODAMIENTO RUEDA TRASERA,0.7
TNT25N,CAMBIO RODAMIENTO RUEDA TRASERA,0.7
LEONCINO 500,CAMBIO RODAMIENTO RUEDA TRASERA,0.7
LEONCINO 250,CAMBIO RODAMIENTO RUEDA TRASERA,0.7
TRK 500X,CAMBIO RODAMIENTO RUEDA TRASERA,0.7
TRK 251,CAMBIO RODAMIENTO RUEDA TRASERA,0.7
302 S,CAMBIO RODAMIENTO RUEDA TRASERA,0.7
ACTIV,CAMBIO RODAMIENTO PORTA SPROCKET,0.5
SPIKE,CAMBIO RODAMIENTO PORTA SPROCKET,0.5
JETIX,CAMBIO RODAMIENTO PORTA SPROCKET,0.5
UNI-K 110,CAMBIO RODAMIENTO PORTA SPROCKET,0.5
TRACK,CAMBIO RODAMIENTO PORTA SPROCKET,0.5
PULSAR 135,CAMBIO RODAMIENTO PORTA SPROCKET,0.5
Perseo,CAMBIO RODAMIENTO PORTA SPROCKET,0.5
PULSAR,CAMBIO RODAMIENTO PORTA SPROCKET,0.5
PULSAR 180 UG,CAMBIO RODAMIENTO PORTA SPROCKET,0.5
PULSAR 150,CAMBIO RODAMIENTO PORTA SPROCKET,0.5
THOR 160,CAMBIO RODAMIENTO PORTA SPROCKET,0.5
PULSAR 200,CAMBIO RODAMIENTO PORTA SPROCKET,0.5
PULSAR 150 NS,CAMBIO RODAMIENTO PORTA SPROCKET,0.5
PULSAR 150 AS,CAMBIO RODAMIENTO PORTA SPROCKET,0.5
PULSAR 200 AS,CAMBIO RODAMIENTO PORTA SPROCKET,0.5
PULSAR 200 NS,CAMBIO RODAMIENTO PORTA SPROCKET,0.5
TITAN,CAMBIO RODAMIENTO PORTA SPROCKET,0.5
PULSAR  RS 200,CAMBIO RODAMIENTO PORTA SPROCKET,0.5
PULSAR 220,CAMBIO RODAMIENTO PORTA SPROCKET,0.5
AVENGER 220,CAMBIO RODAMIENTO PORTA SPROCKET,0.5
XCD,CAMBIO RODAMIENTO PORTA SPROCKET,0.5
DISCOVER 100,CAMBIO RODAMIENTO PORTA SPROCKET,0.5
DISCOVER 135,CAMBIO RODAMIENTO PORTA SPROCKET,0.5
BOXER,CAMBIO RODAMIENTO PORTA SPROCKET,0.5
LEXUS,CAMBIO RODAMIENTO PORTA SPROCKET,0.5
DISCOVER 100 5S,CAMBIO RODAMIENTO PORTA SPROCKET,0.5
DISCOVER 150,CAMBIO RODAMIENTO PORTA SPROCKET,0.5
CHAMPION,CAMBIO RODAMIENTO PORTA SPROCKET,0.5
DISCOVER 125 ST,CAMBIO RODAMIENTO PORTA SPROCKET,0.5
BOXER BM 100,CAMBIO RODAMIENTO PORTA SPROCKET,0.5
BOXER BM 150,CAMBIO RODAMIENTO PORTA SPROCKET,0.5
BOXER BM 100 ES,CAMBIO RODAMIENTO PORTA SPROCKET,0.5
PLATINO 125,CAMBIO RODAMIENTO PORTA SPROCKET,0.5
PLATINO 125 - 5S,CAMBIO RODAMIENTO PORTA SPROCKET,0.5
PLATINO 100,CAMBIO RODAMIENTO PORTA SPROCKET,0.5
PLATINO 110,CAMBIO RODAMIENTO PORTA SPROCKET,0.5
FAMILLY,CAMBIO RODAMIENTO PORTA SPROCKET,0.5
MOTOCARRO 4T,CAMBIO RODAMIENTO PORTA SPROCKET,0.5
MOTOCARRO DIESEL,CAMBIO RODAMIENTO PORTA SPROCKET,0.5
KAZE MAX II,CAMBIO RODAMIENTO PORTA SPROCKET,0.4
ZX 130- MAGIC II,CAMBIO RODAMIENTO PORTA SPROCKET,0.5
NINJA 250,CAMBIO RODAMIENTO PORTA SPROCKET,0.5
NINJA 250 FI,CAMBIO RODAMIENTO PORTA SPROCKET,0.5
Z250,CAMBIO RODAMIENTO PORTA SPROCKET,0.5
Z250 SL,CAMBIO RODAMIENTO PORTA SPROCKET,0.5
ER-6n,CAMBIO RODAMIENTO PORTA SPROCKET,0.5
TRANS-SPORT,CAMBIO RODAMIENTO PORTA SPROCKET,0.4
BOMBER 125,CAMBIO RODAMIENTO PORTA SPROCKET,0.5
BOMBER 250,CAMBIO RODAMIENTO PORTA SPROCKET,0.5
COMBAT 125,CAMBIO RODAMIENTO PORTA SPROCKET,0.5
VENOM 400,CAMBIO RODAMIENTO PORTA SPROCKET,0.7
VENOM 250,CAMBIO RODAMIENTO PORTA SPROCKET,0.5
ONE,CAMBIO RODAMIENTO PORTA SPROCKET,0.5
FLOW,CAMBIO RODAMIENTO PORTA SPROCKET,0.5
ADVANCE II LF,CAMBIO RODAMIENTO PORTA SPROCKET,0.5
ZONTES 155,CAMBIO RODAMIENTO PORTA SPROCKET,0.5
SHOCK,CAMBIO RODAMIENTO PORTA SPROCKET,0.5
TNT150i,CAMBIO RODAMIENTO PORTA SPROCKET,0.5
180S,CAMBIO RODAMIENTO PORTA SPROCKET,0.5
TNT25N,CAMBIO RODAMIENTO PORTA SPROCKET,0.5
LEONCINO 500,CAMBIO RODAMIENTO PORTA SPROCKET,0.5
LEONCINO 250,CAMBIO RODAMIENTO PORTA SPROCKET,0.5
TRK 500X,CAMBIO RODAMIENTO PORTA SPROCKET,0.5
TRK 251,CAMBIO RODAMIENTO PORTA SPROCKET,0.5
302 S,CAMBIO RODAMIENTO PORTA SPROCKET,0.5
TOP BOY,CAMBIO RODAMIENTO RUEDA DELANTERA,0.5
AGILITY,CAMBIO RODAMIENTO RUEDA DELANTERA,0.5
AGILITY RS,CAMBIO RODAMIENTO RUEDA DELANTERA,0.5
AGILITY CITY 150,CAMBIO RODAMIENTO RUEDA DELANTERA,0.5
BET & WIN,CAMBIO RODAMIENTO RUEDA DELANTERA,0.5
ACTIV,CAMBIO RODAMIENTO RUEDA DELANTERA,0.5
SPIKE,CAMBIO RODAMIENTO RUEDA DELANTERA,0.5
AGILITY RS  NAKED,CAMBIO RODAMIENTO RUEDA DELANTERA,0.5
SUPER 8,CAMBIO RODAMIENTO RUEDA DELANTERA,0.5
GACELA,CAMBIO RODAMIENTO RUEDA DELANTERA,0.5
CRUCERO             x-town 300,CAMBIO RODAMIENTO RUEDA DELANTERA,1
ROCKET,CAMBIO RODAMIENTO RUEDA DELANTERA,0.5
FLY 125,CAMBIO RODAMIENTO RUEDA DELANTERA,0.5
TWIST,CAMBIO RODAMIENTO RUEDA DELANTERA,0.5
JETIX,CAMBIO RODAMIENTO RUEDA DELANTERA,0.5
UNI-K 110,CAMBIO RODAMIENTO RUEDA DELANTERA,0.5
TRACK,CAMBIO RODAMIENTO RUEDA DELANTERA,0.5
PULSAR 135,CAMBIO RODAMIENTO RUEDA DELANTERA,0.5
Perseo,CAMBIO RODAMIENTO RUEDA DELANTERA,0.5
PULSAR,CAMBIO RODAMIENTO RUEDA DELANTERA,0.5
PULSAR 180 UG,CAMBIO RODAMIENTO RUEDA DELANTERA,0.5
PULSAR 150,CAMBIO RODAMIENTO RUEDA DELANTERA,0.5
THOR 160,CAMBIO RODAMIENTO RUEDA DELANTERA,0.5
PULSAR 200,CAMBIO RODAMIENTO RUEDA DELANTERA,0.5
PULSAR 150 NS,CAMBIO RODAMIENTO RUEDA DELANTERA,0.5
PULSAR 150 AS,CAMBIO RODAMIENTO RUEDA DELANTERA,0.5
PULSAR 200 AS,CAMBIO RODAMIENTO RUEDA DELANTERA,0.5
PULSAR 200 NS,CAMBIO RODAMIENTO RUEDA DELANTERA,0.5
TITAN,CAMBIO RODAMIENTO RUEDA DELANTERA,0.5
PULSAR  RS 200,CAMBIO RODAMIENTO RUEDA DELANTERA,0.5
PULSAR 220,CAMBIO RODAMIENTO RUEDA DELANTERA,0.5
AVENGER 220,CAMBIO RODAMIENTO RUEDA DELANTERA,0.5
XCD,CAMBIO RODAMIENTO RUEDA DELANTERA,0.5
DISCOVER 100,CAMBIO RODAMIENTO RUEDA DELANTERA,0.5
DISCOVER 135,CAMBIO RODAMIENTO RUEDA DELANTERA,0.5
BOXER,CAMBIO RODAMIENTO RUEDA DELANTERA,0.5
LEXUS,CAMBIO RODAMIENTO RUEDA DELANTERA,0.5
DISCOVER 100 5S,CAMBIO RODAMIENTO RUEDA DELANTERA,0.5
DISCOVER 150,CAMBIO RODAMIENTO RUEDA DELANTERA,0.5
CHAMPION,CAMBIO RODAMIENTO RUEDA DELANTERA,0.5
DISCOVER 125 ST,CAMBIO RODAMIENTO RUEDA DELANTERA,0.5
BOXER BM 100,CAMBIO RODAMIENTO RUEDA DELANTERA,0.5
BOXER BM 150,CAMBIO RODAMIENTO RUEDA DELANTERA,0.5
BOXER BM 100 ES,CAMBIO RODAMIENTO RUEDA DELANTERA,0.5
PLATINO 125,CAMBIO RODAMIENTO RUEDA DELANTERA,0.5
PLATINO 125 - 5S,CAMBIO RODAMIENTO RUEDA DELANTERA,0.5
PLATINO 100,CAMBIO RODAMIENTO RUEDA DELANTERA,0.5
PLATINO 110,CAMBIO RODAMIENTO RUEDA DELANTERA,0.5
FAMILLY,CAMBIO RODAMIENTO RUEDA DELANTERA,0.5
MOTOCARRO 4T,CAMBIO RODAMIENTO RUEDA DELANTERA,1.7
TORITO,CAMBIO RODAMIENTO RUEDA DELANTERA,1.7
KAZE MAX II,CAMBIO RODAMIENTO RUEDA DELANTERA,0.5
ZX 130- MAGIC II,CAMBIO RODAMIENTO RUEDA DELANTERA,0.5
KMX,CAMBIO RODAMIENTO RUEDA DELANTERA,0.5
KLX 150,CAMBIO RODAMIENTO RUEDA DELANTERA,0.5
KLX150  L,CAMBIO RODAMIENTO RUEDA DELANTERA,0.5
KLX 250,CAMBIO RODAMIENTO RUEDA DELANTERA,0.5
NINJA 250,CAMBIO RODAMIENTO RUEDA DELANTERA,0.5
NINJA 250 FI,CAMBIO RODAMIENTO RUEDA DELANTERA,0.5
Z250,CAMBIO RODAMIENTO RUEDA DELANTERA,0.5
Z250 SL,CAMBIO RODAMIENTO RUEDA DELANTERA,0.5
ER-6n,CAMBIO RODAMIENTO RUEDA DELANTERA,0.5
TRANS-SPORT,CAMBIO RODAMIENTO RUEDA DELANTERA,0.5
MRX 150,CAMBIO RODAMIENTO RUEDA DELANTERA,0.5
FURAX,CAMBIO RODAMIENTO RUEDA DELANTERA,0.5
BOMBER 125,CAMBIO RODAMIENTO RUEDA DELANTERA,0.5
BOMBER 250,CAMBIO RODAMIENTO RUEDA DELANTERA,0.8
COMBAT 125,CAMBIO RODAMIENTO RUEDA DELANTERA,0.5
ZS,CAMBIO RODAMIENTO RUEDA DELANTERA,0.5
LIFE,CAMBIO RODAMIENTO RUEDA DELANTERA,0.5
HUNTER,CAMBIO RODAMIENTO RUEDA DELANTERA,0´5
BLACK,CAMBIO RODAMIENTO RUEDA DELANTERA,0.5
VENOM 400,CAMBIO RODAMIENTO RUEDA DELANTERA,0.7
VENOM 250,CAMBIO RODAMIENTO RUEDA DELANTERA,0.5
ONE,CAMBIO RODAMIENTO RUEDA DELANTERA,0.5
FLOW,CAMBIO RODAMIENTO RUEDA DELANTERA,0.5
ADVANCE II LF,CAMBIO RODAMIENTO RUEDA DELANTERA,0.5
ZONTES 155,CAMBIO RODAMIENTO RUEDA DELANTERA,0.5
ZONTES 310M,CAMBIO RODAMIENTO RUEDA DELANTERA,0.5
SHOCK,CAMBIO RODAMIENTO RUEDA DELANTERA,0.5
TNT150i,CAMBIO RODAMIENTO RUEDA DELANTERA,0.5
180S,CAMBIO RODAMIENTO RUEDA DELANTERA,0.5
TNT25N,CAMBIO RODAMIENTO RUEDA DELANTERA,0.5
LEONCINO 500,CAMBIO RODAMIENTO RUEDA DELANTERA,0.5
LEONCINO 250,CAMBIO RODAMIENTO RUEDA DELANTERA,0.5
TRK 500X,CAMBIO RODAMIENTO RUEDA DELANTERA,0.5
TRK 251,CAMBIO RODAMIENTO RUEDA DELANTERA,0.5
302 S,CAMBIO RODAMIENTO RUEDA DELANTERA,0.5
TOP BOY,CAMBIO EJE DELANTERO,0.2
AGILITY,CAMBIO EJE DELANTERO,0.2
AGILITY RS,CAMBIO EJE DELANTERO,0.2
AGILITY CITY 150,CAMBIO EJE DELANTERO,0.2
BET & WIN,CAMBIO EJE DELANTERO,0.2
ACTIV,CAMBIO EJE DELANTERO,0.2
SPIKE,CAMBIO EJE DELANTERO,0.2
AGILITY RS  NAKED,CAMBIO EJE DELANTERO,0.2
SUPER 8,CAMBIO EJE DELANTERO,0.2
GACELA,CAMBIO EJE DELANTERO,0.2
CRUCERO             x-town 300,CAMBIO EJE DELANTERO,0.5
ROCKET,CAMBIO EJE DELANTERO,0.2
FLY 125,CAMBIO EJE DELANTERO,0.2
TWIST,CAMBIO EJE DELANTERO,0.2
JETIX,CAMBIO EJE DELANTERO,0.2
UNI-K 110,CAMBIO EJE DELANTERO,0.2
TRACK,CAMBIO EJE DELANTERO,0.2
PULSAR 135,CAMBIO EJE DELANTERO,0.2
Perseo,CAMBIO EJE DELANTERO,0.2
PULSAR,CAMBIO EJE DELANTERO,0.2
PULSAR 180 UG,CAMBIO EJE DELANTERO,0.2
PULSAR 150,CAMBIO EJE DELANTERO,0.2
THOR 160,CAMBIO EJE DELANTERO,0.2
PULSAR 200,CAMBIO EJE DELANTERO,0.2
PULSAR 150 NS,CAMBIO EJE DELANTERO,0.2
PULSAR 150 AS,CAMBIO EJE DELANTERO,0.2
PULSAR 200 AS,CAMBIO EJE DELANTERO,0.2
PULSAR 200 NS,CAMBIO EJE DELANTERO,0.2
TITAN,CAMBIO EJE DELANTERO,0.2
PULSAR  RS 200,CAMBIO EJE DELANTERO,0.2
PULSAR 220,CAMBIO EJE DELANTERO,0.2
AVENGER 220,CAMBIO EJE DELANTERO,0.2
XCD,CAMBIO EJE DELANTERO,0.2
DISCOVER 100,CAMBIO EJE DELANTERO,0.2
DISCOVER 135,CAMBIO EJE DELANTERO,0.2
BOXER,CAMBIO EJE DELANTERO,0.2
LEXUS,CAMBIO EJE DELANTERO,0.2
DISCOVER 100 5S,CAMBIO EJE DELANTERO,0.2
DISCOVER 150,CAMBIO EJE DELANTERO,0.2
CHAMPION,CAMBIO EJE DELANTERO,0.2
DISCOVER 125 ST,CAMBIO EJE DELANTERO,0.2
BOXER BM 100,CAMBIO EJE DELANTERO,0.2
BOXER BM 150,CAMBIO EJE DELANTERO,0.2
BOXER BM 100 ES,CAMBIO EJE DELANTERO,0.2
PLATINO 125,CAMBIO EJE DELANTERO,0.2
PLATINO 125 - 5S,CAMBIO EJE DELANTERO,0.2
PLATINO 100,CAMBIO EJE DELANTERO,0.2
PLATINO 110,CAMBIO EJE DELANTERO,0.2
FAMILLY,CAMBIO EJE DELANTERO,0.2
MOTOCARRO 4T,CAMBIO EJE DELANTERO,1
TORITO,CAMBIO EJE DELANTERO,1
KAZE MAX II,CAMBIO EJE DELANTERO,0.2
ZX 130- MAGIC II,CAMBIO EJE DELANTERO,0.2
KMX,CAMBIO EJE DELANTERO,0.2
KLX 150,CAMBIO EJE DELANTERO,0.2
KLX150  L,CAMBIO EJE DELANTERO,0.2
KLX 250,CAMBIO EJE DELANTERO,0.2
NINJA 250,CAMBIO EJE DELANTERO,0.2
NINJA 250 FI,CAMBIO EJE DELANTERO,0.2
Z250,CAMBIO EJE DELANTERO,0.2
Z250 SL,CAMBIO EJE DELANTERO,0.2
ER-6n,CAMBIO EJE DELANTERO,0.2
TRANS-SPORT,CAMBIO EJE DELANTERO,0.2
MRX 150,CAMBIO EJE DELANTERO,0.2
FURAX,CAMBIO EJE DELANTERO,0.2
BOMBER 125,CAMBIO EJE DELANTERO,0.2
BOMBER 250,CAMBIO EJE DELANTERO,0.1
COMBAT 125,CAMBIO EJE DELANTERO,0.2
ZS,CAMBIO EJE DELANTERO,0.2
LIFE,CAMBIO EJE DELANTERO,0.2
HUNTER,CAMBIO EJE DELANTERO,0.2
BLACK,CAMBIO EJE DELANTERO,0.2
VENOM 400,CAMBIO EJE DELANTERO,0.2
VENOM 250,CAMBIO EJE DELANTERO,0.2
ONE,CAMBIO EJE DELANTERO,0.2
FLOW,CAMBIO EJE DELANTERO,0.2
ADVANCE II LF,CAMBIO EJE DELANTERO,0.2
ZONTES 155,CAMBIO EJE DELANTERO,0.2
ZONTES 310M,CAMBIO EJE DELANTERO,0.2
SHOCK,CAMBIO EJE DELANTERO,0.2
TNT150i,CAMBIO EJE DELANTERO,0.2
180S,CAMBIO EJE DELANTERO,0.2
TNT25N,CAMBIO EJE DELANTERO,0.2
LEONCINO 500,CAMBIO EJE DELANTERO,0.2
LEONCINO 250,CAMBIO EJE DELANTERO,0.2
TRK 500X,CAMBIO EJE DELANTERO,0.2
TRK 251,CAMBIO EJE DELANTERO,0.2
302 S,CAMBIO EJE DELANTERO,0.2
TOP BOY,CAMBIO EJE TRASERO,2
AGILITY,CAMBIO EJE TRASERO,2
AGILITY RS,CAMBIO EJE TRASERO,2
AGILITY CITY 150,CAMBIO EJE TRASERO,2
BET & WIN,CAMBIO EJE TRASERO,2.5
ACTIV,CAMBIO EJE TRASERO,0.2
SPIKE,CAMBIO EJE TRASERO,0.2
AGILITY RS  NAKED,CAMBIO EJE TRASERO,2
SUPER 8,CAMBIO EJE TRASERO,2
GACELA,CAMBIO EJE TRASERO,2
CRUCERO             x-town 300,CAMBIO EJE TRASERO,2.5
ROCKET,CAMBIO EJE TRASERO,2
FLY 125,CAMBIO EJE TRASERO,2
TWIST,CAMBIO EJE TRASERO,2
JETIX,CAMBIO EJE TRASERO,0.2
UNI-K 110,CAMBIO EJE TRASERO,0.2
TRACK,CAMBIO EJE TRASERO,0.2
PULSAR 135,CAMBIO EJE TRASERO,0.2
Perseo,CAMBIO EJE TRASERO,0.2
PULSAR,CAMBIO EJE TRASERO,0.2
PULSAR 180 UG,CAMBIO EJE TRASERO,0.2
PULSAR 150,CAMBIO EJE TRASERO,0.2
THOR 160,CAMBIO EJE TRASERO,0.2
PULSAR 200,CAMBIO EJE TRASERO,0.2
PULSAR 150 NS,CAMBIO EJE TRASERO,0.2
PULSAR 150 AS,CAMBIO EJE TRASERO,0.2
PULSAR 200 AS,CAMBIO EJE TRASERO,0.2
PULSAR 200 NS,CAMBIO EJE TRASERO,0.2
TITAN,CAMBIO EJE TRASERO,0.2
PULSAR  RS 200,CAMBIO EJE TRASERO,0.2
PULSAR 220,CAMBIO EJE TRASERO,0.2
AVENGER 220,CAMBIO EJE TRASERO,0.2
XCD,CAMBIO EJE TRASERO,0.2
DISCOVER 100,CAMBIO EJE TRASERO,0.2
DISCOVER 135,CAMBIO EJE TRASERO,0.2
BOXER,CAMBIO EJE TRASERO,0.2
LEXUS,CAMBIO EJE TRASERO,0.2
DISCOVER 100 5S,CAMBIO EJE TRASERO,0.2
DISCOVER 150,CAMBIO EJE TRASERO,0.2
CHAMPION,CAMBIO EJE TRASERO,0.2
DISCOVER 125 ST,CAMBIO EJE TRASERO,0.2
BOXER BM 100,CAMBIO EJE TRASERO,0.2
BOXER BM 150,CAMBIO EJE TRASERO,0.2
BOXER BM 100 ES,CAMBIO EJE TRASERO,0.2
PLATINO 125,CAMBIO EJE TRASERO,0.2
PLATINO 125 - 5S,CAMBIO EJE TRASERO,0.2
PLATINO 100,CAMBIO EJE TRASERO,0.2
PLATINO 110,CAMBIO EJE TRASERO,0.2
FAMILLY,CAMBIO EJE TRASERO,0.2
MOTOCARRO 4T,CAMBIO EJE TRASERO,0.2
TORITO,CAMBIO EJE TRASERO,0.2
MOTOCARRO DIESEL,CAMBIO EJE TRASERO,0.2
ZX 130- MAGIC II,CAMBIO EJE TRASERO,0.2
KMX,CAMBIO EJE TRASERO,0.2
KLX 150,CAMBIO EJE TRASERO,0.2
KLX150  L,CAMBIO EJE TRASERO,0.2
KLX 250,CAMBIO EJE TRASERO,0.2
NINJA 250,CAMBIO EJE TRASERO,0.2
NINJA 250 FI,CAMBIO EJE TRASERO,0.2
Z250,CAMBIO EJE TRASERO,0.2
Z250 SL,CAMBIO EJE TRASERO,0.2
ER-6n,CAMBIO EJE TRASERO,0.2
TRANS-SPORT,CAMBIO EJE TRASERO,0.2
MRX 150,CAMBIO EJE TRASERO,0.2
FURAX,CAMBIO EJE TRASERO,0.2
BOMBER 125,CAMBIO EJE TRASERO,0.2
BOMBER 250,CAMBIO EJE TRASERO,0.1
COMBAT 125,CAMBIO EJE TRASERO,0.2
ZS,CAMBIO EJE TRASERO,2
BLACK,CAMBIO EJE TRASERO,2.5
VENOM 400,CAMBIO EJE TRASERO,0.2
VENOM 250,CAMBIO EJE TRASERO,0.2
ONE,CAMBIO EJE TRASERO,0.2
FLOW,CAMBIO EJE TRASERO,0.2
ADVANCE II LF,CAMBIO EJE TRASERO,0.2
ZONTES 155,CAMBIO EJE TRASERO,0.2
ZONTES 310M,CAMBIO EJE TRASERO,2.5
SHOCK,CAMBIO EJE TRASERO,0.2
TNT150i,CAMBIO EJE TRASERO,0.2
180S,CAMBIO EJE TRASERO,0.2
TNT25N,CAMBIO EJE TRASERO,0.2
LEONCINO 500,CAMBIO EJE TRASERO,0.2
LEONCINO 250,CAMBIO EJE TRASERO,0.2
TRK 500X,CAMBIO EJE TRASERO,0.2
TRK 251,CAMBIO EJE TRASERO,0.2
302 S,CAMBIO EJE TRASERO,0.2
TOP BOY,CAMBIO RIN DELANTERO,1
AGILITY,CAMBIO RIN DELANTERO,1
AGILITY RS,CAMBIO RIN DELANTERO,1
AGILITY CITY 150,CAMBIO RIN DELANTERO,1
BET & WIN,CAMBIO RIN DELANTERO,1
ACTIV,CAMBIO RIN DELANTERO,0.6
SPIKE,CAMBIO RIN DELANTERO,0.6
AGILITY RS  NAKED,CAMBIO RIN DELANTERO,1
SUPER 8,CAMBIO RIN DELANTERO,1
GACELA,CAMBIO RIN DELANTERO,1
CRUCERO             x-town 300,CAMBIO RIN DELANTERO,1
ROCKET,CAMBIO RIN DELANTERO,1
FLY 125,CAMBIO RIN DELANTERO,1
TWIST,CAMBIO RIN DELANTERO,1
JETIX,CAMBIO RIN DELANTERO,0.6
UNI-K 110,CAMBIO RIN DELANTERO,0.6
TRACK,CAMBIO RIN DELANTERO,0.6
PULSAR 135,CAMBIO RIN DELANTERO,1
Perseo,CAMBIO RIN DELANTERO,1
PULSAR,CAMBIO RIN DELANTERO,1
PULSAR 180 UG,CAMBIO RIN DELANTERO,1
PULSAR 150,CAMBIO RIN DELANTERO,1
THOR 160,CAMBIO RIN DELANTERO,1
PULSAR 200,CAMBIO RIN DELANTERO,1
PULSAR 150 NS,CAMBIO RIN DELANTERO,1
PULSAR 150 AS,CAMBIO RIN DELANTERO,1
PULSAR 200 AS,CAMBIO RIN DELANTERO,1
PULSAR 200 NS,CAMBIO RIN DELANTERO,1
TITAN,CAMBIO RIN DELANTERO,1
PULSAR  RS 200,CAMBIO RIN DELANTERO,1
PULSAR 220,CAMBIO RIN DELANTERO,1
AVENGER 220,CAMBIO RIN DELANTERO,1
XCD,CAMBIO RIN DELANTERO,1
DISCOVER 100,CAMBIO RIN DELANTERO,1
DISCOVER 135,CAMBIO RIN DELANTERO,1
BOXER,CAMBIO RIN DELANTERO,0.6
LEXUS,CAMBIO RIN DELANTERO,0.6
DISCOVER 100 5S,CAMBIO RIN DELANTERO,1
DISCOVER 150,CAMBIO RIN DELANTERO,1
CHAMPION,CAMBIO RIN DELANTERO,1
DISCOVER 125 ST,CAMBIO RIN DELANTERO,1
BOXER BM 100,CAMBIO RIN DELANTERO,0.6
BOXER BM 150,CAMBIO RIN DELANTERO,0.6
BOXER BM 100 ES,CAMBIO RIN DELANTERO,0.6
PLATINO 125,CAMBIO RIN DELANTERO,1
PLATINO 125 - 5S,CAMBIO RIN DELANTERO,1
PLATINO 100,CAMBIO RIN DELANTERO,1
PLATINO 110,CAMBIO RIN DELANTERO,1
FAMILLY,CAMBIO RIN DELANTERO,1
MOTOCARRO 4T,CAMBIO RIN DELANTERO,0.6
TORITO,CAMBIO RIN DELANTERO,0.6
MOTOCARRO DIESEL,CAMBIO RIN DELANTERO,0.6
ZX 130- MAGIC II,CAMBIO RIN DELANTERO,0.6
KMX,CAMBIO RIN DELANTERO,0.6
KLX 150,CAMBIO RIN DELANTERO,0.6
KLX150  L,CAMBIO RIN DELANTERO,0.6
KLX 250,CAMBIO RIN DELANTERO,0.6
NINJA 250,CAMBIO RIN DELANTERO,1
NINJA 250 FI,CAMBIO RIN DELANTERO,1
Z250,CAMBIO RIN DELANTERO,1
Z250 SL,CAMBIO RIN DELANTERO,1
ER-6n,CAMBIO RIN DELANTERO,1
MRX 150,CAMBIO RIN DELANTERO,0.6
BOMBER 125,CAMBIO RIN DELANTERO,0.6
BOMBER 250,CAMBIO RIN DELANTERO,1
COMBAT 125,CAMBIO RIN DELANTERO,0.6
ZS,CAMBIO RIN DELANTERO,1
LIFE,CAMBIO RIN DELANTERO,1
HUNTER,CAMBIO RIN DELANTERO,1
BLACK,CAMBIO RIN DELANTERO,1
VENOM 400,CAMBIO RIN DELANTERO,1.5
VENOM 250,CAMBIO RIN DELANTERO,1
ONE,CAMBIO RIN DELANTERO,0.6
FLOW,CAMBIO RIN DELANTERO,0.6
ADVANCE II LF,CAMBIO RIN DELANTERO,0.6
ZONTES 155,CAMBIO RIN DELANTERO,1
ZONTES 310M,CAMBIO RIN DELANTERO,1
SHOCK,CAMBIO RIN DELANTERO,0.6
TNT150i,CAMBIO RIN DELANTERO,1
180S,CAMBIO RIN DELANTERO,1
TNT25N,CAMBIO RIN DELANTERO,1
LEONCINO 500,CAMBIO RIN DELANTERO,1
LEONCINO 250,CAMBIO RIN DELANTERO,1
TRK 500X,CAMBIO RIN DELANTERO,1
TRK 251,CAMBIO RIN DELANTERO,1
302 S,CAMBIO RIN DELANTERO,1
TOP BOY,CAMBIO DE RIN TRASERO,2.5
AGILITY,CAMBIO DE RIN TRASERO,1.5
AGILITY RS,CAMBIO DE RIN TRASERO,1.5
AGILITY CITY 150,CAMBIO DE RIN TRASERO,1.5
BET & WIN,CAMBIO DE RIN TRASERO,1.5
ACTIV,CAMBIO DE RIN TRASERO,0.8
SPIKE,CAMBIO DE RIN TRASERO,0.8
AGILITY RS  NAKED,CAMBIO DE RIN TRASERO,1.5
SUPER 8,CAMBIO DE RIN TRASERO,1.5
GACELA,CAMBIO DE RIN TRASERO,1.5
CRUCERO             x-town 300,CAMBIO DE RIN TRASERO,1.5
ROCKET,CAMBIO DE RIN TRASERO,1.5
FLY 125,CAMBIO DE RIN TRASERO,1.5
TWIST,CAMBIO DE RIN TRASERO,1.5
JETIX,CAMBIO DE RIN TRASERO,1.3
UNI-K 110,CAMBIO DE RIN TRASERO,0.8
TRACK,CAMBIO DE RIN TRASERO,0.8
PULSAR 135,CAMBIO DE RIN TRASERO,1.3
Perseo,CAMBIO DE RIN TRASERO,1.3
PULSAR,CAMBIO DE RIN TRASERO,1.3
PULSAR 180 UG,CAMBIO DE RIN TRASERO,1.3
PULSAR 150,CAMBIO DE RIN TRASERO,1.3
THOR 160,CAMBIO DE RIN TRASERO,1.3
PULSAR 200,CAMBIO DE RIN TRASERO,1.3
PULSAR 150 NS,CAMBIO DE RIN TRASERO,1.3
PULSAR 150 AS,CAMBIO DE RIN TRASERO,1.3
PULSAR 200 AS,CAMBIO DE RIN TRASERO,1.3
PULSAR 200 NS,CAMBIO DE RIN TRASERO,1.3
TITAN,CAMBIO DE RIN TRASERO,1.3
PULSAR  RS 200,CAMBIO DE RIN TRASERO,1.3
PULSAR 220,CAMBIO DE RIN TRASERO,1.3
AVENGER 220,CAMBIO DE RIN TRASERO,1.3
XCD,CAMBIO DE RIN TRASERO,1.3
DISCOVER 100,CAMBIO DE RIN TRASERO,1.3
DISCOVER 135,CAMBIO DE RIN TRASERO,1.3
BOXER,CAMBIO DE RIN TRASERO,0.8
LEXUS,CAMBIO DE RIN TRASERO,0.8
DISCOVER 100 5S,CAMBIO DE RIN TRASERO,1.3
DISCOVER 150,CAMBIO DE RIN TRASERO,1.3
CHAMPION,CAMBIO DE RIN TRASERO,1.3
DISCOVER 125 ST,CAMBIO DE RIN TRASERO,1.3
BOXER BM 100,CAMBIO DE RIN TRASERO,0.8
BOXER BM 150,CAMBIO DE RIN TRASERO,0.8
BOXER BM 100 ES,CAMBIO DE RIN TRASERO,0.8
PLATINO 125,CAMBIO DE RIN TRASERO,1.3
PLATINO 125 - 5S,CAMBIO DE RIN TRASERO,1.3
PLATINO 100,CAMBIO DE RIN TRASERO,1.3
PLATINO 110,CAMBIO DE RIN TRASERO,1.3
FAMILLY,CAMBIO DE RIN TRASERO,1.3
MOTOCARRO 4T,CAMBIO DE RIN TRASERO,1
TORITO,CAMBIO DE RIN TRASERO,1
KAZE MAX II,CAMBIO DE RIN TRASERO,2.5
ZX 130- MAGIC II,CAMBIO DE RIN TRASERO,0.8
KMX,CAMBIO DE RIN TRASERO,0.8
KLX 150,CAMBIO DE RIN TRASERO,0.8
KLX150  L,CAMBIO DE RIN TRASERO,0.8
KLX 250,CAMBIO DE RIN TRASERO,0.8
NINJA 250,CAMBIO DE RIN TRASERO,0.7
NINJA 250 FI,CAMBIO DE RIN TRASERO,0.7
Z250,CAMBIO DE RIN TRASERO,0.7
Z250 SL,CAMBIO DE RIN TRASERO,1
ER-6n,CAMBIO DE RIN TRASERO,1.5
TRANS-SPORT,CAMBIO DE RIN TRASERO,0.8
MRX 150,CAMBIO DE RIN TRASERO,0.8
FURAX,CAMBIO DE RIN TRASERO,2.5
BOMBER 125,CAMBIO DE RIN TRASERO,0.8
BOMBER 250,CAMBIO DE RIN TRASERO,1
COMBAT 125,CAMBIO DE RIN TRASERO,0.8
ZS,CAMBIO DE RIN TRASERO,1.6
LIFE,CAMBIO DE RIN TRASERO,1
HUNTER,CAMBIO DE RIN TRASERO,1.5
BLACK,CAMBIO DE RIN TRASERO,1.5
VENOM 400,CAMBIO DE RIN TRASERO,1.5
VENOM 250,CAMBIO DE RIN TRASERO,1.3
ONE,CAMBIO DE RIN TRASERO,0.8
FLOW,CAMBIO DE RIN TRASERO,0.8
ADVANCE II LF,CAMBIO DE RIN TRASERO,0.8
ZONTES 155,CAMBIO DE RIN TRASERO,1.2
ZONTES 310M,CAMBIO DE RIN TRASERO,1.5
SHOCK,CAMBIO DE RIN TRASERO,0.8
TNT150i,CAMBIO DE RIN TRASERO,1.2
180S,CAMBIO DE RIN TRASERO,1.2
TNT25N,CAMBIO DE RIN TRASERO,1.2
LEONCINO 500,CAMBIO DE RIN TRASERO,1.5
LEONCINO 250,CAMBIO DE RIN TRASERO,1.2
TRK 500X,CAMBIO DE RIN TRASERO,1.5
TRK 251,CAMBIO DE RIN TRASERO,1.2
302 S,CAMBIO DE RIN TRASERO,1.5
TOP BOY,ACODALADA DE RIN DELANTERO O TRASERO,1.5
AGILITY,ACODALADA DE RIN DELANTERO O TRASERO,1.5
AGILITY RS,ACODALADA DE RIN DELANTERO O TRASERO,1.5
AGILITY CITY 150,ACODALADA DE RIN DELANTERO O TRASERO,1.5
BET & WIN,ACODALADA DE RIN DELANTERO O TRASERO,1.5
ACTIV,ACODALADA DE RIN DELANTERO O TRASERO,1.5
SPIKE,ACODALADA DE RIN DELANTERO O TRASERO,1.5
AGILITY RS  NAKED,ACODALADA DE RIN DELANTERO O TRASERO,1.5
SUPER 8,ACODALADA DE RIN DELANTERO O TRASERO,1.5
GACELA,ACODALADA DE RIN DELANTERO O TRASERO,1.5
CRUCERO             x-town 300,ACODALADA DE RIN DELANTERO O TRASERO,1.5
ROCKET,ACODALADA DE RIN DELANTERO O TRASERO,1.5
FLY 125,ACODALADA DE RIN DELANTERO O TRASERO,1.5
TWIST,ACODALADA DE RIN DELANTERO O TRASERO,1.5
JETIX,ACODALADA DE RIN DELANTERO O TRASERO,1.5
UNI-K 110,ACODALADA DE RIN DELANTERO O TRASERO,1.5
TRACK,ACODALADA DE RIN DELANTERO O TRASERO,1.5
PULSAR 135,ACODALADA DE RIN DELANTERO O TRASERO,1.5
Perseo,ACODALADA DE RIN DELANTERO O TRASERO,1.5
PULSAR,ACODALADA DE RIN DELANTERO O TRASERO,1.5
PULSAR 180 UG,ACODALADA DE RIN DELANTERO O TRASERO,1.5
PULSAR 150,ACODALADA DE RIN DELANTERO O TRASERO,1
THOR 160,ACODALADA DE RIN DELANTERO O TRASERO,1
PULSAR 200,ACODALADA DE RIN DELANTERO O TRASERO,1.5
PULSAR 150 NS,ACODALADA DE RIN DELANTERO O TRASERO,1
PULSAR 150 AS,ACODALADA DE RIN DELANTERO O TRASERO,1
PULSAR 200 AS,ACODALADA DE RIN DELANTERO O TRASERO,1
PULSAR 220,ACODALADA DE RIN DELANTERO O TRASERO,1.5
AVENGER 220,ACODALADA DE RIN DELANTERO O TRASERO,1.5
XCD,ACODALADA DE RIN DELANTERO O TRASERO,1.5
DISCOVER 100,ACODALADA DE RIN DELANTERO O TRASERO,1.5
DISCOVER 135,ACODALADA DE RIN DELANTERO O TRASERO,1.5
BOXER,ACODALADA DE RIN DELANTERO O TRASERO,1.5
LEXUS,ACODALADA DE RIN DELANTERO O TRASERO,1.5
DISCOVER 100 5S,ACODALADA DE RIN DELANTERO O TRASERO,1.5
DISCOVER 150,ACODALADA DE RIN DELANTERO O TRASERO,1.5
CHAMPION,ACODALADA DE RIN DELANTERO O TRASERO,1.5
DISCOVER 125 ST,ACODALADA DE RIN DELANTERO O TRASERO,1.5
BOXER BM 100,ACODALADA DE RIN DELANTERO O TRASERO,1.5
BOXER BM 150,ACODALADA DE RIN DELANTERO O TRASERO,1.5
BOXER BM 100 ES,ACODALADA DE RIN DELANTERO O TRASERO,1.5
PLATINO 125,ACODALADA DE RIN DELANTERO O TRASERO,1.5
PLATINO 125 - 5S,ACODALADA DE RIN DELANTERO O TRASERO,1.5
PLATINO 100,ACODALADA DE RIN DELANTERO O TRASERO,1.5
PLATINO 110,ACODALADA DE RIN DELANTERO O TRASERO,1.5
FAMILLY,ACODALADA DE RIN DELANTERO O TRASERO,1.5
MOTOCARRO 4T,ACODALADA DE RIN DELANTERO O TRASERO,0.6
TORITO,ACODALADA DE RIN DELANTERO O TRASERO,0.6
MOTOCARRO DIESEL,ACODALADA DE RIN DELANTERO O TRASERO,0.6
KAZE MAX II,ACODALADA DE RIN DELANTERO O TRASERO,1.5
ZX 130- MAGIC II,ACODALADA DE RIN DELANTERO O TRASERO,1.5
KMX,ACODALADA DE RIN DELANTERO O TRASERO,1.5
KLX 150,ACODALADA DE RIN DELANTERO O TRASERO,1.5
KLX150  L,ACODALADA DE RIN DELANTERO O TRASERO,1.5
KLX 250,ACODALADA DE RIN DELANTERO O TRASERO,1.5
TRANS-SPORT,ACODALADA DE RIN DELANTERO O TRASERO,1.5
MRX 150,ACODALADA DE RIN DELANTERO O TRASERO,1.5
FURAX,ACODALADA DE RIN DELANTERO O TRASERO,1.5
BOMBER 125,ACODALADA DE RIN DELANTERO O TRASERO,1.5
BOMBER 250,ACODALADA DE RIN DELANTERO O TRASERO,0.6
COMBAT 125,ACODALADA DE RIN DELANTERO O TRASERO,1.5
ZS,ACODALADA DE RIN DELANTERO O TRASERO,1.5
LIFE,ACODALADA DE RIN DELANTERO O TRASERO,1.5
HUNTER,ACODALADA DE RIN DELANTERO O TRASERO,1.5
BLACK,ACODALADA DE RIN DELANTERO O TRASERO,1.5
ONE,ACODALADA DE RIN DELANTERO O TRASERO,1.5
ACTIV,CAMBIO CAMPANA DELANTERA O TRASERA,0.6
SPIKE,CAMBIO CAMPANA DELANTERA O TRASERA,0.6
TRACK,CAMBIO CAMPANA DELANTERA O TRASERA,0.6
AVENGER 220,CAMBIO CAMPANA DELANTERA O TRASERA,0.8
BOXER,CAMBIO CAMPANA DELANTERA O TRASERA,0.6
LEXUS,CAMBIO CAMPANA DELANTERA O TRASERA,0.6
BOXER BM 100,CAMBIO CAMPANA DELANTERA O TRASERA,0.6
MOTOCARRO 4T,CAMBIO CAMPANA DELANTERA O TRASERA,0.5
TORITO,CAMBIO CAMPANA DELANTERA O TRASERA,0.5
KAZE MAX II,CAMBIO CAMPANA DELANTERA O TRASERA,2.5
ZX 130- MAGIC II,CAMBIO CAMPANA DELANTERA O TRASERA,0.6
KMX,CAMBIO CAMPANA DELANTERA O TRASERA,0.6
KLX 150,CAMBIO CAMPANA DELANTERA O TRASERA,0.6
KLX150  L,CAMBIO CAMPANA DELANTERA O TRASERA,0.6
KLX 250,CAMBIO CAMPANA DELANTERA O TRASERA,0.6
TRANS-SPORT,CAMBIO CAMPANA DELANTERA O TRASERA,0.6
MRX 150,CAMBIO CAMPANA DELANTERA O TRASERA,0.6
FURAX,CAMBIO CAMPANA DELANTERA O TRASERA,2.5
BOMBER 125,CAMBIO CAMPANA DELANTERA O TRASERA,0.6
BOMBER 250,CAMBIO CAMPANA DELANTERA O TRASERA,0.6
COMBAT 125,CAMBIO CAMPANA DELANTERA O TRASERA,0.6
ONE,CAMBIO CAMPANA DELANTERA O TRASERA,0.6
ACTIV,CAMBIO PEDAL FRENO TRASERO,1
SPIKE,CAMBIO PEDAL FRENO TRASERO,1
JETIX,CAMBIO PEDAL FRENO TRASERO,1
UNI-K 110,CAMBIO PEDAL FRENO TRASERO,1
TRACK,CAMBIO PEDAL FRENO TRASERO,1
PULSAR 135,CAMBIO PEDAL FRENO TRASERO,0.5
Perseo,CAMBIO PEDAL FRENO TRASERO,0.5
PULSAR,CAMBIO PEDAL FRENO TRASERO,0.2
PULSAR 180 UG,CAMBIO PEDAL FRENO TRASERO,0.5
PULSAR 150,CAMBIO PEDAL FRENO TRASERO,0.5
THOR 160,CAMBIO PEDAL FRENO TRASERO,0.5
PULSAR 200,CAMBIO PEDAL FRENO TRASERO,0.5
PULSAR 150 NS,CAMBIO PEDAL FRENO TRASERO,0.5
PULSAR 150 AS,CAMBIO PEDAL FRENO TRASERO,0.5
PULSAR 200 AS,CAMBIO PEDAL FRENO TRASERO,0.5
PULSAR 200 NS,CAMBIO PEDAL FRENO TRASERO,0.5
TITAN,CAMBIO PEDAL FRENO TRASERO,0.5
PULSAR  RS 200,CAMBIO PEDAL FRENO TRASERO,0.5
PULSAR 220,CAMBIO PEDAL FRENO TRASERO,1
AVENGER 220,CAMBIO PEDAL FRENO TRASERO,1
XCD,CAMBIO PEDAL FRENO TRASERO,0.8
DISCOVER 100,CAMBIO PEDAL FRENO TRASERO,0.08
DISCOVER 135,CAMBIO PEDAL FRENO TRASERO,0.5
BOXER,CAMBIO PEDAL FRENO TRASERO,0.8
LEXUS,CAMBIO PEDAL FRENO TRASERO,0.8
DISCOVER 100 5S,CAMBIO PEDAL FRENO TRASERO,0.8
DISCOVER 150,CAMBIO PEDAL FRENO TRASERO,0.3
CHAMPION,CAMBIO PEDAL FRENO TRASERO,0.3
DISCOVER 125 ST,CAMBIO PEDAL FRENO TRASERO,0.3
BOXER BM 100,CAMBIO PEDAL FRENO TRASERO,0.8
BOXER BM 150,CAMBIO PEDAL FRENO TRASERO,0.8
BOXER BM 100 ES,CAMBIO PEDAL FRENO TRASERO,0.8
PLATINO 125,CAMBIO PEDAL FRENO TRASERO,0.8
PLATINO 125 - 5S,CAMBIO PEDAL FRENO TRASERO,0.8
PLATINO 100,CAMBIO PEDAL FRENO TRASERO,0.8
PLATINO 110,CAMBIO PEDAL FRENO TRASERO,0.8
FAMILLY,CAMBIO PEDAL FRENO TRASERO,0.8
MOTOCARRO 4T,CAMBIO PEDAL FRENO TRASERO,0.3
TORITO,CAMBIO PEDAL FRENO TRASERO,0.3
KAZE MAX II,CAMBIO PEDAL FRENO TRASERO,1
ZX 130- MAGIC II,CAMBIO PEDAL FRENO TRASERO,1
KMX,CAMBIO PEDAL FRENO TRASERO,0.3
KLX 150,CAMBIO PEDAL FRENO TRASERO,0.3
KLX150  L,CAMBIO PEDAL FRENO TRASERO,0.3
KLX 250,CAMBIO PEDAL FRENO TRASERO,0.3
NINJA 250,CAMBIO PEDAL FRENO TRASERO,0.5
NINJA 250 FI,CAMBIO PEDAL FRENO TRASERO,0.5
Z250,CAMBIO PEDAL FRENO TRASERO,0.5
Z250 SL,CAMBIO PEDAL FRENO TRASERO,0.5
ER-6n,CAMBIO PEDAL FRENO TRASERO,0.5
TRANS-SPORT,CAMBIO PEDAL FRENO TRASERO,1
MRX 150,CAMBIO PEDAL FRENO TRASERO,0.3
FURAX,CAMBIO PEDAL FRENO TRASERO,0.5
BOMBER 125,CAMBIO PEDAL FRENO TRASERO,0.8
BOMBER 250,CAMBIO PEDAL FRENO TRASERO,0.6
COMBAT 125,CAMBIO PEDAL FRENO TRASERO,0.8
VENOM 400,CAMBIO PEDAL FRENO TRASERO,0.5
VENOM 250,CAMBIO PEDAL FRENO TRASERO,0.5
ONE,CAMBIO PEDAL FRENO TRASERO,1
FLOW,CAMBIO PEDAL FRENO TRASERO,1
ADVANCE II LF,CAMBIO PEDAL FRENO TRASERO,1
ZONTES 155,CAMBIO PEDAL FRENO TRASERO,0.5
SHOCK,CAMBIO PEDAL FRENO TRASERO,1
TNT150i,CAMBIO PEDAL FRENO TRASERO,0.5
180S,CAMBIO PEDAL FRENO TRASERO,0.5
TNT25N,CAMBIO PEDAL FRENO TRASERO,0.5
LEONCINO 500,CAMBIO PEDAL FRENO TRASERO,0.5
LEONCINO 250,CAMBIO PEDAL FRENO TRASERO,0.5
TRK 500X,CAMBIO PEDAL FRENO TRASERO,0.5
TRK 251,CAMBIO PEDAL FRENO TRASERO,0.5
302 S,CAMBIO PEDAL FRENO TRASERO,0.5
TOP BOY,CAMBIO DE MANGUERA DE FRENO DELANTERO,1.5
AGILITY,CAMBIO DE MANGUERA DE FRENO DELANTERO,1.5
AGILITY RS,CAMBIO DE MANGUERA DE FRENO DELANTERO,1.5
AGILITY CITY 150,CAMBIO DE MANGUERA DE FRENO DELANTERO,1.5
BET & WIN,CAMBIO DE MANGUERA DE FRENO DELANTERO,2
ACTIV,CAMBIO DE MANGUERA DE FRENO DELANTERO,1.5
SPIKE,CAMBIO DE MANGUERA DE FRENO DELANTERO,1.5
AGILITY RS  NAKED,CAMBIO DE MANGUERA DE FRENO DELANTERO,1.5
SUPER 8,CAMBIO DE MANGUERA DE FRENO DELANTERO,1.5
GACELA,CAMBIO DE MANGUERA DE FRENO DELANTERO,1.5
CRUCERO             x-town 300,CAMBIO DE MANGUERA DE FRENO DELANTERO,2
ROCKET,CAMBIO DE MANGUERA DE FRENO DELANTERO,1.5
FLY 125,CAMBIO DE MANGUERA DE FRENO DELANTERO,1.5
TWIST,CAMBIO DE MANGUERA DE FRENO DELANTERO,1.5
JETIX,CAMBIO DE MANGUERA DE FRENO DELANTERO,1.5
UNI-K 110,CAMBIO DE MANGUERA DE FRENO DELANTERO,1.5
TRACK,CAMBIO DE MANGUERA DE FRENO DELANTERO,1.5
PULSAR 135,CAMBIO DE MANGUERA DE FRENO DELANTERO,1.5
Perseo,CAMBIO DE MANGUERA DE FRENO DELANTERO,1.5
PULSAR,CAMBIO DE MANGUERA DE FRENO DELANTERO,1.5
PULSAR 180 UG,CAMBIO DE MANGUERA DE FRENO DELANTERO,1.5
PULSAR 150,CAMBIO DE MANGUERA DE FRENO DELANTERO,1.5
THOR 160,CAMBIO DE MANGUERA DE FRENO DELANTERO,1.5
PULSAR 200,CAMBIO DE MANGUERA DE FRENO DELANTERO,1.5
PULSAR 150 NS,CAMBIO DE MANGUERA DE FRENO DELANTERO,1.5
PULSAR 150 AS,CAMBIO DE MANGUERA DE FRENO DELANTERO,1.5
PULSAR 200 AS,CAMBIO DE MANGUERA DE FRENO DELANTERO,1.5
PULSAR 200 NS,CAMBIO DE MANGUERA DE FRENO DELANTERO,1.5
TITAN,CAMBIO DE MANGUERA DE FRENO DELANTERO,2
PULSAR  RS 200,CAMBIO DE MANGUERA DE FRENO DELANTERO,2
PULSAR 220,CAMBIO DE MANGUERA DE FRENO DELANTERO,1.5
AVENGER 220,CAMBIO DE MANGUERA DE FRENO DELANTERO,1.5
XCD,CAMBIO DE MANGUERA DE FRENO DELANTERO,1
DISCOVER 135,CAMBIO DE MANGUERA DE FRENO DELANTERO,1.5
DISCOVER 150,CAMBIO DE MANGUERA DE FRENO DELANTERO,1.5
DISCOVER 125 ST,CAMBIO DE MANGUERA DE FRENO DELANTERO,1.5
MOTOCARRO 4T,CAMBIO DE MANGUERA DE FRENO DELANTERO,1
TORITO,CAMBIO DE MANGUERA DE FRENO DELANTERO,1
ZX 130- MAGIC II,CAMBIO DE MANGUERA DE FRENO DELANTERO,1.5
KMX,CAMBIO DE MANGUERA DE FRENO DELANTERO,1.5
KLX 150,CAMBIO DE MANGUERA DE FRENO DELANTERO,1.5
KLX150  L,CAMBIO DE MANGUERA DE FRENO DELANTERO,1.5
KLX 250,CAMBIO DE MANGUERA DE FRENO DELANTERO,1.5
NINJA 250,CAMBIO DE MANGUERA DE FRENO DELANTERO,1.5
NINJA 250 FI,CAMBIO DE MANGUERA DE FRENO DELANTERO,1.5
Z250,CAMBIO DE MANGUERA DE FRENO DELANTERO,1.5
Z250 SL,CAMBIO DE MANGUERA DE FRENO DELANTERO,1.5
ER-6n,CAMBIO DE MANGUERA DE FRENO DELANTERO,2
MRX 150,CAMBIO DE MANGUERA DE FRENO DELANTERO,1.5
BOMBER 125,CAMBIO DE MANGUERA DE FRENO DELANTERO,0.5
BOMBER 250,CAMBIO DE MANGUERA DE FRENO DELANTERO,0.6
COMBAT 125,CAMBIO DE MANGUERA DE FRENO DELANTERO,0.5
ZS,CAMBIO DE MANGUERA DE FRENO DELANTERO,1.5
LIFE,CAMBIO DE MANGUERA DE FRENO DELANTERO,1.5
HUNTER,CAMBIO DE MANGUERA DE FRENO DELANTERO,2
BLACK,CAMBIO DE MANGUERA DE FRENO DELANTERO,2
VENOM 400,CAMBIO DE MANGUERA DE FRENO DELANTERO,1
VENOM 250,CAMBIO DE MANGUERA DE FRENO DELANTERO,1.5
ONE,CAMBIO DE MANGUERA DE FRENO DELANTERO,1.5
FLOW,CAMBIO DE MANGUERA DE FRENO DELANTERO,1.5
ADVANCE II LF,CAMBIO DE MANGUERA DE FRENO DELANTERO,1.5
ZONTES 155,CAMBIO DE MANGUERA DE FRENO DELANTERO,1.5
ZONTES 310M,CAMBIO DE MANGUERA DE FRENO DELANTERO,2
SHOCK,CAMBIO DE MANGUERA DE FRENO DELANTERO,1.5
TNT150i,CAMBIO DE MANGUERA DE FRENO DELANTERO,1.5
180S,CAMBIO DE MANGUERA DE FRENO DELANTERO,1.5
TNT25N,CAMBIO DE MANGUERA DE FRENO DELANTERO,1.5
LEONCINO 500,CAMBIO DE MANGUERA DE FRENO DELANTERO,2
LEONCINO 250,CAMBIO DE MANGUERA DE FRENO DELANTERO,1.5
TRK 500X,CAMBIO DE MANGUERA DE FRENO DELANTERO,2
TRK 251,CAMBIO DE MANGUERA DE FRENO DELANTERO,1.5
302 S,CAMBIO DE MANGUERA DE FRENO DELANTERO,1.5
TOP BOY,CAMBIO BANDAS O PASTILLAS DE FRENO DELANTERAS,0.5
AGILITY,CAMBIO BANDAS O PASTILLAS DE FRENO DELANTERAS,0.5
AGILITY RS,CAMBIO BANDAS O PASTILLAS DE FRENO DELANTERAS,0.5
AGILITY CITY 150,CAMBIO BANDAS O PASTILLAS DE FRENO DELANTERAS,0.5
BET & WIN,CAMBIO BANDAS O PASTILLAS DE FRENO DELANTERAS,0.5
ACTIV,CAMBIO BANDAS O PASTILLAS DE FRENO DELANTERAS,0.5
SPIKE,CAMBIO BANDAS O PASTILLAS DE FRENO DELANTERAS,0.5
AGILITY RS  NAKED,CAMBIO BANDAS O PASTILLAS DE FRENO DELANTERAS,0.5
SUPER 8,CAMBIO BANDAS O PASTILLAS DE FRENO DELANTERAS,0.5
GACELA,CAMBIO BANDAS O PASTILLAS DE FRENO DELANTERAS,0.5
CRUCERO             x-town 300,CAMBIO BANDAS O PASTILLAS DE FRENO DELANTERAS,0.5
ROCKET,CAMBIO BANDAS O PASTILLAS DE FRENO DELANTERAS,0.5
FLY 125,CAMBIO BANDAS O PASTILLAS DE FRENO DELANTERAS,0.5
TWIST,CAMBIO BANDAS O PASTILLAS DE FRENO DELANTERAS,0.5
JETIX,CAMBIO BANDAS O PASTILLAS DE FRENO DELANTERAS,0.5
UNI-K 110,CAMBIO BANDAS O PASTILLAS DE FRENO DELANTERAS,0.5
TRACK,CAMBIO BANDAS O PASTILLAS DE FRENO DELANTERAS,0.5
PULSAR 135,CAMBIO BANDAS O PASTILLAS DE FRENO DELANTERAS,0.5
Perseo,CAMBIO BANDAS O PASTILLAS DE FRENO DELANTERAS,0.5
PULSAR,CAMBIO BANDAS O PASTILLAS DE FRENO DELANTERAS,0.5
PULSAR 180 UG,CAMBIO BANDAS O PASTILLAS DE FRENO DELANTERAS,0.5
PULSAR 150,CAMBIO BANDAS O PASTILLAS DE FRENO DELANTERAS,0.5
THOR 160,CAMBIO BANDAS O PASTILLAS DE FRENO DELANTERAS,0.5
PULSAR 200,CAMBIO BANDAS O PASTILLAS DE FRENO DELANTERAS,0.5
PULSAR 150 NS,CAMBIO BANDAS O PASTILLAS DE FRENO DELANTERAS,0.5
PULSAR 150 AS,CAMBIO BANDAS O PASTILLAS DE FRENO DELANTERAS,0.5
PULSAR 200 AS,CAMBIO BANDAS O PASTILLAS DE FRENO DELANTERAS,0.5
PULSAR 200 NS,CAMBIO BANDAS O PASTILLAS DE FRENO DELANTERAS,0.5
TITAN,CAMBIO BANDAS O PASTILLAS DE FRENO DELANTERAS,0.5
PULSAR  RS 200,CAMBIO BANDAS O PASTILLAS DE FRENO DELANTERAS,0.5
PULSAR 220,CAMBIO BANDAS O PASTILLAS DE FRENO DELANTERAS,0.5
AVENGER 220,CAMBIO BANDAS O PASTILLAS DE FRENO DELANTERAS,0.5
XCD,CAMBIO BANDAS O PASTILLAS DE FRENO DELANTERAS,0.5
DISCOVER 100,CAMBIO BANDAS O PASTILLAS DE FRENO DELANTERAS,0.5
DISCOVER 135,CAMBIO BANDAS O PASTILLAS DE FRENO DELANTERAS,0.5
BOXER,CAMBIO BANDAS O PASTILLAS DE FRENO DELANTERAS,0.5
LEXUS,CAMBIO BANDAS O PASTILLAS DE FRENO DELANTERAS,0.5
DISCOVER 100 5S,CAMBIO BANDAS O PASTILLAS DE FRENO DELANTERAS,0.5
DISCOVER 150,CAMBIO BANDAS O PASTILLAS DE FRENO DELANTERAS,0.5
CHAMPION,CAMBIO BANDAS O PASTILLAS DE FRENO DELANTERAS,0.5
DISCOVER 125 ST,CAMBIO BANDAS O PASTILLAS DE FRENO DELANTERAS,0.5
BOXER BM 100,CAMBIO BANDAS O PASTILLAS DE FRENO DELANTERAS,0.5
BOXER BM 150,CAMBIO BANDAS O PASTILLAS DE FRENO DELANTERAS,0.5
BOXER BM 100 ES,CAMBIO BANDAS O PASTILLAS DE FRENO DELANTERAS,0.5
PLATINO 125,CAMBIO BANDAS O PASTILLAS DE FRENO DELANTERAS,0.5
PLATINO 125 - 5S,CAMBIO BANDAS O PASTILLAS DE FRENO DELANTERAS,0.5
PLATINO 100,CAMBIO BANDAS O PASTILLAS DE FRENO DELANTERAS,0.5
PLATINO 110,CAMBIO BANDAS O PASTILLAS DE FRENO DELANTERAS,0.5
FAMILLY,CAMBIO BANDAS O PASTILLAS DE FRENO DELANTERAS,0.5
MOTOCARRO 4T,CAMBIO BANDAS O PASTILLAS DE FRENO DELANTERAS,1
TORITO,CAMBIO BANDAS O PASTILLAS DE FRENO DELANTERAS,1
KAZE MAX II,CAMBIO BANDAS O PASTILLAS DE FRENO DELANTERAS,0.5
ZX 130- MAGIC II,CAMBIO BANDAS O PASTILLAS DE FRENO DELANTERAS,0.5
KMX,CAMBIO BANDAS O PASTILLAS DE FRENO DELANTERAS,0.5
KLX 150,CAMBIO BANDAS O PASTILLAS DE FRENO DELANTERAS,0.5
KLX150  L,CAMBIO BANDAS O PASTILLAS DE FRENO DELANTERAS,0.5
KLX 250,CAMBIO BANDAS O PASTILLAS DE FRENO DELANTERAS,0.5
NINJA 250,CAMBIO BANDAS O PASTILLAS DE FRENO DELANTERAS,0.5
NINJA 250 FI,CAMBIO BANDAS O PASTILLAS DE FRENO DELANTERAS,0.5
Z250,CAMBIO BANDAS O PASTILLAS DE FRENO DELANTERAS,0.5
Z250 SL,CAMBIO BANDAS O PASTILLAS DE FRENO DELANTERAS,0.5
ER-6n,CAMBIO BANDAS O PASTILLAS DE FRENO DELANTERAS,1
TRANS-SPORT,CAMBIO BANDAS O PASTILLAS DE FRENO DELANTERAS,0.5
MRX 150,CAMBIO BANDAS O PASTILLAS DE FRENO DELANTERAS,0.5
FURAX,CAMBIO BANDAS O PASTILLAS DE FRENO DELANTERAS,0.5
BOMBER 125,CAMBIO BANDAS O PASTILLAS DE FRENO DELANTERAS,0.5
BOMBER 250,CAMBIO BANDAS O PASTILLAS DE FRENO DELANTERAS,0.5
COMBAT 125,CAMBIO BANDAS O PASTILLAS DE FRENO DELANTERAS,0.5
ZS,CAMBIO BANDAS O PASTILLAS DE FRENO DELANTERAS,0.5
LIFE,CAMBIO BANDAS O PASTILLAS DE FRENO DELANTERAS,0.5
HUNTER,CAMBIO BANDAS O PASTILLAS DE FRENO DELANTERAS,0.5
BLACK,CAMBIO BANDAS O PASTILLAS DE FRENO DELANTERAS,0.5
VENOM 400,CAMBIO BANDAS O PASTILLAS DE FRENO DELANTERAS,0.5
VENOM 250,CAMBIO BANDAS O PASTILLAS DE FRENO DELANTERAS,0.5
ONE,CAMBIO BANDAS O PASTILLAS DE FRENO DELANTERAS,0.5
FLOW,CAMBIO BANDAS O PASTILLAS DE FRENO DELANTERAS,0.5
ADVANCE II LF,CAMBIO BANDAS O PASTILLAS DE FRENO DELANTERAS,0.5
ZONTES 155,CAMBIO BANDAS O PASTILLAS DE FRENO DELANTERAS,0.5
ZONTES 310M,CAMBIO BANDAS O PASTILLAS DE FRENO DELANTERAS,0.5
SHOCK,CAMBIO BANDAS O PASTILLAS DE FRENO DELANTERAS,0.5
TNT150i,CAMBIO BANDAS O PASTILLAS DE FRENO DELANTERAS,0.5
180S,CAMBIO BANDAS O PASTILLAS DE FRENO DELANTERAS,0.5
TNT25N,CAMBIO BANDAS O PASTILLAS DE FRENO DELANTERAS,0.5
LEONCINO 500,CAMBIO BANDAS O PASTILLAS DE FRENO DELANTERAS,1
LEONCINO 250,CAMBIO BANDAS O PASTILLAS DE FRENO DELANTERAS,0.5
TRK 500X,CAMBIO BANDAS O PASTILLAS DE FRENO DELANTERAS,1
TRK 251,CAMBIO BANDAS O PASTILLAS DE FRENO DELANTERAS,0.5
302 S,CAMBIO BANDAS O PASTILLAS DE FRENO DELANTERAS,0.5
TOP BOY,CAMBIO BANDAS O PASTILLAS DE FRENO TRASERAS,1
AGILITY,CAMBIO BANDAS O PASTILLAS DE FRENO TRASERAS,1
AGILITY RS,CAMBIO BANDAS O PASTILLAS DE FRENO TRASERAS,1
AGILITY CITY 150,CAMBIO BANDAS O PASTILLAS DE FRENO TRASERAS,0.5
BET & WIN,CAMBIO BANDAS O PASTILLAS DE FRENO TRASERAS,0.5
ACTIV,CAMBIO BANDAS O PASTILLAS DE FRENO TRASERAS,0.5
SPIKE,CAMBIO BANDAS O PASTILLAS DE FRENO TRASERAS,0.5
AGILITY RS  NAKED,CAMBIO BANDAS O PASTILLAS DE FRENO TRASERAS,1
SUPER 8,CAMBIO BANDAS O PASTILLAS DE FRENO TRASERAS,1
GACELA,CAMBIO BANDAS O PASTILLAS DE FRENO TRASERAS,1
CRUCERO             x-town 300,CAMBIO BANDAS O PASTILLAS DE FRENO TRASERAS,0.5
ROCKET,CAMBIO BANDAS O PASTILLAS DE FRENO TRASERAS,1
FLY 125,CAMBIO BANDAS O PASTILLAS DE FRENO TRASERAS,1
TWIST,CAMBIO BANDAS O PASTILLAS DE FRENO TRASERAS,1
JETIX,CAMBIO BANDAS O PASTILLAS DE FRENO TRASERAS,0.5
UNI-K 110,CAMBIO BANDAS O PASTILLAS DE FRENO TRASERAS,0.5
TRACK,CAMBIO BANDAS O PASTILLAS DE FRENO TRASERAS,0.5
PULSAR 135,CAMBIO BANDAS O PASTILLAS DE FRENO TRASERAS,0.5
Perseo,CAMBIO BANDAS O PASTILLAS DE FRENO TRASERAS,0.5
PULSAR,CAMBIO BANDAS O PASTILLAS DE FRENO TRASERAS,0.5
PULSAR 180 UG,CAMBIO BANDAS O PASTILLAS DE FRENO TRASERAS,0.5
PULSAR 150,CAMBIO BANDAS O PASTILLAS DE FRENO TRASERAS,0.5
THOR 160,CAMBIO BANDAS O PASTILLAS DE FRENO TRASERAS,0.5
PULSAR 200,CAMBIO BANDAS O PASTILLAS DE FRENO TRASERAS,0.5
PULSAR 150 NS,CAMBIO BANDAS O PASTILLAS DE FRENO TRASERAS,0.5
PULSAR 150 AS,CAMBIO BANDAS O PASTILLAS DE FRENO TRASERAS,0.5
PULSAR 200 AS,CAMBIO BANDAS O PASTILLAS DE FRENO TRASERAS,0.5
PULSAR 200 NS,CAMBIO BANDAS O PASTILLAS DE FRENO TRASERAS,0.5
TITAN,CAMBIO BANDAS O PASTILLAS DE FRENO TRASERAS,0.5
PULSAR  RS 200,CAMBIO BANDAS O PASTILLAS DE FRENO TRASERAS,0.5
PULSAR 220,CAMBIO BANDAS O PASTILLAS DE FRENO TRASERAS,0.5
AVENGER 220,CAMBIO BANDAS O PASTILLAS DE FRENO TRASERAS,0.5
XCD,CAMBIO BANDAS O PASTILLAS DE FRENO TRASERAS,0.5
DISCOVER 100,CAMBIO BANDAS O PASTILLAS DE FRENO TRASERAS,0.5
DISCOVER 135,CAMBIO BANDAS O PASTILLAS DE FRENO TRASERAS,0.5
BOXER,CAMBIO BANDAS O PASTILLAS DE FRENO TRASERAS,0.5
LEXUS,CAMBIO BANDAS O PASTILLAS DE FRENO TRASERAS,0.5
DISCOVER 100 5S,CAMBIO BANDAS O PASTILLAS DE FRENO TRASERAS,0.5
DISCOVER 150,CAMBIO BANDAS O PASTILLAS DE FRENO TRASERAS,0.5
CHAMPION,CAMBIO BANDAS O PASTILLAS DE FRENO TRASERAS,0.5
DISCOVER 125 ST,CAMBIO BANDAS O PASTILLAS DE FRENO TRASERAS,0.5
BOXER BM 100,CAMBIO BANDAS O PASTILLAS DE FRENO TRASERAS,0.5
BOXER BM 150,CAMBIO BANDAS O PASTILLAS DE FRENO TRASERAS,0.5
BOXER BM 100 ES,CAMBIO BANDAS O PASTILLAS DE FRENO TRASERAS,0.5
PLATINO 125,CAMBIO BANDAS O PASTILLAS DE FRENO TRASERAS,0.5
PLATINO 125 - 5S,CAMBIO BANDAS O PASTILLAS DE FRENO TRASERAS,0.5
PLATINO 100,CAMBIO BANDAS O PASTILLAS DE FRENO TRASERAS,0.5
PLATINO 110,CAMBIO BANDAS O PASTILLAS DE FRENO TRASERAS,0.5
FAMILLY,CAMBIO BANDAS O PASTILLAS DE FRENO TRASERAS,0.5
MOTOCARRO 4T,CAMBIO BANDAS O PASTILLAS DE FRENO TRASERAS,1
TORITO,CAMBIO BANDAS O PASTILLAS DE FRENO TRASERAS,1
KAZE MAX II,CAMBIO BANDAS O PASTILLAS DE FRENO TRASERAS,0.5
ZX 130- MAGIC II,CAMBIO BANDAS O PASTILLAS DE FRENO TRASERAS,0.5
KMX,CAMBIO BANDAS O PASTILLAS DE FRENO TRASERAS,0.5
KLX 150,CAMBIO BANDAS O PASTILLAS DE FRENO TRASERAS,0.5
KLX150  L,CAMBIO BANDAS O PASTILLAS DE FRENO TRASERAS,0.5
KLX 250,CAMBIO BANDAS O PASTILLAS DE FRENO TRASERAS,0.5
NINJA 250,CAMBIO BANDAS O PASTILLAS DE FRENO TRASERAS,0.5
NINJA 250 FI,CAMBIO BANDAS O PASTILLAS DE FRENO TRASERAS,0.5
Z250,CAMBIO BANDAS O PASTILLAS DE FRENO TRASERAS,0.5
Z250 SL,CAMBIO BANDAS O PASTILLAS DE FRENO TRASERAS,0.5
ER-6n,CAMBIO BANDAS O PASTILLAS DE FRENO TRASERAS,0.5
TRANS-SPORT,CAMBIO BANDAS O PASTILLAS DE FRENO TRASERAS,0.5
MRX 150,CAMBIO BANDAS O PASTILLAS DE FRENO TRASERAS,0.5
FURAX,CAMBIO BANDAS O PASTILLAS DE FRENO TRASERAS,0.5
BOMBER 125,CAMBIO BANDAS O PASTILLAS DE FRENO TRASERAS,0.5
BOMBER 250,CAMBIO BANDAS O PASTILLAS DE FRENO TRASERAS,0.5
COMBAT 125,CAMBIO BANDAS O PASTILLAS DE FRENO TRASERAS,0.5
ZS,CAMBIO BANDAS O PASTILLAS DE FRENO TRASERAS,1
LIFE,CAMBIO BANDAS O PASTILLAS DE FRENO TRASERAS,1.5
HUNTER,CAMBIO BANDAS O PASTILLAS DE FRENO TRASERAS,0.5
BLACK,CAMBIO BANDAS O PASTILLAS DE FRENO TRASERAS,1
VENOM 400,CAMBIO BANDAS O PASTILLAS DE FRENO TRASERAS,0.5
VENOM 250,CAMBIO BANDAS O PASTILLAS DE FRENO TRASERAS,0.5
ONE,CAMBIO BANDAS O PASTILLAS DE FRENO TRASERAS,0.5
FLOW,CAMBIO BANDAS O PASTILLAS DE FRENO TRASERAS,0.5
ADVANCE II LF,CAMBIO BANDAS O PASTILLAS DE FRENO TRASERAS,0.5
ZONTES 155,CAMBIO BANDAS O PASTILLAS DE FRENO TRASERAS,0.5
ZONTES 310M,CAMBIO BANDAS O PASTILLAS DE FRENO TRASERAS,0.5
SHOCK,CAMBIO BANDAS O PASTILLAS DE FRENO TRASERAS,0.5
TNT150i,CAMBIO BANDAS O PASTILLAS DE FRENO TRASERAS,0.5
180S,CAMBIO BANDAS O PASTILLAS DE FRENO TRASERAS,0.5
TNT25N,CAMBIO BANDAS O PASTILLAS DE FRENO TRASERAS,0.5
LEONCINO 500,CAMBIO BANDAS O PASTILLAS DE FRENO TRASERAS,0.5
LEONCINO 250,CAMBIO BANDAS O PASTILLAS DE FRENO TRASERAS,0.5
TRK 500X,CAMBIO BANDAS O PASTILLAS DE FRENO TRASERAS,0.5
TRK 251,CAMBIO BANDAS O PASTILLAS DE FRENO TRASERAS,0.5
302 S,CAMBIO BANDAS O PASTILLAS DE FRENO TRASERAS,0.5
TOP BOY,CAMBIO DE DISCO DELANTERO,0.6
AGILITY,CAMBIO DE DISCO DELANTERO,0.6
AGILITY RS,CAMBIO DE DISCO DELANTERO,0.6
AGILITY CITY 150,CAMBIO DE DISCO DELANTERO,0.6
BET & WIN,CAMBIO DE DISCO DELANTERO,0.6
ACTIV,CAMBIO DE DISCO DELANTERO,0.6
SPIKE,CAMBIO DE DISCO DELANTERO,0.6
AGILITY RS  NAKED,CAMBIO DE DISCO DELANTERO,0.6
SUPER 8,CAMBIO DE DISCO DELANTERO,0.6
GACELA,CAMBIO DE DISCO DELANTERO,0.6
CRUCERO             x-town 300,CAMBIO DE DISCO DELANTERO,0.6
ROCKET,CAMBIO DE DISCO DELANTERO,0.6
FLY 125,CAMBIO DE DISCO DELANTERO,0.6
TWIST,CAMBIO DE DISCO DELANTERO,0.6
JETIX,CAMBIO DE DISCO DELANTERO,0.6
UNI-K 110,CAMBIO DE DISCO DELANTERO,0.6
TRACK,CAMBIO DE DISCO DELANTERO,0.6
PULSAR 135,CAMBIO DE DISCO DELANTERO,0.6
Perseo,CAMBIO DE DISCO DELANTERO,0.6
PULSAR,CAMBIO DE DISCO DELANTERO,0.6
PULSAR 180 UG,CAMBIO DE DISCO DELANTERO,0.6
PULSAR 150,CAMBIO DE DISCO DELANTERO,0.6
THOR 160,CAMBIO DE DISCO DELANTERO,0.6
PULSAR 200,CAMBIO DE DISCO DELANTERO,0.6
PULSAR 150 NS,CAMBIO DE DISCO DELANTERO,0.6
PULSAR 150 AS,CAMBIO DE DISCO DELANTERO,0.6
PULSAR 200 AS,CAMBIO DE DISCO DELANTERO,0.6
PULSAR 200 NS,CAMBIO DE DISCO DELANTERO,0.6
TITAN,CAMBIO DE DISCO DELANTERO,0.6
PULSAR  RS 200,CAMBIO DE DISCO DELANTERO,0.6
PULSAR 220,CAMBIO DE DISCO DELANTERO,0.6
AVENGER 220,CAMBIO DE DISCO DELANTERO,0.6
XCD,CAMBIO DE DISCO DELANTERO,0.6
DISCOVER 135,CAMBIO DE DISCO DELANTERO,0.6
DISCOVER 150,CAMBIO DE DISCO DELANTERO,0.6
DISCOVER 125 ST,CAMBIO DE DISCO DELANTERO,0.6
KAZE MAX II,CAMBIO DE DISCO DELANTERO,0.6
ZX 130- MAGIC II,CAMBIO DE DISCO DELANTERO,0.6
KMX,CAMBIO DE DISCO DELANTERO,0.6
KLX 150,CAMBIO DE DISCO DELANTERO,0.6
KLX150  L,CAMBIO DE DISCO DELANTERO,0.6
KLX 250,CAMBIO DE DISCO DELANTERO,0.6
NINJA 250,CAMBIO DE DISCO DELANTERO,0.6
NINJA 250 FI,CAMBIO DE DISCO DELANTERO,0.6
Z250,CAMBIO DE DISCO DELANTERO,0.6
Z250 SL,CAMBIO DE DISCO DELANTERO,0.6
ER-6n,CAMBIO DE DISCO DELANTERO,1.2
MRX 150,CAMBIO DE DISCO DELANTERO,0.6
FURAX,CAMBIO DE DISCO DELANTERO,0.6
BOMBER 125,CAMBIO DE DISCO DELANTERO,0.5
BOMBER 250,CAMBIO DE DISCO DELANTERO,0.8
COMBAT 125,CAMBIO DE DISCO DELANTERO,0.5
ZS,CAMBIO DE DISCO DELANTERO,0.6
LIFE,CAMBIO DE DISCO DELANTERO,0.6
HUNTER,CAMBIO DE DISCO DELANTERO,0.6
BLACK,CAMBIO DE DISCO DELANTERO,0.6
VENOM 400,CAMBIO DE DISCO DELANTERO,0.7
VENOM 250,CAMBIO DE DISCO DELANTERO,0.6
ONE,CAMBIO DE DISCO DELANTERO,0.6
FLOW,CAMBIO DE DISCO DELANTERO,0.6
ADVANCE II LF,CAMBIO DE DISCO DELANTERO,0.6
ZONTES 155,CAMBIO DE DISCO DELANTERO,0.6
ZONTES 310M,CAMBIO DE DISCO DELANTERO,0.6
SHOCK,CAMBIO DE DISCO DELANTERO,0.6
TNT150i,CAMBIO DE DISCO DELANTERO,0.6
180S,CAMBIO DE DISCO DELANTERO,0.6
TNT25N,CAMBIO DE DISCO DELANTERO,0.6
LEONCINO 500,CAMBIO DE DISCO DELANTERO,1.2
LEONCINO 250,CAMBIO DE DISCO DELANTERO,0.6
TRK 500X,CAMBIO DE DISCO DELANTERO,1.2
TRK 251,CAMBIO DE DISCO DELANTERO,0.6
302 S,CAMBIO DE DISCO DELANTERO,0.6
AGILITY CITY 150,CAMBIO DE DISCO TRASERO,0.5
BET & WIN,CAMBIO DE DISCO TRASERO,1.3
SPIKE,CAMBIO DE DISCO TRASERO,0.8
AGILITY RS  NAKED,CAMBIO DE DISCO TRASERO,|
CRUCERO             x-town 300,CAMBIO DE DISCO TRASERO,1.3
JETIX,CAMBIO DE DISCO TRASERO,0.8
PULSAR 200,CAMBIO DE DISCO TRASERO,0.8
PULSAR 200 AS,CAMBIO DE DISCO TRASERO,0.8
PULSAR 200 NS,CAMBIO DE DISCO TRASERO,0.8
TITAN,CAMBIO DE DISCO TRASERO,0.8
PULSAR  RS 200,CAMBIO DE DISCO TRASERO,0.8
PULSAR 220,CAMBIO DE DISCO TRASERO,0.8
KMX,CAMBIO DE DISCO TRASERO,0.8
KLX 150,CAMBIO DE DISCO TRASERO,0.8
KLX150  L,CAMBIO DE DISCO TRASERO,0.8
KLX 250,CAMBIO DE DISCO TRASERO,0.8
NINJA 250,CAMBIO DE DISCO TRASERO,0.8
NINJA 250 FI,CAMBIO DE DISCO TRASERO,0.8
Z250,CAMBIO DE DISCO TRASERO,0.8
Z250 SL,CAMBIO DE DISCO TRASERO,0.8
ER-6n,CAMBIO DE DISCO TRASERO,0.8
MRX 150,CAMBIO DE DISCO TRASERO,0.8
BOMBER 250,CAMBIO DE DISCO TRASERO,0.6
LIFE,CAMBIO DE DISCO TRASERO,1.3
HUNTER,CAMBIO DE DISCO TRASERO,1.3
BLACK,CAMBIO DE DISCO TRASERO,1.3
VENOM 400,CAMBIO DE DISCO TRASERO,0.7
VENOM 250,CAMBIO DE DISCO TRASERO,0.8
ZONTES 155,CAMBIO DE DISCO TRASERO,0.9
ZONTES 310M,CAMBIO DE DISCO TRASERO,2
TNT150i,CAMBIO DE DISCO TRASERO,0.9
180S,CAMBIO DE DISCO TRASERO,0.9
TNT25N,CAMBIO DE DISCO TRASERO,0.9
LEONCINO 500,CAMBIO DE DISCO TRASERO,0.8
LEONCINO 250,CAMBIO DE DISCO TRASERO,0.9
TRK 500X,CAMBIO DE DISCO TRASERO,0.8
TRK 251,CAMBIO DE DISCO TRASERO,0.9
302 S,CAMBIO DE DISCO TRASERO,0.8
AGILITY CITY 150,CAMBIO PORTABANDAS DELANTERO,0.6
XCD,CAMBIO PORTABANDAS DELANTERO,0.6
DISCOVER 100,CAMBIO PORTABANDAS DELANTERO,0.6
DISCOVER 135,CAMBIO PORTABANDAS DELANTERO,0.6
BOXER,CAMBIO PORTABANDAS DELANTERO,0.6
LEXUS,CAMBIO PORTABANDAS DELANTERO,0.6
DISCOVER 100 5S,CAMBIO PORTABANDAS DELANTERO,0.6
CHAMPION,CAMBIO PORTABANDAS DELANTERO,0.6
BOXER BM 100,CAMBIO PORTABANDAS DELANTERO,0.6
BOXER BM 150,CAMBIO PORTABANDAS DELANTERO,0.6
BOXER BM 100 ES,CAMBIO PORTABANDAS DELANTERO,0.6
PLATINO 125,CAMBIO PORTABANDAS DELANTERO,0.6
PLATINO 125 - 5S,CAMBIO PORTABANDAS DELANTERO,0.6
PLATINO 100,CAMBIO PORTABANDAS DELANTERO,0.6
PLATINO 110,CAMBIO PORTABANDAS DELANTERO,0.6
FAMILLY,CAMBIO PORTABANDAS DELANTERO,0.6
MOTOCARRO 4T,CAMBIO PORTABANDAS DELANTERO,1.5
TORITO,CAMBIO PORTABANDAS DELANTERO,1.5
KAZE MAX II,CAMBIO PORTABANDAS DELANTERO,0.5
TRANS-SPORT,CAMBIO PORTABANDAS DELANTERO,0.5
TOP BOY,CAMBIO DE PORTABANDAS TRASERO,0.8
AGILITY,CAMBIO DE PORTABANDAS TRASERO,1.5
AGILITY RS,CAMBIO DE PORTABANDAS TRASERO,1.5
ACTIV,CAMBIO DE PORTABANDAS TRASERO,0.6
SPIKE,CAMBIO DE PORTABANDAS TRASERO,0.6
AGILITY RS  NAKED,CAMBIO DE PORTABANDAS TRASERO,1.5
SUPER 8,CAMBIO DE PORTABANDAS TRASERO,1.5
GACELA,CAMBIO DE PORTABANDAS TRASERO,1.5
ROCKET,CAMBIO DE PORTABANDAS TRASERO,1.5
FLY 125,CAMBIO DE PORTABANDAS TRASERO,1.5
TWIST,CAMBIO DE PORTABANDAS TRASERO,1.5
UNI-K 110,CAMBIO DE PORTABANDAS TRASERO,0.6
TRACK,CAMBIO DE PORTABANDAS TRASERO,0.6
PULSAR 135,CAMBIO DE PORTABANDAS TRASERO,0.6
Perseo,CAMBIO DE PORTABANDAS TRASERO,0.6
PULSAR,CAMBIO DE PORTABANDAS TRASERO,0.6
PULSAR 180 UG,CAMBIO DE PORTABANDAS TRASERO,0.6
PULSAR 150,CAMBIO DE PORTABANDAS TRASERO,0.6
THOR 160,CAMBIO DE PORTABANDAS TRASERO,0.6
PULSAR 150 NS,CAMBIO DE PORTABANDAS TRASERO,0.6
PULSAR 150 AS,CAMBIO DE PORTABANDAS TRASERO,0.6
AVENGER 220,CAMBIO DE PORTABANDAS TRASERO,0.7
XCD,CAMBIO DE PORTABANDAS TRASERO,0.6
DISCOVER 100,CAMBIO DE PORTABANDAS TRASERO,0.6
DISCOVER 135,CAMBIO DE PORTABANDAS TRASERO,0.6
BOXER,CAMBIO DE PORTABANDAS TRASERO,0.6
LEXUS,CAMBIO DE PORTABANDAS TRASERO,0.6
DISCOVER 100 5S,CAMBIO DE PORTABANDAS TRASERO,0.6
DISCOVER 150,CAMBIO DE PORTABANDAS TRASERO,0.6
CHAMPION,CAMBIO DE PORTABANDAS TRASERO,0.6
DISCOVER 125 ST,CAMBIO DE PORTABANDAS TRASERO,0.6
BOXER BM 100,CAMBIO DE PORTABANDAS TRASERO,0.6
BOXER BM 150,CAMBIO DE PORTABANDAS TRASERO,0.6
BOXER BM 100 ES,CAMBIO DE PORTABANDAS TRASERO,0.6
PLATINO 125,CAMBIO DE PORTABANDAS TRASERO,0.6
PLATINO 125 - 5S,CAMBIO DE PORTABANDAS TRASERO,0.6
PLATINO 100,CAMBIO DE PORTABANDAS TRASERO,0.6
PLATINO 110,CAMBIO DE PORTABANDAS TRASERO,0.6
FAMILLY,CAMBIO DE PORTABANDAS TRASERO,0.6
MOTOCARRO 4T,CAMBIO DE PORTABANDAS TRASERO,1.5
TORITO,CAMBIO DE PORTABANDAS TRASERO,1.5
KAZE MAX II,CAMBIO DE PORTABANDAS TRASERO,0.7
ZX 130- MAGIC II,CAMBIO DE PORTABANDAS TRASERO,0.6
TRANS-SPORT,CAMBIO DE PORTABANDAS TRASERO,0.7
FURAX,CAMBIO DE PORTABANDAS TRASERO,0.7
BOMBER 125,CAMBIO DE PORTABANDAS TRASERO,0.6
COMBAT 125,CAMBIO DE PORTABANDAS TRASERO,0.6
ZS,CAMBIO DE PORTABANDAS TRASERO,1.5
ONE,CAMBIO DE PORTABANDAS TRASERO,0.6
FLOW,CAMBIO DE PORTABANDAS TRASERO,0.6
ADVANCE II LF,CAMBIO DE PORTABANDAS TRASERO,0.6
SHOCK,CAMBIO DE PORTABANDAS TRASERO,0.6
MOTOCARRO 4T,CAMBIO DE TUBERIA DE FRENO TRASERO,2.5
TORITO,CAMBIO DE TUBERIA DE FRENO TRASERO,2.5
AGILITY CITY 150,CAMBIO DE MANGUERA DE FRENO TRASERO,2
BET & WIN,CAMBIO DE MANGUERA DE FRENO TRASERO,2
SPIKE,CAMBIO DE MANGUERA DE FRENO TRASERO,1.5
JETIX,CAMBIO DE MANGUERA DE FRENO TRASERO,1.5
PULSAR 200,CAMBIO DE MANGUERA DE FRENO TRASERO,1.5
PULSAR 200 AS,CAMBIO DE MANGUERA DE FRENO TRASERO,1.5
PULSAR 200 NS,CAMBIO DE MANGUERA DE FRENO TRASERO,1.5
TITAN,CAMBIO DE MANGUERA DE FRENO TRASERO,1.5
PULSAR  RS 200,CAMBIO DE MANGUERA DE FRENO TRASERO,1.5
PULSAR 220,CAMBIO DE MANGUERA DE FRENO TRASERO,1.5
KMX,CAMBIO DE MANGUERA DE FRENO TRASERO,1.5
KLX 150,CAMBIO DE MANGUERA DE FRENO TRASERO,1.5
KLX150  L,CAMBIO DE MANGUERA DE FRENO TRASERO,1.5
KLX 250,CAMBIO DE MANGUERA DE FRENO TRASERO,1.5
NINJA 250,CAMBIO DE MANGUERA DE FRENO TRASERO,1.5
NINJA 250 FI,CAMBIO DE MANGUERA DE FRENO TRASERO,1.5
Z250,CAMBIO DE MANGUERA DE FRENO TRASERO,1.5
Z250 SL,CAMBIO DE MANGUERA DE FRENO TRASERO,1.5
ER-6n,CAMBIO DE MANGUERA DE FRENO TRASERO,1.5
MRX 150,CAMBIO DE MANGUERA DE FRENO TRASERO,1.5
BOMBER 250,CAMBIO DE MANGUERA DE FRENO TRASERO,0.6
LIFE,CAMBIO DE MANGUERA DE FRENO TRASERO,1
HUNTER,CAMBIO DE MANGUERA DE FRENO TRASERO,2.5
BLACK,CAMBIO DE MANGUERA DE FRENO TRASERO,2.5
VENOM 400,CAMBIO DE MANGUERA DE FRENO TRASERO,1
VENOM 250,CAMBIO DE MANGUERA DE FRENO TRASERO,1.5
ZONTES 155,CAMBIO DE MANGUERA DE FRENO TRASERO,1.5
ZONTES 310M,CAMBIO DE MANGUERA DE FRENO TRASERO,2.5
TNT150i,CAMBIO DE MANGUERA DE FRENO TRASERO,1.5
180S,CAMBIO DE MANGUERA DE FRENO TRASERO,1.5
TNT25N,CAMBIO DE MANGUERA DE FRENO TRASERO,1.5
LEONCINO 500,CAMBIO DE MANGUERA DE FRENO TRASERO,1.5
LEONCINO 250,CAMBIO DE MANGUERA DE FRENO TRASERO,1.5
TRK 500X,CAMBIO DE MANGUERA DE FRENO TRASERO,1.5
TRK 251,CAMBIO DE MANGUERA DE FRENO TRASERO,1.5
302 S,CAMBIO DE MANGUERA DE FRENO TRASERO,1.5
TOP BOY,CAMBIO O REPARACIÓN BOMBA DE FRENO C/U,1.5
AGILITY,CAMBIO O REPARACIÓN BOMBA DE FRENO C/U,1.5
AGILITY RS,CAMBIO O REPARACIÓN BOMBA DE FRENO C/U,1.5
AGILITY CITY 150,CAMBIO O REPARACIÓN BOMBA DE FRENO C/U,1.5
BET & WIN,CAMBIO O REPARACIÓN BOMBA DE FRENO C/U,1.5
ACTIV,CAMBIO O REPARACIÓN BOMBA DE FRENO C/U,1.5
SPIKE,CAMBIO O REPARACIÓN BOMBA DE FRENO C/U,1.5
AGILITY RS  NAKED,CAMBIO O REPARACIÓN BOMBA DE FRENO C/U,1.5
SUPER 8,CAMBIO O REPARACIÓN BOMBA DE FRENO C/U,1.5
GACELA,CAMBIO O REPARACIÓN BOMBA DE FRENO C/U,1.5
CRUCERO             x-town 300,CAMBIO O REPARACIÓN BOMBA DE FRENO C/U,1.5
ROCKET,CAMBIO O REPARACIÓN BOMBA DE FRENO C/U,1.5
FLY 125,CAMBIO O REPARACIÓN BOMBA DE FRENO C/U,1.5
TWIST,CAMBIO O REPARACIÓN BOMBA DE FRENO C/U,1.5
JETIX,CAMBIO O REPARACIÓN BOMBA DE FRENO C/U,1.5
UNI-K 110,CAMBIO O REPARACIÓN BOMBA DE FRENO C/U,1.5
TRACK,CAMBIO O REPARACIÓN BOMBA DE FRENO C/U,1.5
PULSAR 135,CAMBIO O REPARACIÓN BOMBA DE FRENO C/U,1.5
Perseo,CAMBIO O REPARACIÓN BOMBA DE FRENO C/U,1.5
PULSAR,CAMBIO O REPARACIÓN BOMBA DE FRENO C/U,1.5
PULSAR 180 UG,CAMBIO O REPARACIÓN BOMBA DE FRENO C/U,1.5
PULSAR 150,CAMBIO O REPARACIÓN BOMBA DE FRENO C/U,1.5
THOR 160,CAMBIO O REPARACIÓN BOMBA DE FRENO C/U,1.5
PULSAR 200,CAMBIO O REPARACIÓN BOMBA DE FRENO C/U,1.5
PULSAR 150 NS,CAMBIO O REPARACIÓN BOMBA DE FRENO C/U,1.5
PULSAR 150 AS,CAMBIO O REPARACIÓN BOMBA DE FRENO C/U,1.5
PULSAR 200 AS,CAMBIO O REPARACIÓN BOMBA DE FRENO C/U,1.5
PULSAR 200 NS,CAMBIO O REPARACIÓN BOMBA DE FRENO C/U,1.5
TITAN,CAMBIO O REPARACIÓN BOMBA DE FRENO C/U,1.5
PULSAR  RS 200,CAMBIO O REPARACIÓN BOMBA DE FRENO C/U,1.5
PULSAR 220,CAMBIO O REPARACIÓN BOMBA DE FRENO C/U,1.5
AVENGER 220,CAMBIO O REPARACIÓN BOMBA DE FRENO C/U,1.5
XCD,CAMBIO O REPARACIÓN BOMBA DE FRENO C/U,1.5
DISCOVER 150,CAMBIO O REPARACIÓN BOMBA DE FRENO C/U,1.5
DISCOVER 125 ST,CAMBIO O REPARACIÓN BOMBA DE FRENO C/U,1.5
MOTOCARRO 4T,CAMBIO O REPARACIÓN BOMBA DE FRENO C/U,2.5
TORITO,CAMBIO O REPARACIÓN BOMBA DE FRENO C/U,2.5
KAZE MAX II,CAMBIO O REPARACIÓN BOMBA DE FRENO C/U,1.5
ZX 130- MAGIC II,CAMBIO O REPARACIÓN BOMBA DE FRENO C/U,1.5
KMX,CAMBIO O REPARACIÓN BOMBA DE FRENO C/U,1.5
KLX 150,CAMBIO O REPARACIÓN BOMBA DE FRENO C/U,1.5
KLX150  L,CAMBIO O REPARACIÓN BOMBA DE FRENO C/U,1.5
KLX 250,CAMBIO O REPARACIÓN BOMBA DE FRENO C/U,1.5
NINJA 250,CAMBIO O REPARACIÓN BOMBA DE FRENO C/U,1.5
NINJA 250 FI,CAMBIO O REPARACIÓN BOMBA DE FRENO C/U,1.5
Z250,CAMBIO O REPARACIÓN BOMBA DE FRENO C/U,1.5
Z250 SL,CAMBIO O REPARACIÓN BOMBA DE FRENO C/U,1.5
ER-6n,CAMBIO O REPARACIÓN BOMBA DE FRENO C/U,1.5
MRX 150,CAMBIO O REPARACIÓN BOMBA DE FRENO C/U,1.5
FURAX,CAMBIO O REPARACIÓN BOMBA DE FRENO C/U,1.5
BOMBER 250,CAMBIO O REPARACIÓN BOMBA DE FRENO C/U,0.6
ZS,CAMBIO O REPARACIÓN BOMBA DE FRENO C/U,1.5
LIFE,CAMBIO O REPARACIÓN BOMBA DE FRENO C/U,1.5
HUNTER,CAMBIO O REPARACIÓN BOMBA DE FRENO C/U,1.5
BLACK,CAMBIO O REPARACIÓN BOMBA DE FRENO C/U,1.5
VENOM 400,CAMBIO O REPARACIÓN BOMBA DE FRENO C/U,0.5
VENOM 250,CAMBIO O REPARACIÓN BOMBA DE FRENO C/U,1.5
ONE,CAMBIO O REPARACIÓN BOMBA DE FRENO C/U,1.5
FLOW,CAMBIO O REPARACIÓN BOMBA DE FRENO C/U,1.5
ADVANCE II LF,CAMBIO O REPARACIÓN BOMBA DE FRENO C/U,1.5
ZONTES 155,CAMBIO O REPARACIÓN BOMBA DE FRENO C/U,1.5
ZONTES 310M,CAMBIO O REPARACIÓN BOMBA DE FRENO C/U,1.5
SHOCK,CAMBIO O REPARACIÓN BOMBA DE FRENO C/U,1.5
TNT150i,CAMBIO O REPARACIÓN BOMBA DE FRENO C/U,1.5
180S,CAMBIO O REPARACIÓN BOMBA DE FRENO C/U,1.5
TNT25N,CAMBIO O REPARACIÓN BOMBA DE FRENO C/U,1.5
LEONCINO 500,CAMBIO O REPARACIÓN BOMBA DE FRENO C/U,1.5
LEONCINO 250,CAMBIO O REPARACIÓN BOMBA DE FRENO C/U,1.5
TRK 500X,CAMBIO O REPARACIÓN BOMBA DE FRENO C/U,1.5
TRK 251,CAMBIO O REPARACIÓN BOMBA DE FRENO C/U,1.5
302 S,CAMBIO O REPARACIÓN BOMBA DE FRENO C/U,1.5
TOP BOY,CAMBIO O REPARACIÓN BOMBA DE FRENO C/U,1.5
AGILITY,CAMBIO O REPARACIÓN BOMBA DE FRENO C/U,1.5
AGILITY RS,CAMBIO O REPARACIÓN BOMBA DE FRENO C/U,1.5
AGILITY CITY 150,CAMBIO O REPARACIÓN BOMBA DE FRENO C/U,1.5
BET & WIN,CAMBIO O REPARACIÓN BOMBA DE FRENO C/U,1.5
ACTIV,CAMBIO O REPARACIÓN BOMBA DE FRENO C/U,1.5
SPIKE,CAMBIO O REPARACIÓN BOMBA DE FRENO C/U,1.5
AGILITY RS  NAKED,CAMBIO O REPARACIÓN BOMBA DE FRENO C/U,1.5
SUPER 8,CAMBIO O REPARACIÓN BOMBA DE FRENO C/U,1.5
GACELA,CAMBIO O REPARACIÓN BOMBA DE FRENO C/U,1.5
CRUCERO             x-town 300,CAMBIO O REPARACIÓN BOMBA DE FRENO C/U,1.5
ROCKET,CAMBIO O REPARACIÓN BOMBA DE FRENO C/U,1.5
FLY 125,CAMBIO O REPARACIÓN BOMBA DE FRENO C/U,1.5
TWIST,CAMBIO O REPARACIÓN BOMBA DE FRENO C/U,1.5
JETIX,CAMBIO O REPARACIÓN BOMBA DE FRENO C/U,1.5
UNI-K 110,CAMBIO O REPARACIÓN BOMBA DE FRENO C/U,1.5
TRACK,CAMBIO O REPARACIÓN BOMBA DE FRENO C/U,1.5
PULSAR 135,CAMBIO O REPARACIÓN BOMBA DE FRENO C/U,1.5
Perseo,CAMBIO O REPARACIÓN BOMBA DE FRENO C/U,1.5
PULSAR,CAMBIO O REPARACIÓN BOMBA DE FRENO C/U,1.5
PULSAR 180 UG,CAMBIO O REPARACIÓN BOMBA DE FRENO C/U,1.5
PULSAR 150,CAMBIO O REPARACIÓN BOMBA DE FRENO C/U,1.5
THOR 160,CAMBIO O REPARACIÓN BOMBA DE FRENO C/U,1.5
PULSAR 200,CAMBIO O REPARACIÓN BOMBA DE FRENO C/U,1.5
PULSAR 150 NS,CAMBIO O REPARACIÓN BOMBA DE FRENO C/U,1.5
PULSAR 150 AS,CAMBIO O REPARACIÓN BOMBA DE FRENO C/U,1.5
PULSAR 200 AS,CAMBIO O REPARACIÓN BOMBA DE FRENO C/U,1.5
PULSAR 200 NS,CAMBIO O REPARACIÓN BOMBA DE FRENO C/U,1.5
TITAN,CAMBIO O REPARACIÓN BOMBA DE FRENO C/U,1.5
PULSAR  RS 200,CAMBIO O REPARACIÓN BOMBA DE FRENO C/U,1.5
PULSAR 220,CAMBIO O REPARACIÓN BOMBA DE FRENO C/U,1.5
AVENGER 220,CAMBIO O REPARACIÓN BOMBA DE FRENO C/U,1.5
XCD,CAMBIO O REPARACIÓN BOMBA DE FRENO C/U,1.5
DISCOVER 150,CAMBIO O REPARACIÓN BOMBA DE FRENO C/U,1.5
DISCOVER 125 ST,CAMBIO O REPARACIÓN BOMBA DE FRENO C/U,1.5
MOTOCARRO 4T,CAMBIO O REPARACIÓN BOMBA DE FRENO C/U,1
TORITO,CAMBIO O REPARACIÓN BOMBA DE FRENO C/U,1
KAZE MAX II,CAMBIO O REPARACIÓN BOMBA DE FRENO C/U,1.5
ZX 130- MAGIC II,CAMBIO O REPARACIÓN BOMBA DE FRENO C/U,1.5
KMX,CAMBIO O REPARACIÓN BOMBA DE FRENO C/U,1.5
KLX 150,CAMBIO O REPARACIÓN BOMBA DE FRENO C/U,1.5
KLX150  L,CAMBIO O REPARACIÓN BOMBA DE FRENO C/U,1.5
KLX 250,CAMBIO O REPARACIÓN BOMBA DE FRENO C/U,1.5
NINJA 250,CAMBIO O REPARACIÓN BOMBA DE FRENO C/U,1.5
NINJA 250 FI,CAMBIO O REPARACIÓN BOMBA DE FRENO C/U,1.5
Z250,CAMBIO O REPARACIÓN BOMBA DE FRENO C/U,1.5
Z250 SL,CAMBIO O REPARACIÓN BOMBA DE FRENO C/U,1.5
ER-6n,CAMBIO O REPARACIÓN BOMBA DE FRENO C/U,1.5
MRX 150,CAMBIO O REPARACIÓN BOMBA DE FRENO C/U,1.5
FURAX,CAMBIO O REPARACIÓN BOMBA DE FRENO C/U,1.5
BOMBER 125,CAMBIO O REPARACIÓN BOMBA DE FRENO C/U,0.5
BOMBER 250,CAMBIO O REPARACIÓN BOMBA DE FRENO C/U,0.6
COMBAT 125,CAMBIO O REPARACIÓN BOMBA DE FRENO C/U,0.5
ZS,CAMBIO O REPARACIÓN BOMBA DE FRENO C/U,1.5
LIFE,CAMBIO O REPARACIÓN BOMBA DE FRENO C/U,1.5
HUNTER,CAMBIO O REPARACIÓN BOMBA DE FRENO C/U,1.5
BLACK,CAMBIO O REPARACIÓN BOMBA DE FRENO C/U,1.5
VENOM 400,CAMBIO O REPARACIÓN BOMBA DE FRENO C/U,1
VENOM 250,CAMBIO O REPARACIÓN BOMBA DE FRENO C/U,1.5
ONE,CAMBIO O REPARACIÓN BOMBA DE FRENO C/U,1.5
FLOW,CAMBIO O REPARACIÓN BOMBA DE FRENO C/U,1.5
ADVANCE II LF,CAMBIO O REPARACIÓN BOMBA DE FRENO C/U,1.5
ZONTES 155,CAMBIO O REPARACIÓN BOMBA DE FRENO C/U,1.5
ZONTES 310M,CAMBIO O REPARACIÓN BOMBA DE FRENO C/U,1.5
SHOCK,CAMBIO O REPARACIÓN BOMBA DE FRENO C/U,1.5
TNT150i,CAMBIO O REPARACIÓN BOMBA DE FRENO C/U,1.5
180S,CAMBIO O REPARACIÓN BOMBA DE FRENO C/U,1.5
TNT25N,CAMBIO O REPARACIÓN BOMBA DE FRENO C/U,1.5
LEONCINO 500,CAMBIO O REPARACIÓN BOMBA DE FRENO C/U,1.5
LEONCINO 250,CAMBIO O REPARACIÓN BOMBA DE FRENO C/U,1.5
TRK 500X,CAMBIO O REPARACIÓN BOMBA DE FRENO C/U,1.5
TRK 251,CAMBIO O REPARACIÓN BOMBA DE FRENO C/U,1.5
302 S,CAMBIO O REPARACIÓN BOMBA DE FRENO C/U,1.5
AGILITY RS,MANTENIMIENTO CALIPER,0.3
AGILITY RS  NAKED,MANTENIMIENTO CALIPER,0.3
SUPER 8,MANTENIMIENTO CALIPER,0.3
GACELA,MANTENIMIENTO CALIPER,0.3
CRUCERO             x-town 300,MANTENIMIENTO CALIPER,1.5
ROCKET,MANTENIMIENTO CALIPER,0.3
FLY 125,MANTENIMIENTO CALIPER,0.3
TWIST,MANTENIMIENTO CALIPER,0.3
UNI-K 110,MANTENIMIENTO CALIPER,0.7
PULSAR 135,MANTENIMIENTO CALIPER,0.7
Perseo,MANTENIMIENTO CALIPER,0.7
PULSAR,MANTENIMIENTO CALIPER,0.7
PULSAR 180 UG,MANTENIMIENTO CALIPER,0.7
PULSAR 150,MANTENIMIENTO CALIPER,0.7
THOR 160,MANTENIMIENTO CALIPER,0.7
PULSAR 200,MANTENIMIENTO CALIPER,0.7
PULSAR 150 NS,MANTENIMIENTO CALIPER,0.6
PULSAR 150 AS,MANTENIMIENTO CALIPER,0.6
PULSAR 200 AS,MANTENIMIENTO CALIPER,0.6
PULSAR 200 NS,MANTENIMIENTO CALIPER,0.6
TITAN,MANTENIMIENTO CALIPER,0.6
PULSAR  RS 200,MANTENIMIENTO CALIPER,0.6
PULSAR 220,MANTENIMIENTO CALIPER,0.7
AVENGER 220,MANTENIMIENTO CALIPER,0.7
DISCOVER 150,MANTENIMIENTO CALIPER,0.7
DISCOVER 125 ST,MANTENIMIENTO CALIPER,0.7
KLX 250,MANTENIMIENTO CALIPER,0.6
NINJA 250 FI,MANTENIMIENTO CALIPER,0.6
Z250,MANTENIMIENTO CALIPER,0.6
Z250 SL,MANTENIMIENTO CALIPER,0.6
MRX 150,MANTENIMIENTO CALIPER,0.5
BOMBER 125,MANTENIMIENTO CALIPER,0.5
BOMBER 250,MANTENIMIENTO CALIPER,1
COMBAT 125,MANTENIMIENTO CALIPER,0.5
ZS,MANTENIMIENTO CALIPER,0.3
LIFE,MANTENIMIENTO CALIPER,0.3
HUNTER,MANTENIMIENTO CALIPER,1
BLACK,MANTENIMIENTO CALIPER,1.5
VENOM 400,MANTENIMIENTO CALIPER,0.7
VENOM 250,MANTENIMIENTO CALIPER,0.6
FLOW,MANTENIMIENTO CALIPER,1
ADVANCE II LF,MANTENIMIENTO CALIPER,1
ZONTES 155,MANTENIMIENTO CALIPER,0.6
ZONTES 310M,MANTENIMIENTO CALIPER,1.5
SHOCK,MANTENIMIENTO CALIPER,1
TNT150i,MANTENIMIENTO CALIPER,0.6
180S,MANTENIMIENTO CALIPER,0.6
TNT25N,MANTENIMIENTO CALIPER,0.6
LEONCINO 500,MANTENIMIENTO CALIPER,0.6
LEONCINO 250,MANTENIMIENTO CALIPER,0.6
TRK 500X,MANTENIMIENTO CALIPER,0.6
TRK 251,MANTENIMIENTO CALIPER,0.6
302 S,MANTENIMIENTO CALIPER,0.6
TOP BOY,CAMBIO LEVAS FRENO Y/O CLUTCH,0.5
AGILITY,CAMBIO LEVAS FRENO Y/O CLUTCH,0.5
AGILITY RS,CAMBIO LEVAS FRENO Y/O CLUTCH,0.5
AGILITY CITY 150,CAMBIO LEVAS FRENO Y/O CLUTCH,0.5
BET & WIN,CAMBIO LEVAS FRENO Y/O CLUTCH,1
ACTIV,CAMBIO LEVAS FRENO Y/O CLUTCH,0.7
SPIKE,CAMBIO LEVAS FRENO Y/O CLUTCH,0.7
AGILITY RS  NAKED,CAMBIO LEVAS FRENO Y/O CLUTCH,0.5
SUPER 8,CAMBIO LEVAS FRENO Y/O CLUTCH,0.5
GACELA,CAMBIO LEVAS FRENO Y/O CLUTCH,0.5
CRUCERO             x-town 300,CAMBIO LEVAS FRENO Y/O CLUTCH,1
ROCKET,CAMBIO LEVAS FRENO Y/O CLUTCH,0.5
FLY 125,CAMBIO LEVAS FRENO Y/O CLUTCH,0.5
TWIST,CAMBIO LEVAS FRENO Y/O CLUTCH,0.5
JETIX,CAMBIO LEVAS FRENO Y/O CLUTCH,0.7
UNI-K 110,CAMBIO LEVAS FRENO Y/O CLUTCH,0.7
TRACK,CAMBIO LEVAS FRENO Y/O CLUTCH,0.4
PULSAR 135,CAMBIO LEVAS FRENO Y/O CLUTCH,0.3
Perseo,CAMBIO LEVAS FRENO Y/O CLUTCH,0.3
PULSAR,CAMBIO LEVAS FRENO Y/O CLUTCH,0.3
PULSAR 180 UG,CAMBIO LEVAS FRENO Y/O CLUTCH,0.3
PULSAR 150,CAMBIO LEVAS FRENO Y/O CLUTCH,0.3
THOR 160,CAMBIO LEVAS FRENO Y/O CLUTCH,0.3
PULSAR 200,CAMBIO LEVAS FRENO Y/O CLUTCH,0.3
PULSAR 150 NS,CAMBIO LEVAS FRENO Y/O CLUTCH,0.3
PULSAR 150 AS,CAMBIO LEVAS FRENO Y/O CLUTCH,0.3
PULSAR 200 AS,CAMBIO LEVAS FRENO Y/O CLUTCH,0.3
PULSAR 200 NS,CAMBIO LEVAS FRENO Y/O CLUTCH,0.3
TITAN,CAMBIO LEVAS FRENO Y/O CLUTCH,0.3
PULSAR  RS 200,CAMBIO LEVAS FRENO Y/O CLUTCH,0.3
PULSAR 220,CAMBIO LEVAS FRENO Y/O CLUTCH,0.3
AVENGER 220,CAMBIO LEVAS FRENO Y/O CLUTCH,0.3
XCD,CAMBIO LEVAS FRENO Y/O CLUTCH,0.3
DISCOVER 100,CAMBIO LEVAS FRENO Y/O CLUTCH,0.3
DISCOVER 135,CAMBIO LEVAS FRENO Y/O CLUTCH,0.3
BOXER,CAMBIO LEVAS FRENO Y/O CLUTCH,0.3
LEXUS,CAMBIO LEVAS FRENO Y/O CLUTCH,0.3
DISCOVER 100 5S,CAMBIO LEVAS FRENO Y/O CLUTCH,0.3
DISCOVER 150,CAMBIO LEVAS FRENO Y/O CLUTCH,0.3
CHAMPION,CAMBIO LEVAS FRENO Y/O CLUTCH,0.3
DISCOVER 125 ST,CAMBIO LEVAS FRENO Y/O CLUTCH,0.3
BOXER BM 100,CAMBIO LEVAS FRENO Y/O CLUTCH,0.3
BOXER BM 150,CAMBIO LEVAS FRENO Y/O CLUTCH,0.3
BOXER BM 100 ES,CAMBIO LEVAS FRENO Y/O CLUTCH,0.3
PLATINO 125,CAMBIO LEVAS FRENO Y/O CLUTCH,0.3
PLATINO 125 - 5S,CAMBIO LEVAS FRENO Y/O CLUTCH,0.3
PLATINO 100,CAMBIO LEVAS FRENO Y/O CLUTCH,0.3
PLATINO 110,CAMBIO LEVAS FRENO Y/O CLUTCH,0.3
FAMILLY,CAMBIO LEVAS FRENO Y/O CLUTCH,0.3
MOTOCARRO 4T,CAMBIO LEVAS FRENO Y/O CLUTCH,0.5
TORITO,CAMBIO LEVAS FRENO Y/O CLUTCH,0.5
KAZE MAX II,CAMBIO LEVAS FRENO Y/O CLUTCH,1.5
ZX 130- MAGIC II,CAMBIO LEVAS FRENO Y/O CLUTCH,0.7
KMX,CAMBIO LEVAS FRENO Y/O CLUTCH,0.5
KLX 150,CAMBIO LEVAS FRENO Y/O CLUTCH,0.3
KLX150  L,CAMBIO LEVAS FRENO Y/O CLUTCH,0.3
KLX 250,CAMBIO LEVAS FRENO Y/O CLUTCH,0.3
NINJA 250,CAMBIO LEVAS FRENO Y/O CLUTCH,0.3
NINJA 250 FI,CAMBIO LEVAS FRENO Y/O CLUTCH,0.3
Z250,CAMBIO LEVAS FRENO Y/O CLUTCH,0.3
Z250 SL,CAMBIO LEVAS FRENO Y/O CLUTCH,0.3
ER-6n,CAMBIO LEVAS FRENO Y/O CLUTCH,0.3
TRANS-SPORT,CAMBIO LEVAS FRENO Y/O CLUTCH,1.5
MRX 150,CAMBIO LEVAS FRENO Y/O CLUTCH,0.3
FURAX,CAMBIO LEVAS FRENO Y/O CLUTCH,0.5
BOMBER 125,CAMBIO LEVAS FRENO Y/O CLUTCH,0.3
BOMBER 250,CAMBIO LEVAS FRENO Y/O CLUTCH,0.2
COMBAT 125,CAMBIO LEVAS FRENO Y/O CLUTCH,0.3
ZS,CAMBIO LEVAS FRENO Y/O CLUTCH,0.5
LIFE,CAMBIO LEVAS FRENO Y/O CLUTCH,0.5
HUNTER,CAMBIO LEVAS FRENO Y/O CLUTCH,1
BLACK,CAMBIO LEVAS FRENO Y/O CLUTCH,1
VENOM 400,CAMBIO LEVAS FRENO Y/O CLUTCH,0.3
VENOM 250,CAMBIO LEVAS FRENO Y/O CLUTCH,0.3
ONE,CAMBIO LEVAS FRENO Y/O CLUTCH,0.4
FLOW,CAMBIO LEVAS FRENO Y/O CLUTCH,0.7
ADVANCE II LF,CAMBIO LEVAS FRENO Y/O CLUTCH,0.7
ZONTES 155,CAMBIO LEVAS FRENO Y/O CLUTCH,0.3
ZONTES 310M,CAMBIO LEVAS FRENO Y/O CLUTCH,1
SHOCK,CAMBIO LEVAS FRENO Y/O CLUTCH,0.7
TNT150i,CAMBIO LEVAS FRENO Y/O CLUTCH,0.3
180S,CAMBIO LEVAS FRENO Y/O CLUTCH,0.3
TNT25N,CAMBIO LEVAS FRENO Y/O CLUTCH,0.3
LEONCINO 500,CAMBIO LEVAS FRENO Y/O CLUTCH,0.3
LEONCINO 250,CAMBIO LEVAS FRENO Y/O CLUTCH,0.3
TRK 500X,CAMBIO LEVAS FRENO Y/O CLUTCH,0.3
TRK 251,CAMBIO LEVAS FRENO Y/O CLUTCH,0.3
302 S,CAMBIO LEVAS FRENO Y/O CLUTCH,0.3
TOP BOY,CAMBIO MANUBRIO/CADA UNO,1.5
AGILITY,CAMBIO MANUBRIO/CADA UNO,1.5
AGILITY RS,CAMBIO MANUBRIO/CADA UNO,1.5
AGILITY CITY 150,CAMBIO MANUBRIO/CADA UNO,1.5
BET & WIN,CAMBIO MANUBRIO/CADA UNO,2
ACTIV,CAMBIO MANUBRIO/CADA UNO,1.5
SPIKE,CAMBIO MANUBRIO/CADA UNO,1.5
AGILITY RS  NAKED,CAMBIO MANUBRIO/CADA UNO,1.5
SUPER 8,CAMBIO MANUBRIO/CADA UNO,1.5
GACELA,CAMBIO MANUBRIO/CADA UNO,1.5
CRUCERO             x-town 300,CAMBIO MANUBRIO/CADA UNO,2
ROCKET,CAMBIO MANUBRIO/CADA UNO,1.5
FLY 125,CAMBIO MANUBRIO/CADA UNO,1.5
TWIST,CAMBIO MANUBRIO/CADA UNO,1.5
JETIX,CAMBIO MANUBRIO/CADA UNO,1.5
UNI-K 110,CAMBIO MANUBRIO/CADA UNO,1.5
TRACK,CAMBIO MANUBRIO/CADA UNO,1
PULSAR 135,CAMBIO MANUBRIO/CADA UNO,0.6
Perseo,CAMBIO MANUBRIO/CADA UNO,0.6
PULSAR,CAMBIO MANUBRIO/CADA UNO,1
PULSAR 180 UG,CAMBIO MANUBRIO/CADA UNO,0.6
PULSAR 150,CAMBIO MANUBRIO/CADA UNO,0.6
THOR 160,CAMBIO MANUBRIO/CADA UNO,0.6
PULSAR 200,CAMBIO MANUBRIO/CADA UNO,0.6
PULSAR 150 NS,CAMBIO MANUBRIO/CADA UNO,0.6
PULSAR 150 AS,CAMBIO MANUBRIO/CADA UNO,0.6
PULSAR 200 AS,CAMBIO MANUBRIO/CADA UNO,0.6
PULSAR 200 NS,CAMBIO MANUBRIO/CADA UNO,0.6
TITAN,CAMBIO MANUBRIO/CADA UNO,0.6
PULSAR  RS 200,CAMBIO MANUBRIO/CADA UNO,0.6
PULSAR 220,CAMBIO MANUBRIO/CADA UNO,0.6
AVENGER 220,CAMBIO MANUBRIO/CADA UNO,1
XCD,CAMBIO MANUBRIO/CADA UNO,1
DISCOVER 100,CAMBIO MANUBRIO/CADA UNO,1
DISCOVER 135,CAMBIO MANUBRIO/CADA UNO,1
BOXER,CAMBIO MANUBRIO/CADA UNO,1
LEXUS,CAMBIO MANUBRIO/CADA UNO,1
DISCOVER 100 5S,CAMBIO MANUBRIO/CADA UNO,1
DISCOVER 150,CAMBIO MANUBRIO/CADA UNO,1
CHAMPION,CAMBIO MANUBRIO/CADA UNO,1
DISCOVER 125 ST,CAMBIO MANUBRIO/CADA UNO,1
BOXER BM 100,CAMBIO MANUBRIO/CADA UNO,1
BOXER BM 150,CAMBIO MANUBRIO/CADA UNO,1
BOXER BM 100 ES,CAMBIO MANUBRIO/CADA UNO,1
PLATINO 125,CAMBIO MANUBRIO/CADA UNO,1
PLATINO 125 - 5S,CAMBIO MANUBRIO/CADA UNO,1
PLATINO 100,CAMBIO MANUBRIO/CADA UNO,1
PLATINO 110,CAMBIO MANUBRIO/CADA UNO,1
FAMILLY,CAMBIO MANUBRIO/CADA UNO,1
MOTOCARRO 4T,CAMBIO MANUBRIO/CADA UNO,1.5
TORITO,CAMBIO MANUBRIO/CADA UNO,1.5
KAZE MAX II,CAMBIO MANUBRIO/CADA UNO,1.5
ZX 130- MAGIC II,CAMBIO MANUBRIO/CADA UNO,1.5
KMX,CAMBIO MANUBRIO/CADA UNO,1
KLX 150,CAMBIO MANUBRIO/CADA UNO,1
KLX150  L,CAMBIO MANUBRIO/CADA UNO,1
KLX 250,CAMBIO MANUBRIO/CADA UNO,1
NINJA 250,CAMBIO MANUBRIO/CADA UNO,1
NINJA 250 FI,CAMBIO MANUBRIO/CADA UNO,1
Z250,CAMBIO MANUBRIO/CADA UNO,1
Z250 SL,CAMBIO MANUBRIO/CADA UNO,1
ER-6n,CAMBIO MANUBRIO/CADA UNO,1
TRANS-SPORT,CAMBIO MANUBRIO/CADA UNO,1.5
MRX 150,CAMBIO MANUBRIO/CADA UNO,1
FURAX,CAMBIO MANUBRIO/CADA UNO,1
BOMBER 125,CAMBIO MANUBRIO/CADA UNO,1
BOMBER 250,CAMBIO MANUBRIO/CADA UNO,0.5
COMBAT 125,CAMBIO MANUBRIO/CADA UNO,1
ZS,CAMBIO MANUBRIO/CADA UNO,1.5
LIFE,CAMBIO MANUBRIO/CADA UNO,1.5
HUNTER,CAMBIO MANUBRIO/CADA UNO,2
BLACK,CAMBIO MANUBRIO/CADA UNO,2
VENOM 400,CAMBIO MANUBRIO/CADA UNO,0.7
VENOM 250,CAMBIO MANUBRIO/CADA UNO,0.6
ONE,CAMBIO MANUBRIO/CADA UNO,1
FLOW,CAMBIO MANUBRIO/CADA UNO,1.5
ADVANCE II LF,CAMBIO MANUBRIO/CADA UNO,1.5
ZONTES 155,CAMBIO MANUBRIO/CADA UNO,1
ZONTES 310M,CAMBIO MANUBRIO/CADA UNO,2
SHOCK,CAMBIO MANUBRIO/CADA UNO,1.5
TNT150i,CAMBIO MANUBRIO/CADA UNO,1
180S,CAMBIO MANUBRIO/CADA UNO,1
TNT25N,CAMBIO MANUBRIO/CADA UNO,1
LEONCINO 500,CAMBIO MANUBRIO/CADA UNO,1
LEONCINO 250,CAMBIO MANUBRIO/CADA UNO,1
TRK 500X,CAMBIO MANUBRIO/CADA UNO,1
TRK 251,CAMBIO MANUBRIO/CADA UNO,1
302 S,CAMBIO MANUBRIO/CADA UNO,1
TOP BOY,CAMBIO SOPORTE LEVAS C/U,0.5
AGILITY,CAMBIO SOPORTE LEVAS C/U,0.5
AGILITY RS,CAMBIO SOPORTE LEVAS C/U,0.5
AGILITY CITY 150,CAMBIO SOPORTE LEVAS C/U,0.5
BET & WIN,CAMBIO SOPORTE LEVAS C/U,0.5
ACTIV,CAMBIO SOPORTE LEVAS C/U,0.5
AGILITY RS  NAKED,CAMBIO SOPORTE LEVAS C/U,0.5
SUPER 8,CAMBIO SOPORTE LEVAS C/U,0.5
GACELA,CAMBIO SOPORTE LEVAS C/U,0.5
CRUCERO             x-town 300,CAMBIO SOPORTE LEVAS C/U,0.5
ROCKET,CAMBIO SOPORTE LEVAS C/U,0.5
FLY 125,CAMBIO SOPORTE LEVAS C/U,0.5
TWIST,CAMBIO SOPORTE LEVAS C/U,0.5
JETIX,CAMBIO SOPORTE LEVAS C/U,0.5
UNI-K 110,CAMBIO SOPORTE LEVAS C/U,0.5
TRACK,CAMBIO SOPORTE LEVAS C/U,0.5
PULSAR 135,CAMBIO SOPORTE LEVAS C/U,1
Perseo,CAMBIO SOPORTE LEVAS C/U,1
PULSAR,CAMBIO SOPORTE LEVAS C/U,0.5
PULSAR 180 UG,CAMBIO SOPORTE LEVAS C/U,1
PULSAR 150,CAMBIO SOPORTE LEVAS C/U,1
THOR 160,CAMBIO SOPORTE LEVAS C/U,0.5
PULSAR 200,CAMBIO SOPORTE LEVAS C/U,0.5
PULSAR 150 NS,CAMBIO SOPORTE LEVAS C/U,0.5
PULSAR 150 AS,CAMBIO SOPORTE LEVAS C/U,0.5
PULSAR 200 AS,CAMBIO SOPORTE LEVAS C/U,0.5
PULSAR 200 NS,CAMBIO SOPORTE LEVAS C/U,0.5
TITAN,CAMBIO SOPORTE LEVAS C/U,0.5
PULSAR  RS 200,CAMBIO SOPORTE LEVAS C/U,0.5
PULSAR 220,CAMBIO SOPORTE LEVAS C/U,0.5
AVENGER 220,CAMBIO SOPORTE LEVAS C/U,0.5
XCD,CAMBIO SOPORTE LEVAS C/U,0.5
DISCOVER 100,CAMBIO SOPORTE LEVAS C/U,0.5
DISCOVER 135,CAMBIO SOPORTE LEVAS C/U,0.5
BOXER,CAMBIO SOPORTE LEVAS C/U,0.5
LEXUS,CAMBIO SOPORTE LEVAS C/U,0.5
DISCOVER 100 5S,CAMBIO SOPORTE LEVAS C/U,0.5
DISCOVER 150,CAMBIO SOPORTE LEVAS C/U,0.5
CHAMPION,CAMBIO SOPORTE LEVAS C/U,0.5
DISCOVER 125 ST,CAMBIO SOPORTE LEVAS C/U,0.5
BOXER BM 100,CAMBIO SOPORTE LEVAS C/U,0.5
BOXER BM 150,CAMBIO SOPORTE LEVAS C/U,0.5
BOXER BM 100 ES,CAMBIO SOPORTE LEVAS C/U,0.5
PLATINO 125,CAMBIO SOPORTE LEVAS C/U,0.5
PLATINO 125 - 5S,CAMBIO SOPORTE LEVAS C/U,0.5
PLATINO 100,CAMBIO SOPORTE LEVAS C/U,0.5
PLATINO 110,CAMBIO SOPORTE LEVAS C/U,0.5
FAMILLY,CAMBIO SOPORTE LEVAS C/U,0.5
MOTOCARRO 4T,CAMBIO SOPORTE LEVAS C/U,0.4
TORITO,CAMBIO SOPORTE LEVAS C/U,0.4
KAZE MAX II,CAMBIO SOPORTE LEVAS C/U,0.8
ZX 130- MAGIC II,CAMBIO SOPORTE LEVAS C/U,0.5
KMX,CAMBIO SOPORTE LEVAS C/U,0.5
KLX 150,CAMBIO SOPORTE LEVAS C/U,0.5
KLX150  L,CAMBIO SOPORTE LEVAS C/U,0.5
KLX 250,CAMBIO SOPORTE LEVAS C/U,0.5
NINJA 250,CAMBIO SOPORTE LEVAS C/U,0.5
NINJA 250 FI,CAMBIO SOPORTE LEVAS C/U,0.5
Z250,CAMBIO SOPORTE LEVAS C/U,0.5
Z250 SL,CAMBIO SOPORTE LEVAS C/U,0.5
ER-6n,CAMBIO SOPORTE LEVAS C/U,0.5
TRANS-SPORT,CAMBIO SOPORTE LEVAS C/U,0.8
MRX 150,CAMBIO SOPORTE LEVAS C/U,0.5
FURAX,CAMBIO SOPORTE LEVAS C/U,0.4
BOMBER 125,CAMBIO SOPORTE LEVAS C/U,0.5
BOMBER 250,CAMBIO SOPORTE LEVAS C/U,0.4
COMBAT 125,CAMBIO SOPORTE LEVAS C/U,0.5
ZS,CAMBIO SOPORTE LEVAS C/U,0.5
LIFE,CAMBIO SOPORTE LEVAS C/U,0.5
HUNTER,CAMBIO SOPORTE LEVAS C/U,0.5
BLACK,CAMBIO SOPORTE LEVAS C/U,0.5
VENOM 400,CAMBIO SOPORTE LEVAS C/U,0.5
VENOM 250,CAMBIO SOPORTE LEVAS C/U,0.5
ONE,CAMBIO SOPORTE LEVAS C/U,0.5
FLOW,CAMBIO SOPORTE LEVAS C/U,0.5
ADVANCE II LF,CAMBIO SOPORTE LEVAS C/U,0.5
ZONTES 155,CAMBIO SOPORTE LEVAS C/U,0.5
ZONTES 310M,CAMBIO SOPORTE LEVAS C/U,0.5
SHOCK,CAMBIO SOPORTE LEVAS C/U,0.5
TNT150i,CAMBIO SOPORTE LEVAS C/U,0.5
180S,CAMBIO SOPORTE LEVAS C/U,0.5
TNT25N,CAMBIO SOPORTE LEVAS C/U,0.5
LEONCINO 500,CAMBIO SOPORTE LEVAS C/U,0.5
LEONCINO 250,CAMBIO SOPORTE LEVAS C/U,0.5
TRK 500X,CAMBIO SOPORTE LEVAS C/U,0.5
TRK 251,CAMBIO SOPORTE LEVAS C/U,0.5
302 S,CAMBIO SOPORTE LEVAS C/U,0.5
TRACK,CAMBIO ABRAZADERAS DE  MANUBRIO,0.3
PULSAR 135,CAMBIO ABRAZADERAS DE  MANUBRIO,0.5
Perseo,CAMBIO ABRAZADERAS DE  MANUBRIO,0.5
PULSAR,CAMBIO ABRAZADERAS DE  MANUBRIO,0.3
PULSAR 180 UG,CAMBIO ABRAZADERAS DE  MANUBRIO,0.5
PULSAR 150,CAMBIO ABRAZADERAS DE  MANUBRIO,0.5
THOR 160,CAMBIO ABRAZADERAS DE  MANUBRIO,0.5
PULSAR 200,CAMBIO ABRAZADERAS DE  MANUBRIO,0.5
PULSAR 150 NS,CAMBIO ABRAZADERAS DE  MANUBRIO,0.5
PULSAR 150 AS,CAMBIO ABRAZADERAS DE  MANUBRIO,0.5
PULSAR 200 AS,CAMBIO ABRAZADERAS DE  MANUBRIO,0.5
PULSAR 200 NS,CAMBIO ABRAZADERAS DE  MANUBRIO,0.5
TITAN,CAMBIO ABRAZADERAS DE  MANUBRIO,0.5
PULSAR  RS 200,CAMBIO ABRAZADERAS DE  MANUBRIO,0.5
PULSAR 220,CAMBIO ABRAZADERAS DE  MANUBRIO,0.3
AVENGER 220,CAMBIO ABRAZADERAS DE  MANUBRIO,0.3
XCD,CAMBIO ABRAZADERAS DE  MANUBRIO,0.3
DISCOVER 100,CAMBIO ABRAZADERAS DE  MANUBRIO,0.3
DISCOVER 135,CAMBIO ABRAZADERAS DE  MANUBRIO,0.3
BOXER,CAMBIO ABRAZADERAS DE  MANUBRIO,0.3
LEXUS,CAMBIO ABRAZADERAS DE  MANUBRIO,0.3
DISCOVER 100 5S,CAMBIO ABRAZADERAS DE  MANUBRIO,0.3
DISCOVER 150,CAMBIO ABRAZADERAS DE  MANUBRIO,0.3
CHAMPION,CAMBIO ABRAZADERAS DE  MANUBRIO,0.3
DISCOVER 125 ST,CAMBIO ABRAZADERAS DE  MANUBRIO,0.3
BOXER BM 100,CAMBIO ABRAZADERAS DE  MANUBRIO,0.3
BOXER BM 150,CAMBIO ABRAZADERAS DE  MANUBRIO,0.3
BOXER BM 100 ES,CAMBIO ABRAZADERAS DE  MANUBRIO,0.3
PLATINO 125,CAMBIO ABRAZADERAS DE  MANUBRIO,0.3
PLATINO 125 - 5S,CAMBIO ABRAZADERAS DE  MANUBRIO,0.3
PLATINO 100,CAMBIO ABRAZADERAS DE  MANUBRIO,0.3
PLATINO 110,CAMBIO ABRAZADERAS DE  MANUBRIO,0.3
FAMILLY,CAMBIO ABRAZADERAS DE  MANUBRIO,0.3
KMX,CAMBIO ABRAZADERAS DE  MANUBRIO,0.3
KLX 150,CAMBIO ABRAZADERAS DE  MANUBRIO,0.3
KLX150  L,CAMBIO ABRAZADERAS DE  MANUBRIO,0.3
KLX 250,CAMBIO ABRAZADERAS DE  MANUBRIO,0.3
NINJA 250,CAMBIO ABRAZADERAS DE  MANUBRIO,0.3
NINJA 250 FI,CAMBIO ABRAZADERAS DE  MANUBRIO,0.3
Z250,CAMBIO ABRAZADERAS DE  MANUBRIO,0.3
Z250 SL,CAMBIO ABRAZADERAS DE  MANUBRIO,0.3
ER-6n,CAMBIO ABRAZADERAS DE  MANUBRIO,0.3
MRX 150,CAMBIO ABRAZADERAS DE  MANUBRIO,0.3
FURAX,CAMBIO ABRAZADERAS DE  MANUBRIO,0.3
BOMBER 125,CAMBIO ABRAZADERAS DE  MANUBRIO,0.3
BOMBER 250,CAMBIO ABRAZADERAS DE  MANUBRIO,0.1
COMBAT 125,CAMBIO ABRAZADERAS DE  MANUBRIO,0.3
VENOM 400,CAMBIO ABRAZADERAS DE  MANUBRIO,0.3
VENOM 250,CAMBIO ABRAZADERAS DE  MANUBRIO,0.5
ONE,CAMBIO ABRAZADERAS DE  MANUBRIO,0.3
ZONTES 155,CAMBIO ABRAZADERAS DE  MANUBRIO,0.3
TNT150i,CAMBIO ABRAZADERAS DE  MANUBRIO,0.3
180S,CAMBIO ABRAZADERAS DE  MANUBRIO,0.3
TNT25N,CAMBIO ABRAZADERAS DE  MANUBRIO,0.3
LEONCINO 500,CAMBIO ABRAZADERAS DE  MANUBRIO,0.3
LEONCINO 250,CAMBIO ABRAZADERAS DE  MANUBRIO,0.3
TRK 500X,CAMBIO ABRAZADERAS DE  MANUBRIO,0.3
TRK 251,CAMBIO ABRAZADERAS DE  MANUBRIO,0.3
302 S,CAMBIO ABRAZADERAS DE  MANUBRIO,0.3
TRACK,CAMBIO DE BASE DE MANUBRIO,1
PULSAR 135,CAMBIO DE BASE DE MANUBRIO,0.3
Perseo,CAMBIO DE BASE DE MANUBRIO,0.3
PULSAR,CAMBIO DE BASE DE MANUBRIO,1
PULSAR 180 UG,CAMBIO DE BASE DE MANUBRIO,0.3
PULSAR 150,CAMBIO DE BASE DE MANUBRIO,0.3
THOR 160,CAMBIO DE BASE DE MANUBRIO,1
PULSAR 200,CAMBIO DE BASE DE MANUBRIO,1
PULSAR 150 NS,CAMBIO DE BASE DE MANUBRIO,1
PULSAR 150 AS,CAMBIO DE BASE DE MANUBRIO,1
PULSAR 200 AS,CAMBIO DE BASE DE MANUBRIO,1
PULSAR 200 NS,CAMBIO DE BASE DE MANUBRIO,1
TITAN,CAMBIO DE BASE DE MANUBRIO,1
PULSAR  RS 200,CAMBIO DE BASE DE MANUBRIO,1
PULSAR 220,CAMBIO DE BASE DE MANUBRIO,1
AVENGER 220,CAMBIO DE BASE DE MANUBRIO,1
XCD,CAMBIO DE BASE DE MANUBRIO,1
DISCOVER 100,CAMBIO DE BASE DE MANUBRIO,1
DISCOVER 135,CAMBIO DE BASE DE MANUBRIO,1
BOXER,CAMBIO DE BASE DE MANUBRIO,1
LEXUS,CAMBIO DE BASE DE MANUBRIO,1
DISCOVER 100 5S,CAMBIO DE BASE DE MANUBRIO,1
DISCOVER 150,CAMBIO DE BASE DE MANUBRIO,1
CHAMPION,CAMBIO DE BASE DE MANUBRIO,1
DISCOVER 125 ST,CAMBIO DE BASE DE MANUBRIO,1
BOXER BM 100,CAMBIO DE BASE DE MANUBRIO,1
BOXER BM 150,CAMBIO DE BASE DE MANUBRIO,1
BOXER BM 100 ES,CAMBIO DE BASE DE MANUBRIO,1
PLATINO 125,CAMBIO DE BASE DE MANUBRIO,1
PLATINO 125 - 5S,CAMBIO DE BASE DE MANUBRIO,1
PLATINO 100,CAMBIO DE BASE DE MANUBRIO,1
PLATINO 110,CAMBIO DE BASE DE MANUBRIO,1
FAMILLY,CAMBIO DE BASE DE MANUBRIO,1
KMX,CAMBIO DE BASE DE MANUBRIO,1
KLX 150,CAMBIO DE BASE DE MANUBRIO,1
KLX150  L,CAMBIO DE BASE DE MANUBRIO,1
NINJA 250,CAMBIO DE BASE DE MANUBRIO,1
NINJA 250 FI,CAMBIO DE BASE DE MANUBRIO,1
Z250,CAMBIO DE BASE DE MANUBRIO,1
Z250 SL,CAMBIO DE BASE DE MANUBRIO,1
ER-6n,CAMBIO DE BASE DE MANUBRIO,1
MRX 150,CAMBIO DE BASE DE MANUBRIO,1
FURAX,CAMBIO DE BASE DE MANUBRIO,1
BOMBER 125,CAMBIO DE BASE DE MANUBRIO,1
BOMBER 250,CAMBIO DE BASE DE MANUBRIO,0.6
COMBAT 125,CAMBIO DE BASE DE MANUBRIO,1
VENOM 400,CAMBIO DE BASE DE MANUBRIO,0.5
VENOM 250,CAMBIO DE BASE DE MANUBRIO,1
ZONTES 155,CAMBIO DE BASE DE MANUBRIO,1
TNT150i,CAMBIO DE BASE DE MANUBRIO,1
180S,CAMBIO DE BASE DE MANUBRIO,1
TNT25N,CAMBIO DE BASE DE MANUBRIO,1
LEONCINO 500,CAMBIO DE BASE DE MANUBRIO,0.8
LEONCINO 250,CAMBIO DE BASE DE MANUBRIO,1
TRK 500X,CAMBIO DE BASE DE MANUBRIO,0.8
TRK 251,CAMBIO DE BASE DE MANUBRIO,1
302 S,CAMBIO DE BASE DE MANUBRIO,1
TOP BOY,CAMBIO ESPEJOS C/U,0.1
AGILITY,CAMBIO ESPEJOS C/U,0.1
AGILITY RS,CAMBIO ESPEJOS C/U,0.1
AGILITY CITY 150,CAMBIO ESPEJOS C/U,0.1
BET & WIN,CAMBIO ESPEJOS C/U,0.1
ACTIV,CAMBIO ESPEJOS C/U,0.1
SPIKE,CAMBIO ESPEJOS C/U,0.1
AGILITY RS  NAKED,CAMBIO ESPEJOS C/U,0.1
SUPER 8,CAMBIO ESPEJOS C/U,0.1
GACELA,CAMBIO ESPEJOS C/U,0.1
CRUCERO             x-town 300,CAMBIO ESPEJOS C/U,0.1
ROCKET,CAMBIO ESPEJOS C/U,0.1
FLY 125,CAMBIO ESPEJOS C/U,0.1
TWIST,CAMBIO ESPEJOS C/U,0.1
JETIX,CAMBIO ESPEJOS C/U,0.1
UNI-K 110,CAMBIO ESPEJOS C/U,0.1
TRACK,CAMBIO ESPEJOS C/U,0.1
PULSAR 135,CAMBIO ESPEJOS C/U,0.1
Perseo,CAMBIO ESPEJOS C/U,0.1
PULSAR,CAMBIO ESPEJOS C/U,0.1
PULSAR 180 UG,CAMBIO ESPEJOS C/U,0.1
PULSAR 150,CAMBIO ESPEJOS C/U,0.1
THOR 160,CAMBIO ESPEJOS C/U,0.1
PULSAR 200,CAMBIO ESPEJOS C/U,0.1
PULSAR 150 NS,CAMBIO ESPEJOS C/U,0.1
PULSAR 150 AS,CAMBIO ESPEJOS C/U,0.1
PULSAR 200 AS,CAMBIO ESPEJOS C/U,0.1
PULSAR 200 NS,CAMBIO ESPEJOS C/U,0.1
TITAN,CAMBIO ESPEJOS C/U,0.1
PULSAR  RS 200,CAMBIO ESPEJOS C/U,0.1
PULSAR 220,CAMBIO ESPEJOS C/U,0.1
AVENGER 220,CAMBIO ESPEJOS C/U,0.1
XCD,CAMBIO ESPEJOS C/U,0.1
DISCOVER 100,CAMBIO ESPEJOS C/U,0.1
DISCOVER 135,CAMBIO ESPEJOS C/U,0.1
BOXER,CAMBIO ESPEJOS C/U,0.1
LEXUS,CAMBIO ESPEJOS C/U,0.1
DISCOVER 100 5S,CAMBIO ESPEJOS C/U,0.1
DISCOVER 150,CAMBIO ESPEJOS C/U,0.1
CHAMPION,CAMBIO ESPEJOS C/U,0.1
DISCOVER 125 ST,CAMBIO ESPEJOS C/U,0.1
BOXER BM 100,CAMBIO ESPEJOS C/U,0.1
BOXER BM 150,CAMBIO ESPEJOS C/U,0.1
BOXER BM 100 ES,CAMBIO ESPEJOS C/U,0.1
PLATINO 125,CAMBIO ESPEJOS C/U,0.1
PLATINO 125 - 5S,CAMBIO ESPEJOS C/U,0.1
PLATINO 100,CAMBIO ESPEJOS C/U,0.1
PLATINO 110,CAMBIO ESPEJOS C/U,0.1
FAMILLY,CAMBIO ESPEJOS C/U,0.1
MOTOCARRO 4T,CAMBIO ESPEJOS C/U,0.1
TORITO,CAMBIO ESPEJOS C/U,0.1
MOTOCARRO DIESEL,CAMBIO ESPEJOS C/U,0.1
KAZE MAX II,CAMBIO ESPEJOS C/U,0.1
ZX 130- MAGIC II,CAMBIO ESPEJOS C/U,0.1
KMX,CAMBIO ESPEJOS C/U,0.1
KLX 150,CAMBIO ESPEJOS C/U,0.1
KLX150  L,CAMBIO ESPEJOS C/U,0.1
KLX 250,CAMBIO ESPEJOS C/U,0.1
NINJA 250,CAMBIO ESPEJOS C/U,0.1
NINJA 250 FI,CAMBIO ESPEJOS C/U,0.1
Z250,CAMBIO ESPEJOS C/U,0.1
Z250 SL,CAMBIO ESPEJOS C/U,0.1
ER-6n,CAMBIO ESPEJOS C/U,0.1
TRANS-SPORT,CAMBIO ESPEJOS C/U,0.1
MRX 150,CAMBIO ESPEJOS C/U,0.1
FURAX,CAMBIO ESPEJOS C/U,0.1
BOMBER 125,CAMBIO ESPEJOS C/U,0.1
BOMBER 250,CAMBIO ESPEJOS C/U,0.1
COMBAT 125,CAMBIO ESPEJOS C/U,0.1
ZS,CAMBIO ESPEJOS C/U,0.1
LIFE,CAMBIO ESPEJOS C/U,0.1
HUNTER,CAMBIO ESPEJOS C/U,0.1
BLACK,CAMBIO ESPEJOS C/U,0.1
VENOM 400,CAMBIO ESPEJOS C/U,0.1
VENOM 250,CAMBIO ESPEJOS C/U,0.1
ONE,CAMBIO ESPEJOS C/U,0.1
FLOW,CAMBIO ESPEJOS C/U,0.1
ADVANCE II LF,CAMBIO ESPEJOS C/U,0.1
ZONTES 155,CAMBIO ESPEJOS C/U,0.5
ZONTES 310M,CAMBIO ESPEJOS C/U,0.3
SHOCK,CAMBIO ESPEJOS C/U,0.1
TNT150i,CAMBIO ESPEJOS C/U,0.1
180S,CAMBIO ESPEJOS C/U,0.1
TNT25N,CAMBIO ESPEJOS C/U,0.1
LEONCINO 500,CAMBIO ESPEJOS C/U,0.1
LEONCINO 250,CAMBIO ESPEJOS C/U,0.1
TRK 500X,CAMBIO ESPEJOS C/U,0.1
TRK 251,CAMBIO ESPEJOS C/U,0.1
302 S,CAMBIO ESPEJOS C/U,0.1
TOP BOY,CAMBIO GRIFO DE GASOLINA,1
AGILITY,CAMBIO GRIFO DE GASOLINA,1.3
AGILITY RS,CAMBIO GRIFO DE GASOLINA,1.3
AGILITY CITY 150,CAMBIO GRIFO DE GASOLINA,1.3
ACTIV,CAMBIO GRIFO DE GASOLINA,1.2
SPIKE,CAMBIO GRIFO DE GASOLINA,1.2
AGILITY RS  NAKED,CAMBIO GRIFO DE GASOLINA,1.3
SUPER 8,CAMBIO GRIFO DE GASOLINA,1
GACELA,CAMBIO GRIFO DE GASOLINA,1
CRUCERO             x-town 300,CAMBIO GRIFO DE GASOLINA,1.2
ROCKET,CAMBIO GRIFO DE GASOLINA,1.3
FLY 125,CAMBIO GRIFO DE GASOLINA,1.3
TWIST,CAMBIO GRIFO DE GASOLINA,1.3
JETIX,CAMBIO GRIFO DE GASOLINA,1.2
UNI-K 110,CAMBIO GRIFO DE GASOLINA,1.2
TRACK,CAMBIO GRIFO DE GASOLINA,1.2
PULSAR 135,CAMBIO GRIFO DE GASOLINA,0.8
Perseo,CAMBIO GRIFO DE GASOLINA,0.8
PULSAR,CAMBIO GRIFO DE GASOLINA,0.8
PULSAR 180 UG,CAMBIO GRIFO DE GASOLINA,0.8
PULSAR 150,CAMBIO GRIFO DE GASOLINA,0.8
THOR 160,CAMBIO GRIFO DE GASOLINA,0.8
PULSAR 200,CAMBIO GRIFO DE GASOLINA,0.8
PULSAR 150 NS,CAMBIO GRIFO DE GASOLINA,0.8
PULSAR 150 AS,CAMBIO GRIFO DE GASOLINA,1.1
PULSAR 200 AS,CAMBIO GRIFO DE GASOLINA,1.1
PULSAR 200 NS,CAMBIO GRIFO DE GASOLINA,0.8
PULSAR 220,CAMBIO GRIFO DE GASOLINA,0.8
AVENGER 220,CAMBIO GRIFO DE GASOLINA,0.8
XCD,CAMBIO GRIFO DE GASOLINA,0.8
DISCOVER 100,CAMBIO GRIFO DE GASOLINA,0.8
DISCOVER 135,CAMBIO GRIFO DE GASOLINA,0.8
BOXER,CAMBIO GRIFO DE GASOLINA,0.8
LEXUS,CAMBIO GRIFO DE GASOLINA,0.8
DISCOVER 100 5S,CAMBIO GRIFO DE GASOLINA,0.8
DISCOVER 150,CAMBIO GRIFO DE GASOLINA,0.8
CHAMPION,CAMBIO GRIFO DE GASOLINA,0.8
DISCOVER 125 ST,CAMBIO GRIFO DE GASOLINA,0.8
BOXER BM 100,CAMBIO GRIFO DE GASOLINA,0.8
BOXER BM 150,CAMBIO GRIFO DE GASOLINA,0.8
BOXER BM 100 ES,CAMBIO GRIFO DE GASOLINA,0.8
PLATINO 125,CAMBIO GRIFO DE GASOLINA,0.8
PLATINO 125 - 5S,CAMBIO GRIFO DE GASOLINA,0.8
PLATINO 100,CAMBIO GRIFO DE GASOLINA,0.8
PLATINO 110,CAMBIO GRIFO DE GASOLINA,0.8
FAMILLY,CAMBIO GRIFO DE GASOLINA,0.8
MOTOCARRO 4T,CAMBIO GRIFO DE GASOLINA,1
TORITO,CAMBIO GRIFO DE GASOLINA,1
KAZE MAX II,CAMBIO GRIFO DE GASOLINA,1
ZX 130- MAGIC II,CAMBIO GRIFO DE GASOLINA,1.2
KMX,CAMBIO GRIFO DE GASOLINA,0.8
KLX 150,CAMBIO GRIFO DE GASOLINA,0.8
KLX150  L,CAMBIO GRIFO DE GASOLINA,0.8
TRANS-SPORT,CAMBIO GRIFO DE GASOLINA,1
MRX 150,CAMBIO GRIFO DE GASOLINA,0.8
FURAX,CAMBIO GRIFO DE GASOLINA,0.8
BOMBER 125,CAMBIO GRIFO DE GASOLINA,1
COMBAT 125,CAMBIO GRIFO DE GASOLINA,1
ZS,CAMBIO GRIFO DE GASOLINA,1
LIFE,CAMBIO GRIFO DE GASOLINA,1.3
BLACK,CAMBIO GRIFO DE GASOLINA,1.2
VENOM 250,CAMBIO GRIFO DE GASOLINA,0.8
ONE,CAMBIO GRIFO DE GASOLINA,1.2
FLOW,CAMBIO GRIFO DE GASOLINA,1.2
ADVANCE II LF,CAMBIO GRIFO DE GASOLINA,1.2
SHOCK,CAMBIO GRIFO DE GASOLINA,1.2
TOP BOY,CAMBIO Y/O REPARACIÓN DE TANQUE COMBUSTIBLE,1.5
AGILITY,CAMBIO Y/O REPARACIÓN DE TANQUE COMBUSTIBLE,1.5
AGILITY RS,CAMBIO Y/O REPARACIÓN DE TANQUE COMBUSTIBLE,1.5
AGILITY CITY 150,CAMBIO Y/O REPARACIÓN DE TANQUE COMBUSTIBLE,1.5
BET & WIN,CAMBIO Y/O REPARACIÓN DE TANQUE COMBUSTIBLE,2.5
ACTIV,CAMBIO Y/O REPARACIÓN DE TANQUE COMBUSTIBLE,1.5
SPIKE,CAMBIO Y/O REPARACIÓN DE TANQUE COMBUSTIBLE,1.5
AGILITY RS  NAKED,CAMBIO Y/O REPARACIÓN DE TANQUE COMBUSTIBLE,1.5
SUPER 8,CAMBIO Y/O REPARACIÓN DE TANQUE COMBUSTIBLE,1.5
GACELA,CAMBIO Y/O REPARACIÓN DE TANQUE COMBUSTIBLE,1.5
CRUCERO             x-town 300,CAMBIO Y/O REPARACIÓN DE TANQUE COMBUSTIBLE,2.5
ROCKET,CAMBIO Y/O REPARACIÓN DE TANQUE COMBUSTIBLE,1.5
FLY 125,CAMBIO Y/O REPARACIÓN DE TANQUE COMBUSTIBLE,1.5
TWIST,CAMBIO Y/O REPARACIÓN DE TANQUE COMBUSTIBLE,1.5
JETIX,CAMBIO Y/O REPARACIÓN DE TANQUE COMBUSTIBLE,1.5
UNI-K 110,CAMBIO Y/O REPARACIÓN DE TANQUE COMBUSTIBLE,1.5
TRACK,CAMBIO Y/O REPARACIÓN DE TANQUE COMBUSTIBLE,1.5
PULSAR 135,CAMBIO Y/O REPARACIÓN DE TANQUE COMBUSTIBLE,1
Perseo,CAMBIO Y/O REPARACIÓN DE TANQUE COMBUSTIBLE,1
PULSAR,CAMBIO Y/O REPARACIÓN DE TANQUE COMBUSTIBLE,1
PULSAR 180 UG,CAMBIO Y/O REPARACIÓN DE TANQUE COMBUSTIBLE,1
PULSAR 150,CAMBIO Y/O REPARACIÓN DE TANQUE COMBUSTIBLE,1
THOR 160,CAMBIO Y/O REPARACIÓN DE TANQUE COMBUSTIBLE,1.2
PULSAR 200,CAMBIO Y/O REPARACIÓN DE TANQUE COMBUSTIBLE,1.2
PULSAR 150 NS,CAMBIO Y/O REPARACIÓN DE TANQUE COMBUSTIBLE,1.2
PULSAR 150 AS,CAMBIO Y/O REPARACIÓN DE TANQUE COMBUSTIBLE,1.5
PULSAR 200 AS,CAMBIO Y/O REPARACIÓN DE TANQUE COMBUSTIBLE,1.5
PULSAR 200 NS,CAMBIO Y/O REPARACIÓN DE TANQUE COMBUSTIBLE,1.2
TITAN,CAMBIO Y/O REPARACIÓN DE TANQUE COMBUSTIBLE,1.5
PULSAR  RS 200,CAMBIO Y/O REPARACIÓN DE TANQUE COMBUSTIBLE,1.7
PULSAR 220,CAMBIO Y/O REPARACIÓN DE TANQUE COMBUSTIBLE,1
AVENGER 220,CAMBIO Y/O REPARACIÓN DE TANQUE COMBUSTIBLE,1
XCD,CAMBIO Y/O REPARACIÓN DE TANQUE COMBUSTIBLE,1
DISCOVER 100,CAMBIO Y/O REPARACIÓN DE TANQUE COMBUSTIBLE,1
DISCOVER 135,CAMBIO Y/O REPARACIÓN DE TANQUE COMBUSTIBLE,1
BOXER,CAMBIO Y/O REPARACIÓN DE TANQUE COMBUSTIBLE,1
LEXUS,CAMBIO Y/O REPARACIÓN DE TANQUE COMBUSTIBLE,1
DISCOVER 100 5S,CAMBIO Y/O REPARACIÓN DE TANQUE COMBUSTIBLE,1
DISCOVER 150,CAMBIO Y/O REPARACIÓN DE TANQUE COMBUSTIBLE,1
CHAMPION,CAMBIO Y/O REPARACIÓN DE TANQUE COMBUSTIBLE,1
DISCOVER 125 ST,CAMBIO Y/O REPARACIÓN DE TANQUE COMBUSTIBLE,1
BOXER BM 100,CAMBIO Y/O REPARACIÓN DE TANQUE COMBUSTIBLE,1
BOXER BM 150,CAMBIO Y/O REPARACIÓN DE TANQUE COMBUSTIBLE,1
BOXER BM 100 ES,CAMBIO Y/O REPARACIÓN DE TANQUE COMBUSTIBLE,1
PLATINO 125,CAMBIO Y/O REPARACIÓN DE TANQUE COMBUSTIBLE,1
PLATINO 125 - 5S,CAMBIO Y/O REPARACIÓN DE TANQUE COMBUSTIBLE,1
PLATINO 100,CAMBIO Y/O REPARACIÓN DE TANQUE COMBUSTIBLE,1
PLATINO 110,CAMBIO Y/O REPARACIÓN DE TANQUE COMBUSTIBLE,1
FAMILLY,CAMBIO Y/O REPARACIÓN DE TANQUE COMBUSTIBLE,1
MOTOCARRO 4T,CAMBIO Y/O REPARACIÓN DE TANQUE COMBUSTIBLE,0.5
TORITO,CAMBIO Y/O REPARACIÓN DE TANQUE COMBUSTIBLE,0.5
KAZE MAX II,CAMBIO Y/O REPARACIÓN DE TANQUE COMBUSTIBLE,1.5
ZX 130- MAGIC II,CAMBIO Y/O REPARACIÓN DE TANQUE COMBUSTIBLE,1.5
KMX,CAMBIO Y/O REPARACIÓN DE TANQUE COMBUSTIBLE,1
KLX 150,CAMBIO Y/O REPARACIÓN DE TANQUE COMBUSTIBLE,1
KLX150  L,CAMBIO Y/O REPARACIÓN DE TANQUE COMBUSTIBLE,1
KLX 250,CAMBIO Y/O REPARACIÓN DE TANQUE COMBUSTIBLE,1
NINJA 250,CAMBIO Y/O REPARACIÓN DE TANQUE COMBUSTIBLE,1.5
NINJA 250 FI,CAMBIO Y/O REPARACIÓN DE TANQUE COMBUSTIBLE,1.5
Z250,CAMBIO Y/O REPARACIÓN DE TANQUE COMBUSTIBLE,1.3
Z250 SL,CAMBIO Y/O REPARACIÓN DE TANQUE COMBUSTIBLE,1.3
ER-6n,CAMBIO Y/O REPARACIÓN DE TANQUE COMBUSTIBLE,1.3
TRANS-SPORT,CAMBIO Y/O REPARACIÓN DE TANQUE COMBUSTIBLE,1.5
MRX 150,CAMBIO Y/O REPARACIÓN DE TANQUE COMBUSTIBLE,1
FURAX,CAMBIO Y/O REPARACIÓN DE TANQUE COMBUSTIBLE,1
BOMBER 125,CAMBIO Y/O REPARACIÓN DE TANQUE COMBUSTIBLE,1
BOMBER 250,CAMBIO Y/O REPARACIÓN DE TANQUE COMBUSTIBLE,0.3
COMBAT 125,CAMBIO Y/O REPARACIÓN DE TANQUE COMBUSTIBLE,1
ZS,CAMBIO Y/O REPARACIÓN DE TANQUE COMBUSTIBLE,1.5
LIFE,CAMBIO Y/O REPARACIÓN DE TANQUE COMBUSTIBLE,1.5
HUNTER,CAMBIO Y/O REPARACIÓN DE TANQUE COMBUSTIBLE,1
BLACK,CAMBIO Y/O REPARACIÓN DE TANQUE COMBUSTIBLE,2.5
VENOM 400,CAMBIO Y/O REPARACIÓN DE TANQUE COMBUSTIBLE,1
VENOM 250,CAMBIO Y/O REPARACIÓN DE TANQUE COMBUSTIBLE,1.2
ONE,CAMBIO Y/O REPARACIÓN DE TANQUE COMBUSTIBLE,1.5
FLOW,CAMBIO Y/O REPARACIÓN DE TANQUE COMBUSTIBLE,1
ADVANCE II LF,CAMBIO Y/O REPARACIÓN DE TANQUE COMBUSTIBLE,1
ZONTES 155,CAMBIO Y/O REPARACIÓN DE TANQUE COMBUSTIBLE,1.3
ZONTES 310M,CAMBIO Y/O REPARACIÓN DE TANQUE COMBUSTIBLE,5
SHOCK,CAMBIO Y/O REPARACIÓN DE TANQUE COMBUSTIBLE,1
TNT150i,CAMBIO Y/O REPARACIÓN DE TANQUE COMBUSTIBLE,1.3
180S,CAMBIO Y/O REPARACIÓN DE TANQUE COMBUSTIBLE,1.3
TNT25N,CAMBIO Y/O REPARACIÓN DE TANQUE COMBUSTIBLE,1.3
LEONCINO 500,CAMBIO Y/O REPARACIÓN DE TANQUE COMBUSTIBLE,1.3
LEONCINO 250,CAMBIO Y/O REPARACIÓN DE TANQUE COMBUSTIBLE,1.3
TRK 500X,CAMBIO Y/O REPARACIÓN DE TANQUE COMBUSTIBLE,1.3
TRK 251,CAMBIO Y/O REPARACIÓN DE TANQUE COMBUSTIBLE,1.3
302 S,CAMBIO Y/O REPARACIÓN DE TANQUE COMBUSTIBLE,1.3
TOP BOY,CAMBIO Y/O REVISIÓN DE SENSOR DE NIVEL DE GASOLINA DEL TANQUE,0.5
AGILITY,CAMBIO Y/O REVISIÓN DE SENSOR DE NIVEL DE GASOLINA DEL TANQUE,0.5
AGILITY RS,CAMBIO Y/O REVISIÓN DE SENSOR DE NIVEL DE GASOLINA DEL TANQUE,0.5
AGILITY CITY 150,CAMBIO Y/O REVISIÓN DE SENSOR DE NIVEL DE GASOLINA DEL TANQUE,0.5
BET & WIN,CAMBIO Y/O REVISIÓN DE SENSOR DE NIVEL DE GASOLINA DEL TANQUE,2
ACTIV,CAMBIO Y/O REVISIÓN DE SENSOR DE NIVEL DE GASOLINA DEL TANQUE,0.5
SPIKE,CAMBIO Y/O REVISIÓN DE SENSOR DE NIVEL DE GASOLINA DEL TANQUE,0.5
AGILITY RS  NAKED,CAMBIO Y/O REVISIÓN DE SENSOR DE NIVEL DE GASOLINA DEL TANQUE,0.5
SUPER 8,CAMBIO Y/O REVISIÓN DE SENSOR DE NIVEL DE GASOLINA DEL TANQUE,0.5
GACELA,CAMBIO Y/O REVISIÓN DE SENSOR DE NIVEL DE GASOLINA DEL TANQUE,0.5
CRUCERO             x-town 300,CAMBIO Y/O REVISIÓN DE SENSOR DE NIVEL DE GASOLINA DEL TANQUE,2
ROCKET,CAMBIO Y/O REVISIÓN DE SENSOR DE NIVEL DE GASOLINA DEL TANQUE,0.5
FLY 125,CAMBIO Y/O REVISIÓN DE SENSOR DE NIVEL DE GASOLINA DEL TANQUE,0.5
TWIST,CAMBIO Y/O REVISIÓN DE SENSOR DE NIVEL DE GASOLINA DEL TANQUE,0.5
JETIX,CAMBIO Y/O REVISIÓN DE SENSOR DE NIVEL DE GASOLINA DEL TANQUE,0.5
UNI-K 110,CAMBIO Y/O REVISIÓN DE SENSOR DE NIVEL DE GASOLINA DEL TANQUE,0.5
TRACK,CAMBIO Y/O REVISIÓN DE SENSOR DE NIVEL DE GASOLINA DEL TANQUE,0.5
PULSAR 135,CAMBIO Y/O REVISIÓN DE SENSOR DE NIVEL DE GASOLINA DEL TANQUE,1
Perseo,CAMBIO Y/O REVISIÓN DE SENSOR DE NIVEL DE GASOLINA DEL TANQUE,1
PULSAR,CAMBIO Y/O REVISIÓN DE SENSOR DE NIVEL DE GASOLINA DEL TANQUE,1
PULSAR 180 UG,CAMBIO Y/O REVISIÓN DE SENSOR DE NIVEL DE GASOLINA DEL TANQUE,1
PULSAR 150,CAMBIO Y/O REVISIÓN DE SENSOR DE NIVEL DE GASOLINA DEL TANQUE,1
THOR 160,CAMBIO Y/O REVISIÓN DE SENSOR DE NIVEL DE GASOLINA DEL TANQUE,1.2
PULSAR 200,CAMBIO Y/O REVISIÓN DE SENSOR DE NIVEL DE GASOLINA DEL TANQUE,1.2
PULSAR 150 NS,CAMBIO Y/O REVISIÓN DE SENSOR DE NIVEL DE GASOLINA DEL TANQUE,1.2
PULSAR 150 AS,CAMBIO Y/O REVISIÓN DE SENSOR DE NIVEL DE GASOLINA DEL TANQUE,1.5
PULSAR 200 AS,CAMBIO Y/O REVISIÓN DE SENSOR DE NIVEL DE GASOLINA DEL TANQUE,1.5
PULSAR 200 NS,CAMBIO Y/O REVISIÓN DE SENSOR DE NIVEL DE GASOLINA DEL TANQUE,1.2
TITAN,CAMBIO Y/O REVISIÓN DE SENSOR DE NIVEL DE GASOLINA DEL TANQUE,1.5
PULSAR  RS 200,CAMBIO Y/O REVISIÓN DE SENSOR DE NIVEL DE GASOLINA DEL TANQUE,1.7
PULSAR 220,CAMBIO Y/O REVISIÓN DE SENSOR DE NIVEL DE GASOLINA DEL TANQUE,1
AVENGER 220,CAMBIO Y/O REVISIÓN DE SENSOR DE NIVEL DE GASOLINA DEL TANQUE,1
XCD,CAMBIO Y/O REVISIÓN DE SENSOR DE NIVEL DE GASOLINA DEL TANQUE,1
DISCOVER 100,CAMBIO Y/O REVISIÓN DE SENSOR DE NIVEL DE GASOLINA DEL TANQUE,1
DISCOVER 135,CAMBIO Y/O REVISIÓN DE SENSOR DE NIVEL DE GASOLINA DEL TANQUE,1
DISCOVER 100 5S,CAMBIO Y/O REVISIÓN DE SENSOR DE NIVEL DE GASOLINA DEL TANQUE,1
DISCOVER 150,CAMBIO Y/O REVISIÓN DE SENSOR DE NIVEL DE GASOLINA DEL TANQUE,1
CHAMPION,CAMBIO Y/O REVISIÓN DE SENSOR DE NIVEL DE GASOLINA DEL TANQUE,1
DISCOVER 125 ST,CAMBIO Y/O REVISIÓN DE SENSOR DE NIVEL DE GASOLINA DEL TANQUE,1
BOXER BM 100,CAMBIO Y/O REVISIÓN DE SENSOR DE NIVEL DE GASOLINA DEL TANQUE,1
BOXER BM 150,CAMBIO Y/O REVISIÓN DE SENSOR DE NIVEL DE GASOLINA DEL TANQUE,1
BOXER BM 100 ES,CAMBIO Y/O REVISIÓN DE SENSOR DE NIVEL DE GASOLINA DEL TANQUE,1
PLATINO 125,CAMBIO Y/O REVISIÓN DE SENSOR DE NIVEL DE GASOLINA DEL TANQUE,1
PLATINO 125 - 5S,CAMBIO Y/O REVISIÓN DE SENSOR DE NIVEL DE GASOLINA DEL TANQUE,1
PLATINO 100,CAMBIO Y/O REVISIÓN DE SENSOR DE NIVEL DE GASOLINA DEL TANQUE,1
PLATINO 110,CAMBIO Y/O REVISIÓN DE SENSOR DE NIVEL DE GASOLINA DEL TANQUE,1
FAMILLY,CAMBIO Y/O REVISIÓN DE SENSOR DE NIVEL DE GASOLINA DEL TANQUE,1
KAZE MAX II,CAMBIO Y/O REVISIÓN DE SENSOR DE NIVEL DE GASOLINA DEL TANQUE,0.8
ZX 130- MAGIC II,CAMBIO Y/O REVISIÓN DE SENSOR DE NIVEL DE GASOLINA DEL TANQUE,1
KLX 250,CAMBIO Y/O REVISIÓN DE SENSOR DE NIVEL DE GASOLINA DEL TANQUE,1.5
NINJA 250,CAMBIO Y/O REVISIÓN DE SENSOR DE NIVEL DE GASOLINA DEL TANQUE,1.5
NINJA 250 FI,CAMBIO Y/O REVISIÓN DE SENSOR DE NIVEL DE GASOLINA DEL TANQUE,1.5
Z250,CAMBIO Y/O REVISIÓN DE SENSOR DE NIVEL DE GASOLINA DEL TANQUE,1.3
Z250 SL,CAMBIO Y/O REVISIÓN DE SENSOR DE NIVEL DE GASOLINA DEL TANQUE,1.3
ER-6n,CAMBIO Y/O REVISIÓN DE SENSOR DE NIVEL DE GASOLINA DEL TANQUE,1.3
TRANS-SPORT,CAMBIO Y/O REVISIÓN DE SENSOR DE NIVEL DE GASOLINA DEL TANQUE,0.8
MRX 150,CAMBIO Y/O REVISIÓN DE SENSOR DE NIVEL DE GASOLINA DEL TANQUE,1
BOMBER 125,CAMBIO Y/O REVISIÓN DE SENSOR DE NIVEL DE GASOLINA DEL TANQUE,1.3
BOMBER 250,CAMBIO Y/O REVISIÓN DE SENSOR DE NIVEL DE GASOLINA DEL TANQUE,1
COMBAT 125,CAMBIO Y/O REVISIÓN DE SENSOR DE NIVEL DE GASOLINA DEL TANQUE,1.3
ZS,CAMBIO Y/O REVISIÓN DE SENSOR DE NIVEL DE GASOLINA DEL TANQUE,0.5
LIFE,CAMBIO Y/O REVISIÓN DE SENSOR DE NIVEL DE GASOLINA DEL TANQUE,0.5
HUNTER,CAMBIO Y/O REVISIÓN DE SENSOR DE NIVEL DE GASOLINA DEL TANQUE,1
BLACK,CAMBIO Y/O REVISIÓN DE SENSOR DE NIVEL DE GASOLINA DEL TANQUE,2
VENOM 400,CAMBIO Y/O REVISIÓN DE SENSOR DE NIVEL DE GASOLINA DEL TANQUE,0.7
VENOM 250,CAMBIO Y/O REVISIÓN DE SENSOR DE NIVEL DE GASOLINA DEL TANQUE,1.2
ONE,CAMBIO Y/O REVISIÓN DE SENSOR DE NIVEL DE GASOLINA DEL TANQUE,0.5
FLOW,CAMBIO Y/O REVISIÓN DE SENSOR DE NIVEL DE GASOLINA DEL TANQUE,0.5
ADVANCE II LF,CAMBIO Y/O REVISIÓN DE SENSOR DE NIVEL DE GASOLINA DEL TANQUE,0.5
ZONTES 155,CAMBIO Y/O REVISIÓN DE SENSOR DE NIVEL DE GASOLINA DEL TANQUE,1.3
ZONTES 310M,CAMBIO Y/O REVISIÓN DE SENSOR DE NIVEL DE GASOLINA DEL TANQUE,2
SHOCK,CAMBIO Y/O REVISIÓN DE SENSOR DE NIVEL DE GASOLINA DEL TANQUE,0.5
TNT150i,CAMBIO Y/O REVISIÓN DE SENSOR DE NIVEL DE GASOLINA DEL TANQUE,1.3
180S,CAMBIO Y/O REVISIÓN DE SENSOR DE NIVEL DE GASOLINA DEL TANQUE,1.3
TNT25N,CAMBIO Y/O REVISIÓN DE SENSOR DE NIVEL DE GASOLINA DEL TANQUE,1.3
LEONCINO 500,CAMBIO Y/O REVISIÓN DE SENSOR DE NIVEL DE GASOLINA DEL TANQUE,1.3
LEONCINO 250,CAMBIO Y/O REVISIÓN DE SENSOR DE NIVEL DE GASOLINA DEL TANQUE,1.3
TRK 500X,CAMBIO Y/O REVISIÓN DE SENSOR DE NIVEL DE GASOLINA DEL TANQUE,1.3
TRK 251,CAMBIO Y/O REVISIÓN DE SENSOR DE NIVEL DE GASOLINA DEL TANQUE,1.3
302 S,CAMBIO Y/O REVISIÓN DE SENSOR DE NIVEL DE GASOLINA DEL TANQUE,1.3
TOP BOY,CAMBIO TAPA GASOLINA,0.1
AGILITY,CAMBIO TAPA GASOLINA,0.1
AGILITY RS,CAMBIO TAPA GASOLINA,0.1
AGILITY CITY 150,CAMBIO TAPA GASOLINA,0.1
BET & WIN,CAMBIO TAPA GASOLINA,1
ACTIV,CAMBIO TAPA GASOLINA,0.1
SPIKE,CAMBIO TAPA GASOLINA,0.1
AGILITY RS  NAKED,CAMBIO TAPA GASOLINA,0.1
SUPER 8,CAMBIO TAPA GASOLINA,0.1
GACELA,CAMBIO TAPA GASOLINA,0.1
CRUCERO             x-town 300,CAMBIO TAPA GASOLINA,0.2
ROCKET,CAMBIO TAPA GASOLINA,0.1
FLY 125,CAMBIO TAPA GASOLINA,0.1
TWIST,CAMBIO TAPA GASOLINA,0.1
JETIX,CAMBIO TAPA GASOLINA,0.1
UNI-K 110,CAMBIO TAPA GASOLINA,0.1
TRACK,CAMBIO TAPA GASOLINA,0.1
PULSAR 135,CAMBIO TAPA GASOLINA,0.3
Perseo,CAMBIO TAPA GASOLINA,0.3
PULSAR,CAMBIO TAPA GASOLINA,0.3
PULSAR 180 UG,CAMBIO TAPA GASOLINA,0.3
PULSAR 150,CAMBIO TAPA GASOLINA,0.3
THOR 160,CAMBIO TAPA GASOLINA,0.3
PULSAR 200,CAMBIO TAPA GASOLINA,0.3
PULSAR 150 NS,CAMBIO TAPA GASOLINA,0.3
PULSAR 150 AS,CAMBIO TAPA GASOLINA,0.3
PULSAR 200 AS,CAMBIO TAPA GASOLINA,0.3
PULSAR 200 NS,CAMBIO TAPA GASOLINA,0.3
TITAN,CAMBIO TAPA GASOLINA,0.5
PULSAR  RS 200,CAMBIO TAPA GASOLINA,0.8
PULSAR 220,CAMBIO TAPA GASOLINA,0.3
AVENGER 220,CAMBIO TAPA GASOLINA,0.3
XCD,CAMBIO TAPA GASOLINA,0.3
DISCOVER 100,CAMBIO TAPA GASOLINA,0.3
DISCOVER 135,CAMBIO TAPA GASOLINA,0.3
BOXER,CAMBIO TAPA GASOLINA,0.3
LEXUS,CAMBIO TAPA GASOLINA,0.3
DISCOVER 100 5S,CAMBIO TAPA GASOLINA,0.3
DISCOVER 150,CAMBIO TAPA GASOLINA,0.3
CHAMPION,CAMBIO TAPA GASOLINA,0.3
DISCOVER 125 ST,CAMBIO TAPA GASOLINA,0.3
BOXER BM 100,CAMBIO TAPA GASOLINA,0.3
BOXER BM 150,CAMBIO TAPA GASOLINA,0.3
BOXER BM 100 ES,CAMBIO TAPA GASOLINA,0.3
PLATINO 125,CAMBIO TAPA GASOLINA,0.3
PLATINO 125 - 5S,CAMBIO TAPA GASOLINA,0.3
PLATINO 100,CAMBIO TAPA GASOLINA,0.3
PLATINO 110,CAMBIO TAPA GASOLINA,0.3
FAMILLY,CAMBIO TAPA GASOLINA,0.3
MOTOCARRO 4T,CAMBIO TAPA GASOLINA,0.1
TORITO,CAMBIO TAPA GASOLINA,0.1
KAZE MAX II,CAMBIO TAPA GASOLINA,0.3
ZX 130- MAGIC II,CAMBIO TAPA GASOLINA,0.1
KMX,CAMBIO TAPA GASOLINA,0.3
KLX 150,CAMBIO TAPA GASOLINA,0.3
KLX150  L,CAMBIO TAPA GASOLINA,0.3
KLX 250,CAMBIO TAPA GASOLINA,0.3
NINJA 250,CAMBIO TAPA GASOLINA,0.3
NINJA 250 FI,CAMBIO TAPA GASOLINA,0.3
Z250,CAMBIO TAPA GASOLINA,0.3
Z250 SL,CAMBIO TAPA GASOLINA,0.3
ER-6n,CAMBIO TAPA GASOLINA,0.3
TRANS-SPORT,CAMBIO TAPA GASOLINA,0.3
MRX 150,CAMBIO TAPA GASOLINA,0.3
FURAX,CAMBIO TAPA GASOLINA,0.3
BOMBER 125,CAMBIO TAPA GASOLINA,0.3
BOMBER 250,CAMBIO TAPA GASOLINA,0.5
COMBAT 125,CAMBIO TAPA GASOLINA,0.3
ZS,CAMBIO TAPA GASOLINA,0.1
LIFE,CAMBIO TAPA GASOLINA,0.1
HUNTER,CAMBIO TAPA GASOLINA,0.2
BLACK,CAMBIO TAPA GASOLINA,0.2
VENOM 400,CAMBIO TAPA GASOLINA,0.3
VENOM 250,CAMBIO TAPA GASOLINA,0.3
ONE,CAMBIO TAPA GASOLINA,0.1
FLOW,CAMBIO TAPA GASOLINA,0.1
ADVANCE II LF,CAMBIO TAPA GASOLINA,0.1
ZONTES 155,CAMBIO TAPA GASOLINA,0.3
ZONTES 310M,CAMBIO TAPA GASOLINA,0.2
SHOCK,CAMBIO TAPA GASOLINA,0.1
TNT150i,CAMBIO TAPA GASOLINA,0.3
180S,CAMBIO TAPA GASOLINA,0.3
TNT25N,CAMBIO TAPA GASOLINA,0.3
LEONCINO 500,CAMBIO TAPA GASOLINA,0.3
LEONCINO 250,CAMBIO TAPA GASOLINA,0.3
TRK 500X,CAMBIO TAPA GASOLINA,0.3
TRK 251,CAMBIO TAPA GASOLINA,0.3
302 S,CAMBIO TAPA GASOLINA,0.3
BET & WIN,CAMBIO Y/O REPARACION DE BOMBA DE GASOLINA,1
SPIKE,CAMBIO Y/O REPARACION DE BOMBA DE GASOLINA,0.8
TITAN,CAMBIO Y/O REPARACION DE BOMBA DE GASOLINA,1.5
PULSAR  RS 200,CAMBIO Y/O REPARACION DE BOMBA DE GASOLINA,1.7
KLX 250,CAMBIO Y/O REPARACION DE BOMBA DE GASOLINA,1.3
NINJA 250 FI,CAMBIO Y/O REPARACION DE BOMBA DE GASOLINA,1.3
Z250,CAMBIO Y/O REPARACION DE BOMBA DE GASOLINA,1.3
Z250 SL,CAMBIO Y/O REPARACION DE BOMBA DE GASOLINA,1.3
ER-6n,CAMBIO Y/O REPARACION DE BOMBA DE GASOLINA,1.3
BOMBER 250,CAMBIO Y/O REPARACION DE BOMBA DE GASOLINA,1
HUNTER,CAMBIO Y/O REPARACION DE BOMBA DE GASOLINA,1.5
VENOM 400,CAMBIO Y/O REPARACION DE BOMBA DE GASOLINA,0.8
ZONTES 155,CAMBIO Y/O REPARACION DE BOMBA DE GASOLINA,1.3
ZONTES 310M,CAMBIO Y/O REPARACION DE BOMBA DE GASOLINA,2
TNT150i,CAMBIO Y/O REPARACION DE BOMBA DE GASOLINA,1.3
180S,CAMBIO Y/O REPARACION DE BOMBA DE GASOLINA,1.3
TNT25N,CAMBIO Y/O REPARACION DE BOMBA DE GASOLINA,1.3
LEONCINO 500,CAMBIO Y/O REPARACION DE BOMBA DE GASOLINA,1.3
LEONCINO 250,CAMBIO Y/O REPARACION DE BOMBA DE GASOLINA,1.3
TRK 500X,CAMBIO Y/O REPARACION DE BOMBA DE GASOLINA,1.3
TRK 251,CAMBIO Y/O REPARACION DE BOMBA DE GASOLINA,1.3
302 S,CAMBIO Y/O REPARACION DE BOMBA DE GASOLINA,1.3
TOP BOY,CAMBIO DE CONDUCTOS DE GASOLINA,0.5
AGILITY,CAMBIO DE CONDUCTOS DE GASOLINA,0.5
AGILITY RS,CAMBIO DE CONDUCTOS DE GASOLINA,0.5
AGILITY CITY 150,CAMBIO DE CONDUCTOS DE GASOLINA,0.5
BET & WIN,CAMBIO DE CONDUCTOS DE GASOLINA,0.6
ACTIV,CAMBIO DE CONDUCTOS DE GASOLINA,0.5
SPIKE,CAMBIO DE CONDUCTOS DE GASOLINA,0.5
AGILITY RS  NAKED,CAMBIO DE CONDUCTOS DE GASOLINA,0.5
SUPER 8,CAMBIO DE CONDUCTOS DE GASOLINA,0.5
GACELA,CAMBIO DE CONDUCTOS DE GASOLINA,0.5
CRUCERO             x-town 300,CAMBIO DE CONDUCTOS DE GASOLINA,1
ROCKET,CAMBIO DE CONDUCTOS DE GASOLINA,0.5
FLY 125,CAMBIO DE CONDUCTOS DE GASOLINA,0.5
TWIST,CAMBIO DE CONDUCTOS DE GASOLINA,0.5
JETIX,CAMBIO DE CONDUCTOS DE GASOLINA,0.5
UNI-K 110,CAMBIO DE CONDUCTOS DE GASOLINA,0.5
TRACK,CAMBIO DE CONDUCTOS DE GASOLINA,0.5
PULSAR 135,CAMBIO DE CONDUCTOS DE GASOLINA,0.1
Perseo,CAMBIO DE CONDUCTOS DE GASOLINA,0.1
PULSAR,CAMBIO DE CONDUCTOS DE GASOLINA,0.1
PULSAR 180 UG,CAMBIO DE CONDUCTOS DE GASOLINA,0.1
PULSAR 150,CAMBIO DE CONDUCTOS DE GASOLINA,0.1
THOR 160,CAMBIO DE CONDUCTOS DE GASOLINA,0.2
PULSAR 200,CAMBIO DE CONDUCTOS DE GASOLINA,0.1
PULSAR 150 NS,CAMBIO DE CONDUCTOS DE GASOLINA,0.2
PULSAR 150 AS,CAMBIO DE CONDUCTOS DE GASOLINA,0.5
PULSAR 200 AS,CAMBIO DE CONDUCTOS DE GASOLINA,0.5
PULSAR 200 NS,CAMBIO DE CONDUCTOS DE GASOLINA,0.2
TITAN,CAMBIO DE CONDUCTOS DE GASOLINA,0.5
PULSAR  RS 200,CAMBIO DE CONDUCTOS DE GASOLINA,0.7
PULSAR 220,CAMBIO DE CONDUCTOS DE GASOLINA,0.1
AVENGER 220,CAMBIO DE CONDUCTOS DE GASOLINA,0.1
XCD,CAMBIO DE CONDUCTOS DE GASOLINA,0.1
DISCOVER 100,CAMBIO DE CONDUCTOS DE GASOLINA,0.1
DISCOVER 135,CAMBIO DE CONDUCTOS DE GASOLINA,0.1
BOXER,CAMBIO DE CONDUCTOS DE GASOLINA,0.1
LEXUS,CAMBIO DE CONDUCTOS DE GASOLINA,0.1
DISCOVER 100 5S,CAMBIO DE CONDUCTOS DE GASOLINA,0.1
DISCOVER 150,CAMBIO DE CONDUCTOS DE GASOLINA,0.1
CHAMPION,CAMBIO DE CONDUCTOS DE GASOLINA,0.1
DISCOVER 125 ST,CAMBIO DE CONDUCTOS DE GASOLINA,0.1
BOXER BM 100,CAMBIO DE CONDUCTOS DE GASOLINA,0.1
BOXER BM 150,CAMBIO DE CONDUCTOS DE GASOLINA,0.1
BOXER BM 100 ES,CAMBIO DE CONDUCTOS DE GASOLINA,0.1
PLATINO 125,CAMBIO DE CONDUCTOS DE GASOLINA,0.1
PLATINO 125 - 5S,CAMBIO DE CONDUCTOS DE GASOLINA,0.1
PLATINO 100,CAMBIO DE CONDUCTOS DE GASOLINA,0.1
PLATINO 110,CAMBIO DE CONDUCTOS DE GASOLINA,0.1
FAMILLY,CAMBIO DE CONDUCTOS DE GASOLINA,0.1
MOTOCARRO 4T,CAMBIO DE CONDUCTOS DE GASOLINA,0.2
TORITO,CAMBIO DE CONDUCTOS DE GASOLINA,0.2
KAZE MAX II,CAMBIO DE CONDUCTOS DE GASOLINA,0.6
ZX 130- MAGIC II,CAMBIO DE CONDUCTOS DE GASOLINA,0.5
KMX,CAMBIO DE CONDUCTOS DE GASOLINA,0.1
KLX 150,CAMBIO DE CONDUCTOS DE GASOLINA,0.1
KLX150  L,CAMBIO DE CONDUCTOS DE GASOLINA,0.1
KLX 250,CAMBIO DE CONDUCTOS DE GASOLINA,0.5
NINJA 250,CAMBIO DE CONDUCTOS DE GASOLINA,0.5
NINJA 250 FI,CAMBIO DE CONDUCTOS DE GASOLINA,0.5
Z250,CAMBIO DE CONDUCTOS DE GASOLINA,0.5
Z250 SL,CAMBIO DE CONDUCTOS DE GASOLINA,0.5
ER-6n,CAMBIO DE CONDUCTOS DE GASOLINA,0.5
TRANS-SPORT,CAMBIO DE CONDUCTOS DE GASOLINA,0.6
MRX 150,CAMBIO DE CONDUCTOS DE GASOLINA,0.1
FURAX,CAMBIO DE CONDUCTOS DE GASOLINA,0.1
BOMBER 125,CAMBIO DE CONDUCTOS DE GASOLINA,0.3
BOMBER 250,CAMBIO DE CONDUCTOS DE GASOLINA,0.3
COMBAT 125,CAMBIO DE CONDUCTOS DE GASOLINA,0.3
ZS,CAMBIO DE CONDUCTOS DE GASOLINA,0.5
LIFE,CAMBIO DE CONDUCTOS DE GASOLINA,0.5
HUNTER,CAMBIO DE CONDUCTOS DE GASOLINA,1.1
BLACK,CAMBIO DE CONDUCTOS DE GASOLINA,1
VENOM 400,CAMBIO DE CONDUCTOS DE GASOLINA,0.5
VENOM 250,CAMBIO DE CONDUCTOS DE GASOLINA,0.2
ONE,CAMBIO DE CONDUCTOS DE GASOLINA,0.5
FLOW,CAMBIO DE CONDUCTOS DE GASOLINA,0.5
ADVANCE II LF,CAMBIO DE CONDUCTOS DE GASOLINA,0.5
ZONTES 155,CAMBIO DE CONDUCTOS DE GASOLINA,0.5
ZONTES 310M,CAMBIO DE CONDUCTOS DE GASOLINA,1
SHOCK,CAMBIO DE CONDUCTOS DE GASOLINA,0.5
TNT150i,CAMBIO DE CONDUCTOS DE GASOLINA,0.5
180S,CAMBIO DE CONDUCTOS DE GASOLINA,0.5
TNT25N,CAMBIO DE CONDUCTOS DE GASOLINA,0.5
LEONCINO 500,CAMBIO DE CONDUCTOS DE GASOLINA,0.5
LEONCINO 250,CAMBIO DE CONDUCTOS DE GASOLINA,0.5
TRK 500X,CAMBIO DE CONDUCTOS DE GASOLINA,0.5
TRK 251,CAMBIO DE CONDUCTOS DE GASOLINA,0.5
302 S,CAMBIO DE CONDUCTOS DE GASOLINA,0.5
TOP BOY,CAMBIO CARENAJE MANUBRIO FRONTAL,0.3
AGILITY,CAMBIO CARENAJE MANUBRIO FRONTAL,0.3
AGILITY RS,CAMBIO CARENAJE MANUBRIO FRONTAL,0.3
AGILITY CITY 150,CAMBIO CARENAJE MANUBRIO FRONTAL,0.3
BET & WIN,CAMBIO CARENAJE MANUBRIO FRONTAL,0.3
ACTIV,CAMBIO CARENAJE MANUBRIO FRONTAL,0.3
SPIKE,CAMBIO CARENAJE MANUBRIO FRONTAL,0.3
AGILITY RS  NAKED,CAMBIO CARENAJE MANUBRIO FRONTAL,0.3
SUPER 8,CAMBIO CARENAJE MANUBRIO FRONTAL,0.5
GACELA,CAMBIO CARENAJE MANUBRIO FRONTAL,0.5
CRUCERO             x-town 300,CAMBIO CARENAJE MANUBRIO FRONTAL,0.5
ROCKET,CAMBIO CARENAJE MANUBRIO FRONTAL,0.3
FLY 125,CAMBIO CARENAJE MANUBRIO FRONTAL,0.3
TWIST,CAMBIO CARENAJE MANUBRIO FRONTAL,0.3
JETIX,CAMBIO CARENAJE MANUBRIO FRONTAL,0.3
UNI-K 110,CAMBIO CARENAJE MANUBRIO FRONTAL,0.3
KAZE MAX II,CAMBIO CARENAJE MANUBRIO FRONTAL,0.5
ZX 130- MAGIC II,CAMBIO CARENAJE MANUBRIO FRONTAL,0.3
TRANS-SPORT,CAMBIO CARENAJE MANUBRIO FRONTAL,0.5
ZS,CAMBIO CARENAJE MANUBRIO FRONTAL,0.5
LIFE,CAMBIO CARENAJE MANUBRIO FRONTAL,0.5
HUNTER,CAMBIO CARENAJE MANUBRIO FRONTAL,0.5
BLACK,CAMBIO CARENAJE MANUBRIO FRONTAL,0.5
ONE,CAMBIO CARENAJE MANUBRIO FRONTAL,0.3
FLOW,CAMBIO CARENAJE MANUBRIO FRONTAL,0.5
ADVANCE II LF,CAMBIO CARENAJE MANUBRIO FRONTAL,0.3
ZONTES 310M,CAMBIO CARENAJE MANUBRIO FRONTAL,0.5
SHOCK,CAMBIO CARENAJE MANUBRIO FRONTAL,0.3
TOP BOY,CAMBIO CARENAJE MANUBRIO POSTERIOR,0.6
AGILITY,CAMBIO CARENAJE MANUBRIO POSTERIOR,0.6
AGILITY RS,CAMBIO CARENAJE MANUBRIO POSTERIOR,0.6
AGILITY CITY 150,CAMBIO CARENAJE MANUBRIO POSTERIOR,0.6
BET & WIN,CAMBIO CARENAJE MANUBRIO POSTERIOR,0.3
ACTIV,CAMBIO CARENAJE MANUBRIO POSTERIOR,0.6
SPIKE,CAMBIO CARENAJE MANUBRIO POSTERIOR,0.6
AGILITY RS  NAKED,CAMBIO CARENAJE MANUBRIO POSTERIOR,0.6
SUPER 8,CAMBIO CARENAJE MANUBRIO POSTERIOR,0.6
GACELA,CAMBIO CARENAJE MANUBRIO POSTERIOR,0.6
CRUCERO             x-town 300,CAMBIO CARENAJE MANUBRIO POSTERIOR,0.6
ROCKET,CAMBIO CARENAJE MANUBRIO POSTERIOR,0.6
FLY 125,CAMBIO CARENAJE MANUBRIO POSTERIOR,0.6
TWIST,CAMBIO CARENAJE MANUBRIO POSTERIOR,0.6
JETIX,CAMBIO CARENAJE MANUBRIO POSTERIOR,0.6
UNI-K 110,CAMBIO CARENAJE MANUBRIO POSTERIOR,0.6
KAZE MAX II,CAMBIO CARENAJE MANUBRIO POSTERIOR,1
ZX 130- MAGIC II,CAMBIO CARENAJE MANUBRIO POSTERIOR,0.6
TRANS-SPORT,CAMBIO CARENAJE MANUBRIO POSTERIOR,1
ZS,CAMBIO CARENAJE MANUBRIO POSTERIOR,0.6
LIFE,CAMBIO CARENAJE MANUBRIO POSTERIOR,0.6
HUNTER,CAMBIO CARENAJE MANUBRIO POSTERIOR,0.7
BLACK,CAMBIO CARENAJE MANUBRIO POSTERIOR,0.6
ONE,CAMBIO CARENAJE MANUBRIO POSTERIOR,0.6
FLOW,CAMBIO CARENAJE MANUBRIO POSTERIOR,0.6
ADVANCE II LF,CAMBIO CARENAJE MANUBRIO POSTERIOR,0.6
ZONTES 310M,CAMBIO CARENAJE MANUBRIO POSTERIOR,0.6
SHOCK,CAMBIO CARENAJE MANUBRIO POSTERIOR,0.6
TOP BOY,CAMBIO CUBIERTA DE MOTOR,0.5
AGILITY,CAMBIO CUBIERTA DE MOTOR,0.5
AGILITY RS,CAMBIO CUBIERTA DE MOTOR,0.5
AGILITY CITY 150,CAMBIO CUBIERTA DE MOTOR,0.5
AGILITY RS  NAKED,CAMBIO CUBIERTA DE MOTOR,0.5
SUPER 8,CAMBIO CUBIERTA DE MOTOR,0.5
GACELA,CAMBIO CUBIERTA DE MOTOR,0.5
ROCKET,CAMBIO CUBIERTA DE MOTOR,0.5
FLY 125,CAMBIO CUBIERTA DE MOTOR,0.5
TWIST,CAMBIO CUBIERTA DE MOTOR,0.5
THOR 160,CAMBIO CUBIERTA DE MOTOR,0.1
TITAN,CAMBIO CUBIERTA DE MOTOR,0.1
MOTOCARRO 4T,CAMBIO CUBIERTA DE MOTOR,0.5
TORITO,CAMBIO CUBIERTA DE MOTOR,0.5
ZS,CAMBIO CUBIERTA DE MOTOR,0.5
LIFE,CAMBIO CUBIERTA DE MOTOR,0.5
HUNTER,CAMBIO CUBIERTA DE MOTOR,1
BLACK,CAMBIO CUBIERTA DE MOTOR,?
TOP BOY,CAMBIO DE SILLIN,0.2
AGILITY,CAMBIO DE SILLIN,0.2
AGILITY RS,CAMBIO DE SILLIN,0.2
AGILITY CITY 150,CAMBIO DE SILLIN,0.2
BET & WIN,CAMBIO DE SILLIN,0.2
ACTIV,CAMBIO DE SILLIN,0.2
SPIKE,CAMBIO DE SILLIN,0.2
AGILITY RS  NAKED,CAMBIO DE SILLIN,0.2
SUPER 8,CAMBIO DE SILLIN,0.2
GACELA,CAMBIO DE SILLIN,0.2
CRUCERO             x-town 300,CAMBIO DE SILLIN,0.2
ROCKET,CAMBIO DE SILLIN,0.2
FLY 125,CAMBIO DE SILLIN,0.2
TWIST,CAMBIO DE SILLIN,0.2
JETIX,CAMBIO DE SILLIN,0.2
UNI-K 110,CAMBIO DE SILLIN,0.2
TRACK,CAMBIO DE SILLIN,0.2
PULSAR 135,CAMBIO DE SILLIN,0.1
Perseo,CAMBIO DE SILLIN,0.1
PULSAR,CAMBIO DE SILLIN,0.1
PULSAR 180 UG,CAMBIO DE SILLIN,0.1
PULSAR 150,CAMBIO DE SILLIN,0.1
THOR 160,CAMBIO DE SILLIN,0.1
PULSAR 200,CAMBIO DE SILLIN,0.1
PULSAR 150 NS,CAMBIO DE SILLIN,0.1
PULSAR 150 AS,CAMBIO DE SILLIN,0.1
PULSAR 200 AS,CAMBIO DE SILLIN,0.1
PULSAR 200 NS,CAMBIO DE SILLIN,0.1
TITAN,CAMBIO DE SILLIN,0.1
PULSAR  RS 200,CAMBIO DE SILLIN,0.1
PULSAR 220,CAMBIO DE SILLIN,0.1
AVENGER 220,CAMBIO DE SILLIN,0.3
XCD,CAMBIO DE SILLIN,0.1
DISCOVER 100,CAMBIO DE SILLIN,0.1
DISCOVER 135,CAMBIO DE SILLIN,0.1
BOXER,CAMBIO DE SILLIN,0.2
LEXUS,CAMBIO DE SILLIN,0.2
DISCOVER 100 5S,CAMBIO DE SILLIN,0.1
DISCOVER 150,CAMBIO DE SILLIN,0.1
CHAMPION,CAMBIO DE SILLIN,0.1
DISCOVER 125 ST,CAMBIO DE SILLIN,0.1
BOXER BM 100,CAMBIO DE SILLIN,0.2
BOXER BM 150,CAMBIO DE SILLIN,0.2
BOXER BM 100 ES,CAMBIO DE SILLIN,0.2
PLATINO 125,CAMBIO DE SILLIN,0.1
PLATINO 125 - 5S,CAMBIO DE SILLIN,0.1
PLATINO 100,CAMBIO DE SILLIN,0.2
PLATINO 110,CAMBIO DE SILLIN,0.1
FAMILLY,CAMBIO DE SILLIN,0.1
MOTOCARRO 4T,CAMBIO DE SILLIN,0.2
TORITO,CAMBIO DE SILLIN,0.2
KAZE MAX II,CAMBIO DE SILLIN,0.2
ZX 130- MAGIC II,CAMBIO DE SILLIN,0.2
KMX,CAMBIO DE SILLIN,0.1
KLX 150,CAMBIO DE SILLIN,0.2
KLX150  L,CAMBIO DE SILLIN,0.2
KLX 250,CAMBIO DE SILLIN,0.2
NINJA 250,CAMBIO DE SILLIN,0.1
NINJA 250 FI,CAMBIO DE SILLIN,0.1
Z250,CAMBIO DE SILLIN,0.1
Z250 SL,CAMBIO DE SILLIN,0.1
ER-6n,CAMBIO DE SILLIN,0.1
TRANS-SPORT,CAMBIO DE SILLIN,0.3
MRX 150,CAMBIO DE SILLIN,0.2
FURAX,CAMBIO DE SILLIN,0.3
BOMBER 125,CAMBIO DE SILLIN,0.2
BOMBER 250,CAMBIO DE SILLIN,0.1
COMBAT 125,CAMBIO DE SILLIN,0.2
ZS,CAMBIO DE SILLIN,0.2
LIFE,CAMBIO DE SILLIN,0.2
HUNTER,CAMBIO DE SILLIN,0.2
BLACK,CAMBIO DE SILLIN,0.2
VENOM 400,CAMBIO DE SILLIN,0.1
VENOM 250,CAMBIO DE SILLIN,0.1
ONE,CAMBIO DE SILLIN,0.2
FLOW,CAMBIO DE SILLIN,0.2
ADVANCE II LF,CAMBIO DE SILLIN,0.2
ZONTES 155,CAMBIO DE SILLIN,0.1
ZONTES 310M,CAMBIO DE SILLIN,0.2
SHOCK,CAMBIO DE SILLIN,0.2
TNT150i,CAMBIO DE SILLIN,0.1
180S,CAMBIO DE SILLIN,0.1
TNT25N,CAMBIO DE SILLIN,0.1
LEONCINO 500,CAMBIO DE SILLIN,0.1
LEONCINO 250,CAMBIO DE SILLIN,0.1
TRK 500X,CAMBIO DE SILLIN,0.1
TRK 251,CAMBIO DE SILLIN,0.1
302 S,CAMBIO DE SILLIN,0.1
TOP BOY,CAMBIO TABLERO DE INSTRUMENTOS ( COMPLETO),1
AGILITY,CAMBIO TABLERO DE INSTRUMENTOS ( COMPLETO),1
AGILITY RS,CAMBIO TABLERO DE INSTRUMENTOS ( COMPLETO),1
AGILITY CITY 150,CAMBIO TABLERO DE INSTRUMENTOS ( COMPLETO),1
BET & WIN,CAMBIO TABLERO DE INSTRUMENTOS ( COMPLETO),1.3
ACTIV,CAMBIO TABLERO DE INSTRUMENTOS ( COMPLETO),1
SPIKE,CAMBIO TABLERO DE INSTRUMENTOS ( COMPLETO),1
AGILITY RS  NAKED,CAMBIO TABLERO DE INSTRUMENTOS ( COMPLETO),1
SUPER 8,CAMBIO TABLERO DE INSTRUMENTOS ( COMPLETO),0.5
GACELA,CAMBIO TABLERO DE INSTRUMENTOS ( COMPLETO),0.5
CRUCERO             x-town 300,CAMBIO TABLERO DE INSTRUMENTOS ( COMPLETO),1
ROCKET,CAMBIO TABLERO DE INSTRUMENTOS ( COMPLETO),1
FLY 125,CAMBIO TABLERO DE INSTRUMENTOS ( COMPLETO),1
TWIST,CAMBIO TABLERO DE INSTRUMENTOS ( COMPLETO),1
JETIX,CAMBIO TABLERO DE INSTRUMENTOS ( COMPLETO),1
UNI-K 110,CAMBIO TABLERO DE INSTRUMENTOS ( COMPLETO),1
TRACK,CAMBIO TABLERO DE INSTRUMENTOS ( COMPLETO),1
PULSAR 135,CAMBIO TABLERO DE INSTRUMENTOS ( COMPLETO),1
Perseo,CAMBIO TABLERO DE INSTRUMENTOS ( COMPLETO),1
PULSAR,CAMBIO TABLERO DE INSTRUMENTOS ( COMPLETO),1
PULSAR 180 UG,CAMBIO TABLERO DE INSTRUMENTOS ( COMPLETO),1
PULSAR 150,CAMBIO TABLERO DE INSTRUMENTOS ( COMPLETO),1
THOR 160,CAMBIO TABLERO DE INSTRUMENTOS ( COMPLETO),1
PULSAR 200,CAMBIO TABLERO DE INSTRUMENTOS ( COMPLETO),1
PULSAR 150 NS,CAMBIO TABLERO DE INSTRUMENTOS ( COMPLETO),1
PULSAR 150 AS,CAMBIO TABLERO DE INSTRUMENTOS ( COMPLETO),1
PULSAR 200 AS,CAMBIO TABLERO DE INSTRUMENTOS ( COMPLETO),1
PULSAR 200 NS,CAMBIO TABLERO DE INSTRUMENTOS ( COMPLETO),1
TITAN,CAMBIO TABLERO DE INSTRUMENTOS ( COMPLETO),0.5
PULSAR  RS 200,CAMBIO TABLERO DE INSTRUMENTOS ( COMPLETO),1.5
PULSAR 220,CAMBIO TABLERO DE INSTRUMENTOS ( COMPLETO),1
AVENGER 220,CAMBIO TABLERO DE INSTRUMENTOS ( COMPLETO),1.2
XCD,CAMBIO TABLERO DE INSTRUMENTOS ( COMPLETO),1
DISCOVER 100,CAMBIO TABLERO DE INSTRUMENTOS ( COMPLETO),1
DISCOVER 135,CAMBIO TABLERO DE INSTRUMENTOS ( COMPLETO),1
BOXER,CAMBIO TABLERO DE INSTRUMENTOS ( COMPLETO),1
LEXUS,CAMBIO TABLERO DE INSTRUMENTOS ( COMPLETO),1
DISCOVER 100 5S,CAMBIO TABLERO DE INSTRUMENTOS ( COMPLETO),0.8
DISCOVER 150,CAMBIO TABLERO DE INSTRUMENTOS ( COMPLETO),1
CHAMPION,CAMBIO TABLERO DE INSTRUMENTOS ( COMPLETO),1
DISCOVER 125 ST,CAMBIO TABLERO DE INSTRUMENTOS ( COMPLETO),1
BOXER BM 100,CAMBIO TABLERO DE INSTRUMENTOS ( COMPLETO),0.6
BOXER BM 150,CAMBIO TABLERO DE INSTRUMENTOS ( COMPLETO),0.6
BOXER BM 100 ES,CAMBIO TABLERO DE INSTRUMENTOS ( COMPLETO),0.6
PLATINO 125,CAMBIO TABLERO DE INSTRUMENTOS ( COMPLETO),1
PLATINO 125 - 5S,CAMBIO TABLERO DE INSTRUMENTOS ( COMPLETO),1
PLATINO 100,CAMBIO TABLERO DE INSTRUMENTOS ( COMPLETO),0.6
PLATINO 110,CAMBIO TABLERO DE INSTRUMENTOS ( COMPLETO),1
FAMILLY,CAMBIO TABLERO DE INSTRUMENTOS ( COMPLETO),1
MOTOCARRO 4T,CAMBIO TABLERO DE INSTRUMENTOS ( COMPLETO),0.3
TORITO,CAMBIO TABLERO DE INSTRUMENTOS ( COMPLETO),0.3
KAZE MAX II,CAMBIO TABLERO DE INSTRUMENTOS ( COMPLETO),1
ZX 130- MAGIC II,CAMBIO TABLERO DE INSTRUMENTOS ( COMPLETO),1
KMX,CAMBIO TABLERO DE INSTRUMENTOS ( COMPLETO),1
KLX 150,CAMBIO TABLERO DE INSTRUMENTOS ( COMPLETO),0.6
KLX150  L,CAMBIO TABLERO DE INSTRUMENTOS ( COMPLETO),0.6
KLX 250,CAMBIO TABLERO DE INSTRUMENTOS ( COMPLETO),0.6
NINJA 250,CAMBIO TABLERO DE INSTRUMENTOS ( COMPLETO),1.5
NINJA 250 FI,CAMBIO TABLERO DE INSTRUMENTOS ( COMPLETO),1.5
Z250,CAMBIO TABLERO DE INSTRUMENTOS ( COMPLETO),0.7
Z250 SL,CAMBIO TABLERO DE INSTRUMENTOS ( COMPLETO),0.7
ER-6n,CAMBIO TABLERO DE INSTRUMENTOS ( COMPLETO),0.6
TRANS-SPORT,CAMBIO TABLERO DE INSTRUMENTOS ( COMPLETO),0.7
MRX 150,CAMBIO TABLERO DE INSTRUMENTOS ( COMPLETO),0.5
FURAX,CAMBIO TABLERO DE INSTRUMENTOS ( COMPLETO),0.6
BOMBER 125,CAMBIO TABLERO DE INSTRUMENTOS ( COMPLETO),1
BOMBER 250,CAMBIO TABLERO DE INSTRUMENTOS ( COMPLETO),0.6
COMBAT 125,CAMBIO TABLERO DE INSTRUMENTOS ( COMPLETO),1
ZS,CAMBIO TABLERO DE INSTRUMENTOS ( COMPLETO),0.5
LIFE,CAMBIO TABLERO DE INSTRUMENTOS ( COMPLETO),0.5
HUNTER,CAMBIO TABLERO DE INSTRUMENTOS ( COMPLETO),0.5
BLACK,CAMBIO TABLERO DE INSTRUMENTOS ( COMPLETO),1
VENOM 400,CAMBIO TABLERO DE INSTRUMENTOS ( COMPLETO),0.5
VENOM 250,CAMBIO TABLERO DE INSTRUMENTOS ( COMPLETO),1
ONE,CAMBIO TABLERO DE INSTRUMENTOS ( COMPLETO),1
FLOW,CAMBIO TABLERO DE INSTRUMENTOS ( COMPLETO),0.5
ADVANCE II LF,CAMBIO TABLERO DE INSTRUMENTOS ( COMPLETO),1
ZONTES 155,CAMBIO TABLERO DE INSTRUMENTOS ( COMPLETO),1
ZONTES 310M,CAMBIO TABLERO DE INSTRUMENTOS ( COMPLETO),1
SHOCK,CAMBIO TABLERO DE INSTRUMENTOS ( COMPLETO),1
TNT150i,CAMBIO TABLERO DE INSTRUMENTOS ( COMPLETO),0.7
180S,CAMBIO TABLERO DE INSTRUMENTOS ( COMPLETO),0.7
TNT25N,CAMBIO TABLERO DE INSTRUMENTOS ( COMPLETO),0.7
LEONCINO 500,CAMBIO TABLERO DE INSTRUMENTOS ( COMPLETO),0.6
LEONCINO 250,CAMBIO TABLERO DE INSTRUMENTOS ( COMPLETO),0.7
TRK 500X,CAMBIO TABLERO DE INSTRUMENTOS ( COMPLETO),0.6
TRK 251,CAMBIO TABLERO DE INSTRUMENTOS ( COMPLETO),0.7
302 S,CAMBIO TABLERO DE INSTRUMENTOS ( COMPLETO),0.7
TOP BOY,CAMBIO PARTES INTERNAS DEL TABLERO DE INSTRUMENTOS,1.3
AGILITY,CAMBIO PARTES INTERNAS DEL TABLERO DE INSTRUMENTOS,1.3
AGILITY RS,CAMBIO PARTES INTERNAS DEL TABLERO DE INSTRUMENTOS,1.3
AGILITY CITY 150,CAMBIO PARTES INTERNAS DEL TABLERO DE INSTRUMENTOS,1.3
ACTIV,CAMBIO PARTES INTERNAS DEL TABLERO DE INSTRUMENTOS,1.3
SPIKE,CAMBIO PARTES INTERNAS DEL TABLERO DE INSTRUMENTOS,1.3
AGILITY RS  NAKED,CAMBIO PARTES INTERNAS DEL TABLERO DE INSTRUMENTOS,1.3
SUPER 8,CAMBIO PARTES INTERNAS DEL TABLERO DE INSTRUMENTOS,1
GACELA,CAMBIO PARTES INTERNAS DEL TABLERO DE INSTRUMENTOS,1
CRUCERO             x-town 300,CAMBIO PARTES INTERNAS DEL TABLERO DE INSTRUMENTOS,1.5
FLY 125,CAMBIO PARTES INTERNAS DEL TABLERO DE INSTRUMENTOS,1.3
TWIST,CAMBIO PARTES INTERNAS DEL TABLERO DE INSTRUMENTOS,1.3
JETIX,CAMBIO PARTES INTERNAS DEL TABLERO DE INSTRUMENTOS,1.3
UNI-K 110,CAMBIO PARTES INTERNAS DEL TABLERO DE INSTRUMENTOS,1.3
TRACK,CAMBIO PARTES INTERNAS DEL TABLERO DE INSTRUMENTOS,1.3
AVENGER 220,CAMBIO PARTES INTERNAS DEL TABLERO DE INSTRUMENTOS,1.2
DISCOVER 100,CAMBIO PARTES INTERNAS DEL TABLERO DE INSTRUMENTOS,1.3
DISCOVER 135,CAMBIO PARTES INTERNAS DEL TABLERO DE INSTRUMENTOS,1.3
BOXER,CAMBIO PARTES INTERNAS DEL TABLERO DE INSTRUMENTOS,1.3
LEXUS,CAMBIO PARTES INTERNAS DEL TABLERO DE INSTRUMENTOS,1.3
DISCOVER 100 5S,CAMBIO PARTES INTERNAS DEL TABLERO DE INSTRUMENTOS,1
DISCOVER 150,CAMBIO PARTES INTERNAS DEL TABLERO DE INSTRUMENTOS,1.3
CHAMPION,CAMBIO PARTES INTERNAS DEL TABLERO DE INSTRUMENTOS,1.3
DISCOVER 125 ST,CAMBIO PARTES INTERNAS DEL TABLERO DE INSTRUMENTOS,1.3
BOXER BM 100,CAMBIO PARTES INTERNAS DEL TABLERO DE INSTRUMENTOS,1
BOXER BM 150,CAMBIO PARTES INTERNAS DEL TABLERO DE INSTRUMENTOS,1
BOXER BM 100 ES,CAMBIO PARTES INTERNAS DEL TABLERO DE INSTRUMENTOS,1
PLATINO 125,CAMBIO PARTES INTERNAS DEL TABLERO DE INSTRUMENTOS,1.3
PLATINO 125 - 5S,CAMBIO PARTES INTERNAS DEL TABLERO DE INSTRUMENTOS,1.3
PLATINO 100,CAMBIO PARTES INTERNAS DEL TABLERO DE INSTRUMENTOS,1.3
PLATINO 110,CAMBIO PARTES INTERNAS DEL TABLERO DE INSTRUMENTOS,1.3
FAMILLY,CAMBIO PARTES INTERNAS DEL TABLERO DE INSTRUMENTOS,1.3
KAZE MAX II,CAMBIO PARTES INTERNAS DEL TABLERO DE INSTRUMENTOS,1.3
ZX 130- MAGIC II,CAMBIO PARTES INTERNAS DEL TABLERO DE INSTRUMENTOS,1.3
KMX,CAMBIO PARTES INTERNAS DEL TABLERO DE INSTRUMENTOS,1.3
KLX 150,CAMBIO PARTES INTERNAS DEL TABLERO DE INSTRUMENTOS,1
KLX150  L,CAMBIO PARTES INTERNAS DEL TABLERO DE INSTRUMENTOS,1
NINJA 250,CAMBIO PARTES INTERNAS DEL TABLERO DE INSTRUMENTOS,1.5
NINJA 250 FI,CAMBIO PARTES INTERNAS DEL TABLERO DE INSTRUMENTOS,1.5
Z250,CAMBIO PARTES INTERNAS DEL TABLERO DE INSTRUMENTOS,1
Z250 SL,CAMBIO PARTES INTERNAS DEL TABLERO DE INSTRUMENTOS,1
TRANS-SPORT,CAMBIO PARTES INTERNAS DEL TABLERO DE INSTRUMENTOS,1.2
MRX 150,CAMBIO PARTES INTERNAS DEL TABLERO DE INSTRUMENTOS,1
BOMBER 125,CAMBIO PARTES INTERNAS DEL TABLERO DE INSTRUMENTOS,1.3
COMBAT 125,CAMBIO PARTES INTERNAS DEL TABLERO DE INSTRUMENTOS,1.3
ZS,CAMBIO PARTES INTERNAS DEL TABLERO DE INSTRUMENTOS,1
LIFE,CAMBIO PARTES INTERNAS DEL TABLERO DE INSTRUMENTOS,1
HUNTER,CAMBIO PARTES INTERNAS DEL TABLERO DE INSTRUMENTOS,1
BLACK,CAMBIO PARTES INTERNAS DEL TABLERO DE INSTRUMENTOS,1.5
ONE,CAMBIO PARTES INTERNAS DEL TABLERO DE INSTRUMENTOS,1.3
FLOW,CAMBIO PARTES INTERNAS DEL TABLERO DE INSTRUMENTOS,1
ADVANCE II LF,CAMBIO PARTES INTERNAS DEL TABLERO DE INSTRUMENTOS,1.3
ZONTES 155,CAMBIO PARTES INTERNAS DEL TABLERO DE INSTRUMENTOS,1
ZONTES 310M,CAMBIO PARTES INTERNAS DEL TABLERO DE INSTRUMENTOS,1.5
SHOCK,CAMBIO PARTES INTERNAS DEL TABLERO DE INSTRUMENTOS,1.3
TNT150i,CAMBIO PARTES INTERNAS DEL TABLERO DE INSTRUMENTOS,1
180S,CAMBIO PARTES INTERNAS DEL TABLERO DE INSTRUMENTOS,1
TNT25N,CAMBIO PARTES INTERNAS DEL TABLERO DE INSTRUMENTOS,1
LEONCINO 250,CAMBIO PARTES INTERNAS DEL TABLERO DE INSTRUMENTOS,1
TRK 251,CAMBIO PARTES INTERNAS DEL TABLERO DE INSTRUMENTOS,1
TOP BOY,CAMBIO CARENAJES FRONTAL INTERNO LH Y RH,0.6
AGILITY,CAMBIO CARENAJES FRONTAL INTERNO LH Y RH,1
AGILITY RS,CAMBIO CARENAJES FRONTAL INTERNO LH Y RH,1
AGILITY CITY 150,CAMBIO CARENAJES FRONTAL INTERNO LH Y RH,1
BET & WIN,CAMBIO CARENAJES FRONTAL INTERNO LH Y RH,1.3
ACTIV,CAMBIO CARENAJES FRONTAL INTERNO LH Y RH,0.5
SPIKE,CAMBIO CARENAJES FRONTAL INTERNO LH Y RH,0.5
AGILITY RS  NAKED,CAMBIO CARENAJES FRONTAL INTERNO LH Y RH,1
SUPER 8,CAMBIO CARENAJES FRONTAL INTERNO LH Y RH,1
GACELA,CAMBIO CARENAJES FRONTAL INTERNO LH Y RH,1
CRUCERO             x-town 300,CAMBIO CARENAJES FRONTAL INTERNO LH Y RH,1.3
ROCKET,CAMBIO CARENAJES FRONTAL INTERNO LH Y RH,1.2
FLY 125,CAMBIO CARENAJES FRONTAL INTERNO LH Y RH,1
TWIST,CAMBIO CARENAJES FRONTAL INTERNO LH Y RH,1
JETIX,CAMBIO CARENAJES FRONTAL INTERNO LH Y RH,0.5
UNI-K 110,CAMBIO CARENAJES FRONTAL INTERNO LH Y RH,0.5
TRACK,CAMBIO CARENAJES FRONTAL INTERNO LH Y RH,0.5
TITAN,CAMBIO CARENAJES FRONTAL INTERNO LH Y RH,0.1
PLATINO 125 - 5S,CAMBIO CARENAJES FRONTAL INTERNO LH Y RH,1.3
ZX 130- MAGIC II,CAMBIO CARENAJES FRONTAL INTERNO LH Y RH,0.5
NINJA 250,CAMBIO CARENAJES FRONTAL INTERNO LH Y RH,0.1
NINJA 250 FI,CAMBIO CARENAJES FRONTAL INTERNO LH Y RH,0.1
Z250,CAMBIO CARENAJES FRONTAL INTERNO LH Y RH,0.1
ZS,CAMBIO CARENAJES FRONTAL INTERNO LH Y RH,1
HUNTER,CAMBIO CARENAJES FRONTAL INTERNO LH Y RH,1.3
BLACK,CAMBIO CARENAJES FRONTAL INTERNO LH Y RH,1.3
ONE,CAMBIO CARENAJES FRONTAL INTERNO LH Y RH,0.5
FLOW,CAMBIO CARENAJES FRONTAL INTERNO LH Y RH,0.5
ADVANCE II LF,CAMBIO CARENAJES FRONTAL INTERNO LH Y RH,0.5
ZONTES 310M,CAMBIO CARENAJES FRONTAL INTERNO LH Y RH,1.3
SHOCK,CAMBIO CARENAJES FRONTAL INTERNO LH Y RH,0.5
TNT150i,CAMBIO CARENAJES FRONTAL INTERNO LH Y RH,0.1
180S,CAMBIO CARENAJES FRONTAL INTERNO LH Y RH,0.1
TNT25N,CAMBIO CARENAJES FRONTAL INTERNO LH Y RH,0.1
LEONCINO 250,CAMBIO CARENAJES FRONTAL INTERNO LH Y RH,0.1
TRK 251,CAMBIO CARENAJES FRONTAL INTERNO LH Y RH,0.1
302 S,CAMBIO CARENAJES FRONTAL INTERNO LH Y RH,0.1
AGILITY,CAMBIO CARENAJE CENTRAL FRONTAL,0.3
AGILITY RS,CAMBIO CARENAJE CENTRAL FRONTAL,0.3
AGILITY CITY 150,CAMBIO CARENAJE CENTRAL FRONTAL,0.3
BET & WIN,CAMBIO CARENAJE CENTRAL FRONTAL,0.4
ACTIV,CAMBIO CARENAJE CENTRAL FRONTAL,0.4
SPIKE,CAMBIO CARENAJE CENTRAL FRONTAL,0.4
AGILITY RS  NAKED,CAMBIO CARENAJE CENTRAL FRONTAL,0.3
SUPER 8,CAMBIO CARENAJE CENTRAL FRONTAL,0.5
GACELA,CAMBIO CARENAJE CENTRAL FRONTAL,0.5
CRUCERO             x-town 300,CAMBIO CARENAJE CENTRAL FRONTAL,0.4
ROCKET,CAMBIO CARENAJE CENTRAL FRONTAL,0.3
FLY 125,CAMBIO CARENAJE CENTRAL FRONTAL,0.3
TWIST,CAMBIO CARENAJE CENTRAL FRONTAL,0.3
JETIX,CAMBIO CARENAJE CENTRAL FRONTAL,0.4
UNI-K 110,CAMBIO CARENAJE CENTRAL FRONTAL,0.4
TRACK,CAMBIO CARENAJE CENTRAL FRONTAL,0.4
TITAN,CAMBIO CARENAJE CENTRAL FRONTAL,0.2
PULSAR  RS 200,CAMBIO CARENAJE CENTRAL FRONTAL,0.5
PULSAR 220,CAMBIO CARENAJE CENTRAL FRONTAL,2
KAZE MAX II,CAMBIO CARENAJE CENTRAL FRONTAL,0.4
ZX 130- MAGIC II,CAMBIO CARENAJE CENTRAL FRONTAL,0.5
TRANS-SPORT,CAMBIO CARENAJE CENTRAL FRONTAL,0.4
ZS,CAMBIO CARENAJE CENTRAL FRONTAL,0.5
HUNTER,CAMBIO CARENAJE CENTRAL FRONTAL,0.4
BLACK,CAMBIO CARENAJE CENTRAL FRONTAL,0.4
ONE,CAMBIO CARENAJE CENTRAL FRONTAL,0.4
FLOW,CAMBIO CARENAJE CENTRAL FRONTAL,0.4
ADVANCE II LF,CAMBIO CARENAJE CENTRAL FRONTAL,0.4
ZONTES 310M,CAMBIO CARENAJE CENTRAL FRONTAL,0.4
SHOCK,CAMBIO CARENAJE CENTRAL FRONTAL,0.4
AGILITY,CAMBIO CARENAJE CENTRAL POSTERIOR,0.5
AGILITY RS,CAMBIO CARENAJE CENTRAL POSTERIOR,0.5
AGILITY CITY 150,CAMBIO CARENAJE CENTRAL POSTERIOR,0.5
BET & WIN,CAMBIO CARENAJE CENTRAL POSTERIOR,0.5
ACTIV,CAMBIO CARENAJE CENTRAL POSTERIOR,0.4
SPIKE,CAMBIO CARENAJE CENTRAL POSTERIOR,0.4
AGILITY RS  NAKED,CAMBIO CARENAJE CENTRAL POSTERIOR,0.5
SUPER 8,CAMBIO CARENAJE CENTRAL POSTERIOR,0.5
GACELA,CAMBIO CARENAJE CENTRAL POSTERIOR,0.5
CRUCERO             x-town 300,CAMBIO CARENAJE CENTRAL POSTERIOR,0.5
ROCKET,CAMBIO CARENAJE CENTRAL POSTERIOR,0.5
FLY 125,CAMBIO CARENAJE CENTRAL POSTERIOR,0.5
TWIST,CAMBIO CARENAJE CENTRAL POSTERIOR,0.5
JETIX,CAMBIO CARENAJE CENTRAL POSTERIOR,0.4
UNI-K 110,CAMBIO CARENAJE CENTRAL POSTERIOR,0.4
TRACK,CAMBIO CARENAJE CENTRAL POSTERIOR,0.4
KAZE MAX II,CAMBIO CARENAJE CENTRAL POSTERIOR,0.4
ZX 130- MAGIC II,CAMBIO CARENAJE CENTRAL POSTERIOR,0.4
TRANS-SPORT,CAMBIO CARENAJE CENTRAL POSTERIOR,0.4
ZS,CAMBIO CARENAJE CENTRAL POSTERIOR,0.5
HUNTER,CAMBIO CARENAJE CENTRAL POSTERIOR,0.5
BLACK,CAMBIO CARENAJE CENTRAL POSTERIOR,0.5
ONE,CAMBIO CARENAJE CENTRAL POSTERIOR,0.4
FLOW,CAMBIO CARENAJE CENTRAL POSTERIOR,0.4
ADVANCE II LF,CAMBIO CARENAJE CENTRAL POSTERIOR,0.4
ZONTES 310M,CAMBIO CARENAJE CENTRAL POSTERIOR,0.5
SHOCK,CAMBIO CARENAJE CENTRAL POSTERIOR,0.4
BET & WIN,CAMBIO CARENAJE LATERAL CENTRAL LH Y RH,1.5
ACTIV,CAMBIO CARENAJE LATERAL CENTRAL LH Y RH,0.3
SPIKE,CAMBIO CARENAJE LATERAL CENTRAL LH Y RH,0.3
CRUCERO             x-town 300,CAMBIO CARENAJE LATERAL CENTRAL LH Y RH,1.5
JETIX,CAMBIO CARENAJE LATERAL CENTRAL LH Y RH,0.3
UNI-K 110,CAMBIO CARENAJE LATERAL CENTRAL LH Y RH,0.3
TRACK,CAMBIO CARENAJE LATERAL CENTRAL LH Y RH,0.4
KAZE MAX II,CAMBIO CARENAJE LATERAL CENTRAL LH Y RH,0.4
ZX 130- MAGIC II,CAMBIO CARENAJE LATERAL CENTRAL LH Y RH,0.4
TRANS-SPORT,CAMBIO CARENAJE LATERAL CENTRAL LH Y RH,0.4
ZS,CAMBIO CARENAJE LATERAL CENTRAL LH Y RH,0.5
HUNTER,CAMBIO CARENAJE LATERAL CENTRAL LH Y RH,0.5
BLACK,CAMBIO CARENAJE LATERAL CENTRAL LH Y RH,0.5
ONE,CAMBIO CARENAJE LATERAL CENTRAL LH Y RH,0.4
FLOW,CAMBIO CARENAJE LATERAL CENTRAL LH Y RH,0.4
ADVANCE II LF,CAMBIO CARENAJE LATERAL CENTRAL LH Y RH,0.4
ZONTES 310M,CAMBIO CARENAJE LATERAL CENTRAL LH Y RH,0.5
SHOCK,CAMBIO CARENAJE LATERAL CENTRAL LH Y RH,0.4
TOP BOY,CAMBIO CARENAJE LATERAL TRASERO LH Y RH,0.6
AGILITY,CAMBIO CARENAJE LATERAL TRASERO LH Y RH,0.8
AGILITY RS,CAMBIO CARENAJE LATERAL TRASERO LH Y RH,1
AGILITY CITY 150,CAMBIO CARENAJE LATERAL TRASERO LH Y RH,1
BET & WIN,CAMBIO CARENAJE LATERAL TRASERO LH Y RH,1
ACTIV,CAMBIO CARENAJE LATERAL TRASERO LH Y RH,0.6
SPIKE,CAMBIO CARENAJE LATERAL TRASERO LH Y RH,0.6
AGILITY RS  NAKED,CAMBIO CARENAJE LATERAL TRASERO LH Y RH,1
SUPER 8,CAMBIO CARENAJE LATERAL TRASERO LH Y RH,1
GACELA,CAMBIO CARENAJE LATERAL TRASERO LH Y RH,1
CRUCERO             x-town 300,CAMBIO CARENAJE LATERAL TRASERO LH Y RH,1
ROCKET,CAMBIO CARENAJE LATERAL TRASERO LH Y RH,1.5
FLY 125,CAMBIO CARENAJE LATERAL TRASERO LH Y RH,1
TWIST,CAMBIO CARENAJE LATERAL TRASERO LH Y RH,1
JETIX,CAMBIO CARENAJE LATERAL TRASERO LH Y RH,0.6
UNI-K 110,CAMBIO CARENAJE LATERAL TRASERO LH Y RH,0.6
TRACK,CAMBIO CARENAJE LATERAL TRASERO LH Y RH,0.6
KAZE MAX II,CAMBIO CARENAJE LATERAL TRASERO LH Y RH,0.6
ZX 130- MAGIC II,CAMBIO CARENAJE LATERAL TRASERO LH Y RH,0.6
TRANS-SPORT,CAMBIO CARENAJE LATERAL TRASERO LH Y RH,0.6
ZS,CAMBIO CARENAJE LATERAL TRASERO LH Y RH,1
LIFE,CAMBIO CARENAJE LATERAL TRASERO LH Y RH,1
HUNTER,CAMBIO CARENAJE LATERAL TRASERO LH Y RH,1
BLACK,CAMBIO CARENAJE LATERAL TRASERO LH Y RH,1
ONE,CAMBIO CARENAJE LATERAL TRASERO LH Y RH,0.6
FLOW,CAMBIO CARENAJE LATERAL TRASERO LH Y RH,0.6
ADVANCE II LF,CAMBIO CARENAJE LATERAL TRASERO LH Y RH,0.6
ZONTES 310M,CAMBIO CARENAJE LATERAL TRASERO LH Y RH,1
SHOCK,CAMBIO CARENAJE LATERAL TRASERO LH Y RH,0.6
TOP BOY,CAMBIO CARENAJE TRASERO CENTRAL,0.3
ACTIV,CAMBIO CARENAJE TRASERO CENTRAL,0.3
SPIKE,CAMBIO CARENAJE TRASERO CENTRAL,0.3
JETIX,CAMBIO CARENAJE TRASERO CENTRAL,0.3
UNI-K 110,CAMBIO CARENAJE TRASERO CENTRAL,0.3
TRACK,CAMBIO CARENAJE TRASERO CENTRAL,0.3
PLATINO 100,CAMBIO CARENAJE TRASERO CENTRAL,0.3
KAZE MAX II,CAMBIO CARENAJE TRASERO CENTRAL,0.3
ZX 130- MAGIC II,CAMBIO CARENAJE TRASERO CENTRAL,0.3
ONE,CAMBIO CARENAJE TRASERO CENTRAL,0.3
FLOW,CAMBIO CARENAJE TRASERO CENTRAL,0.1
ADVANCE II LF,CAMBIO CARENAJE TRASERO CENTRAL,0.3
SHOCK,CAMBIO CARENAJE TRASERO CENTRAL,0.3
ACTIV,CAMBIO GUARDAFANGO LLANTA TRASERA PARTE DELANTERA,1
SPIKE,CAMBIO GUARDAFANGO LLANTA TRASERA PARTE DELANTERA,1
JETIX,CAMBIO GUARDAFANGO LLANTA TRASERA PARTE DELANTERA,1
UNI-K 110,CAMBIO GUARDAFANGO LLANTA TRASERA PARTE DELANTERA,1
TRACK,CAMBIO GUARDAFANGO LLANTA TRASERA PARTE DELANTERA,1
PULSAR 135,CAMBIO GUARDAFANGO LLANTA TRASERA PARTE DELANTERA,0.5
Perseo,CAMBIO GUARDAFANGO LLANTA TRASERA PARTE DELANTERA,0.5
PULSAR,CAMBIO GUARDAFANGO LLANTA TRASERA PARTE DELANTERA,1
PULSAR 180 UG,CAMBIO GUARDAFANGO LLANTA TRASERA PARTE DELANTERA,1
PULSAR 150,CAMBIO GUARDAFANGO LLANTA TRASERA PARTE DELANTERA,1
THOR 160,CAMBIO GUARDAFANGO LLANTA TRASERA PARTE DELANTERA,0.5
PULSAR 200,CAMBIO GUARDAFANGO LLANTA TRASERA PARTE DELANTERA,0.5
PULSAR 150 NS,CAMBIO GUARDAFANGO LLANTA TRASERA PARTE DELANTERA,0.5
PULSAR 150 AS,CAMBIO GUARDAFANGO LLANTA TRASERA PARTE DELANTERA,0.5
PULSAR 200 AS,CAMBIO GUARDAFANGO LLANTA TRASERA PARTE DELANTERA,0.5
PULSAR 200 NS,CAMBIO GUARDAFANGO LLANTA TRASERA PARTE DELANTERA,0.5
TITAN,CAMBIO GUARDAFANGO LLANTA TRASERA PARTE DELANTERA,0.5
PULSAR  RS 200,CAMBIO GUARDAFANGO LLANTA TRASERA PARTE DELANTERA,0.5
PULSAR 220,CAMBIO GUARDAFANGO LLANTA TRASERA PARTE DELANTERA,1
AVENGER 220,CAMBIO GUARDAFANGO LLANTA TRASERA PARTE DELANTERA,1.5
XCD,CAMBIO GUARDAFANGO LLANTA TRASERA PARTE DELANTERA,1
DISCOVER 100,CAMBIO GUARDAFANGO LLANTA TRASERA PARTE DELANTERA,1
DISCOVER 135,CAMBIO GUARDAFANGO LLANTA TRASERA PARTE DELANTERA,1
BOXER,CAMBIO GUARDAFANGO LLANTA TRASERA PARTE DELANTERA,1
LEXUS,CAMBIO GUARDAFANGO LLANTA TRASERA PARTE DELANTERA,1
DISCOVER 150,CAMBIO GUARDAFANGO LLANTA TRASERA PARTE DELANTERA,0.5
CHAMPION,CAMBIO GUARDAFANGO LLANTA TRASERA PARTE DELANTERA,0.5
DISCOVER 125 ST,CAMBIO GUARDAFANGO LLANTA TRASERA PARTE DELANTERA,0.5
BOXER BM 100,CAMBIO GUARDAFANGO LLANTA TRASERA PARTE DELANTERA,1
BOXER BM 150,CAMBIO GUARDAFANGO LLANTA TRASERA PARTE DELANTERA,1
BOXER BM 100 ES,CAMBIO GUARDAFANGO LLANTA TRASERA PARTE DELANTERA,1
PLATINO 125,CAMBIO GUARDAFANGO LLANTA TRASERA PARTE DELANTERA,1
PLATINO 125 - 5S,CAMBIO GUARDAFANGO LLANTA TRASERA PARTE DELANTERA,1
PLATINO 100,CAMBIO GUARDAFANGO LLANTA TRASERA PARTE DELANTERA,1
KAZE MAX II,CAMBIO GUARDAFANGO LLANTA TRASERA PARTE DELANTERA,0.8
ZX 130- MAGIC II,CAMBIO GUARDAFANGO LLANTA TRASERA PARTE DELANTERA,1
NINJA 250,CAMBIO GUARDAFANGO LLANTA TRASERA PARTE DELANTERA,1.5
NINJA 250 FI,CAMBIO GUARDAFANGO LLANTA TRASERA PARTE DELANTERA,1.5
Z250,CAMBIO GUARDAFANGO LLANTA TRASERA PARTE DELANTERA,1.5
Z250 SL,CAMBIO GUARDAFANGO LLANTA TRASERA PARTE DELANTERA,0.8
TRANS-SPORT,CAMBIO GUARDAFANGO LLANTA TRASERA PARTE DELANTERA,0.8
FURAX,CAMBIO GUARDAFANGO LLANTA TRASERA PARTE DELANTERA,1
BOMBER 250,CAMBIO GUARDAFANGO LLANTA TRASERA PARTE DELANTERA,0.7
HUNTER,CAMBIO GUARDAFANGO LLANTA TRASERA PARTE DELANTERA,0.5
BLACK,CAMBIO GUARDAFANGO LLANTA TRASERA PARTE DELANTERA,0.5
VENOM 400,CAMBIO GUARDAFANGO LLANTA TRASERA PARTE DELANTERA,0.2
VENOM 250,CAMBIO GUARDAFANGO LLANTA TRASERA PARTE DELANTERA,0.5
ONE,CAMBIO GUARDAFANGO LLANTA TRASERA PARTE DELANTERA,1
FLOW,CAMBIO GUARDAFANGO LLANTA TRASERA PARTE DELANTERA,1
ADVANCE II LF,CAMBIO GUARDAFANGO LLANTA TRASERA PARTE DELANTERA,1
ZONTES 155,CAMBIO GUARDAFANGO LLANTA TRASERA PARTE DELANTERA,0.8
ZONTES 310M,CAMBIO GUARDAFANGO LLANTA TRASERA PARTE DELANTERA,0.5
SHOCK,CAMBIO GUARDAFANGO LLANTA TRASERA PARTE DELANTERA,1
TNT150i,CAMBIO GUARDAFANGO LLANTA TRASERA PARTE DELANTERA,0.8
180S,CAMBIO GUARDAFANGO LLANTA TRASERA PARTE DELANTERA,0.8
TNT25N,CAMBIO GUARDAFANGO LLANTA TRASERA PARTE DELANTERA,0.8
LEONCINO 500,CAMBIO GUARDAFANGO LLANTA TRASERA PARTE DELANTERA,1
LEONCINO 250,CAMBIO GUARDAFANGO LLANTA TRASERA PARTE DELANTERA,0.8
TRK 500X,CAMBIO GUARDAFANGO LLANTA TRASERA PARTE DELANTERA,1
TRK 251,CAMBIO GUARDAFANGO LLANTA TRASERA PARTE DELANTERA,0.8
302 S,CAMBIO GUARDAFANGO LLANTA TRASERA PARTE DELANTERA,0.8
PULSAR 135,CAMBIO GUARDAFANGO TRASERO,0.5
Perseo,CAMBIO GUARDAFANGO TRASERO,0.5
PULSAR 180 UG,CAMBIO GUARDAFANGO TRASERO,0.5
PULSAR 150,CAMBIO GUARDAFANGO TRASERO,0.5
THOR 160,CAMBIO GUARDAFANGO TRASERO,0.3
PULSAR 200,CAMBIO GUARDAFANGO TRASERO,0.5
PULSAR 150 NS,CAMBIO GUARDAFANGO TRASERO,0.3
PULSAR 200 NS,CAMBIO GUARDAFANGO TRASERO,0.3
TITAN,CAMBIO GUARDAFANGO TRASERO,0.3
PULSAR  RS 200,CAMBIO GUARDAFANGO TRASERO,0.3
DISCOVER 100 5S,CAMBIO GUARDAFANGO TRASERO,0.5
DISCOVER 150,CAMBIO GUARDAFANGO TRASERO,0.5
DISCOVER 125 ST,CAMBIO GUARDAFANGO TRASERO,0.5
MOTOCARRO 4T,CAMBIO GUARDAFANGO TRASERO,0.5
TORITO,CAMBIO GUARDAFANGO TRASERO,0.5
KMX,CAMBIO GUARDAFANGO TRASERO,0.7
KLX 150,CAMBIO GUARDAFANGO TRASERO,0.3
KLX150  L,CAMBIO GUARDAFANGO TRASERO,0.3
KLX 250,CAMBIO GUARDAFANGO TRASERO,0.5
FURAX,CAMBIO GUARDAFANGO TRASERO,0.4
BOMBER 125,CAMBIO GUARDAFANGO TRASERO,1
BOMBER 250,CAMBIO GUARDAFANGO TRASERO,0.5
COMBAT 125,CAMBIO GUARDAFANGO TRASERO,1
VENOM 400,CAMBIO GUARDAFANGO TRASERO,0.6
VENOM 250,CAMBIO GUARDAFANGO TRASERO,0.3
TOP BOY,CAMBIO GUARDAFANGO TRASERO PORTA PLACA,0.5
AGILITY,CAMBIO GUARDAFANGO TRASERO PORTA PLACA,0.3
AGILITY RS,CAMBIO GUARDAFANGO TRASERO PORTA PLACA,0.3
AGILITY CITY 150,CAMBIO GUARDAFANGO TRASERO PORTA PLACA,0.3
BET & WIN,CAMBIO GUARDAFANGO TRASERO PORTA PLACA,0.8
ACTIV,CAMBIO GUARDAFANGO TRASERO PORTA PLACA,0.7
SPIKE,CAMBIO GUARDAFANGO TRASERO PORTA PLACA,0.7
AGILITY RS  NAKED,CAMBIO GUARDAFANGO TRASERO PORTA PLACA,0.3
SUPER 8,CAMBIO GUARDAFANGO TRASERO PORTA PLACA,0.5
GACELA,CAMBIO GUARDAFANGO TRASERO PORTA PLACA,0.5
CRUCERO             x-town 300,CAMBIO GUARDAFANGO TRASERO PORTA PLACA,0.7
ROCKET,CAMBIO GUARDAFANGO TRASERO PORTA PLACA,1.5
FLY 125,CAMBIO GUARDAFANGO TRASERO PORTA PLACA,0.3
TWIST,CAMBIO GUARDAFANGO TRASERO PORTA PLACA,0.3
JETIX,CAMBIO GUARDAFANGO TRASERO PORTA PLACA,0.7
UNI-K 110,CAMBIO GUARDAFANGO TRASERO PORTA PLACA,0.7
TRACK,CAMBIO GUARDAFANGO TRASERO PORTA PLACA,0.7
PULSAR 135,CAMBIO GUARDAFANGO TRASERO PORTA PLACA,0.7
Perseo,CAMBIO GUARDAFANGO TRASERO PORTA PLACA,0.7
PULSAR,CAMBIO GUARDAFANGO TRASERO PORTA PLACA,0.7
PULSAR 180 UG,CAMBIO GUARDAFANGO TRASERO PORTA PLACA,0.7
PULSAR 150,CAMBIO GUARDAFANGO TRASERO PORTA PLACA,0.7
THOR 160,CAMBIO GUARDAFANGO TRASERO PORTA PLACA,0.7
PULSAR 150 AS,CAMBIO GUARDAFANGO TRASERO PORTA PLACA,0.7
PULSAR 200 AS,CAMBIO GUARDAFANGO TRASERO PORTA PLACA,0.7
PULSAR 220,CAMBIO GUARDAFANGO TRASERO PORTA PLACA,0.7
AVENGER 220,CAMBIO GUARDAFANGO TRASERO PORTA PLACA,1.5
XCD,CAMBIO GUARDAFANGO TRASERO PORTA PLACA,0.7
DISCOVER 100,CAMBIO GUARDAFANGO TRASERO PORTA PLACA,0.7
DISCOVER 135,CAMBIO GUARDAFANGO TRASERO PORTA PLACA,0.7
BOXER,CAMBIO GUARDAFANGO TRASERO PORTA PLACA,0.7
LEXUS,CAMBIO GUARDAFANGO TRASERO PORTA PLACA,0.7
DISCOVER 100 5S,CAMBIO GUARDAFANGO TRASERO PORTA PLACA,0.7
DISCOVER 150,CAMBIO GUARDAFANGO TRASERO PORTA PLACA,0.7
CHAMPION,CAMBIO GUARDAFANGO TRASERO PORTA PLACA,0.7
DISCOVER 125 ST,CAMBIO GUARDAFANGO TRASERO PORTA PLACA,0.7
PLATINO 125,CAMBIO GUARDAFANGO TRASERO PORTA PLACA,0.7
PLATINO 125 - 5S,CAMBIO GUARDAFANGO TRASERO PORTA PLACA,0.7
PLATINO 100,CAMBIO GUARDAFANGO TRASERO PORTA PLACA,0.7
PLATINO 110,CAMBIO GUARDAFANGO TRASERO PORTA PLACA,0.7
FAMILLY,CAMBIO GUARDAFANGO TRASERO PORTA PLACA,0.7
KAZE MAX II,CAMBIO GUARDAFANGO TRASERO PORTA PLACA,0.5
ZX 130- MAGIC II,CAMBIO GUARDAFANGO TRASERO PORTA PLACA,0.8
KMX,CAMBIO GUARDAFANGO TRASERO PORTA PLACA,0.7
KLX 150,CAMBIO GUARDAFANGO TRASERO PORTA PLACA,0.7
KLX150  L,CAMBIO GUARDAFANGO TRASERO PORTA PLACA,0.7
KLX 250,CAMBIO GUARDAFANGO TRASERO PORTA PLACA,0.7
NINJA 250,CAMBIO GUARDAFANGO TRASERO PORTA PLACA,0.7
NINJA 250 FI,CAMBIO GUARDAFANGO TRASERO PORTA PLACA,0.7
Z250,CAMBIO GUARDAFANGO TRASERO PORTA PLACA,0.7
Z250 SL,CAMBIO GUARDAFANGO TRASERO PORTA PLACA,0.7
ER-6n,CAMBIO GUARDAFANGO TRASERO PORTA PLACA,0.5
TRANS-SPORT,CAMBIO GUARDAFANGO TRASERO PORTA PLACA,0.5
MRX 150,CAMBIO GUARDAFANGO TRASERO PORTA PLACA,1
FURAX,CAMBIO GUARDAFANGO TRASERO PORTA PLACA,0.7
BOMBER 125,CAMBIO GUARDAFANGO TRASERO PORTA PLACA,0.7
BOMBER 250,CAMBIO GUARDAFANGO TRASERO PORTA PLACA,0.5
COMBAT 125,CAMBIO GUARDAFANGO TRASERO PORTA PLACA,0.7
ZS,CAMBIO GUARDAFANGO TRASERO PORTA PLACA,0.5
LIFE,CAMBIO GUARDAFANGO TRASERO PORTA PLACA,0.5
HUNTER,CAMBIO GUARDAFANGO TRASERO PORTA PLACA,0.7
BLACK,CAMBIO GUARDAFANGO TRASERO PORTA PLACA,0.7
VENOM 400,CAMBIO GUARDAFANGO TRASERO PORTA PLACA,0.6
ONE,CAMBIO GUARDAFANGO TRASERO PORTA PLACA,0.7
FLOW,CAMBIO GUARDAFANGO TRASERO PORTA PLACA,0.7
ADVANCE II LF,CAMBIO GUARDAFANGO TRASERO PORTA PLACA,0.7
ZONTES 155,CAMBIO GUARDAFANGO TRASERO PORTA PLACA,0.7
ZONTES 310M,CAMBIO GUARDAFANGO TRASERO PORTA PLACA,0.7
SHOCK,CAMBIO GUARDAFANGO TRASERO PORTA PLACA,0.7
TNT150i,CAMBIO GUARDAFANGO TRASERO PORTA PLACA,0.7
180S,CAMBIO GUARDAFANGO TRASERO PORTA PLACA,0.7
TNT25N,CAMBIO GUARDAFANGO TRASERO PORTA PLACA,0.7
LEONCINO 500,CAMBIO GUARDAFANGO TRASERO PORTA PLACA,0.5
LEONCINO 250,CAMBIO GUARDAFANGO TRASERO PORTA PLACA,0.7
TRK 500X,CAMBIO GUARDAFANGO TRASERO PORTA PLACA,0.5
TRK 251,CAMBIO GUARDAFANGO TRASERO PORTA PLACA,0.7
302 S,CAMBIO GUARDAFANGO TRASERO PORTA PLACA,0.8
TOP BOY,CAMBIO  GUARDAFANGO INTERNO,0.2
AGILITY,CAMBIO  GUARDAFANGO INTERNO,0.2
AGILITY RS,CAMBIO  GUARDAFANGO INTERNO,0.2
AGILITY CITY 150,CAMBIO  GUARDAFANGO INTERNO,0.2
BET & WIN,CAMBIO  GUARDAFANGO INTERNO,0.2
AGILITY RS  NAKED,CAMBIO  GUARDAFANGO INTERNO,0.2
SUPER 8,CAMBIO  GUARDAFANGO INTERNO,0.2
GACELA,CAMBIO  GUARDAFANGO INTERNO,0.2
CRUCERO             x-town 300,CAMBIO  GUARDAFANGO INTERNO,0.2
ROCKET,CAMBIO  GUARDAFANGO INTERNO,0.2
FLY 125,CAMBIO  GUARDAFANGO INTERNO,0.2
TWIST,CAMBIO  GUARDAFANGO INTERNO,0.2
PULSAR,CAMBIO  GUARDAFANGO INTERNO,0.2
PULSAR 180 UG,CAMBIO  GUARDAFANGO INTERNO,0.2
PULSAR 150,CAMBIO  GUARDAFANGO INTERNO,0.2
THOR 160,CAMBIO  GUARDAFANGO INTERNO,0.2
PULSAR 200,CAMBIO  GUARDAFANGO INTERNO,0.2
PULSAR 220,CAMBIO  GUARDAFANGO INTERNO,0.2
XCD,CAMBIO  GUARDAFANGO INTERNO,0.2
DISCOVER 100,CAMBIO  GUARDAFANGO INTERNO,0.2
DISCOVER 135,CAMBIO  GUARDAFANGO INTERNO,0.2
PLATINO 125,CAMBIO  GUARDAFANGO INTERNO,0.2
PLATINO 125 - 5S,CAMBIO  GUARDAFANGO INTERNO,0.2
KMX,CAMBIO  GUARDAFANGO INTERNO,0.5
KLX 150,CAMBIO  GUARDAFANGO INTERNO,0.7
KLX150  L,CAMBIO  GUARDAFANGO INTERNO,0.7
KLX 250,CAMBIO  GUARDAFANGO INTERNO,0.7
NINJA 250 FI,CAMBIO  GUARDAFANGO INTERNO,0.3
Z250,CAMBIO  GUARDAFANGO INTERNO,0.3
Z250 SL,CAMBIO  GUARDAFANGO INTERNO,0.3
BOMBER 250,CAMBIO  GUARDAFANGO INTERNO,0.1
ZS,CAMBIO  GUARDAFANGO INTERNO,0.2
LIFE,CAMBIO  GUARDAFANGO INTERNO,0.2
HUNTER,CAMBIO  GUARDAFANGO INTERNO,0.5
BLACK,CAMBIO  GUARDAFANGO INTERNO,0.2
VENOM 400,CAMBIO  GUARDAFANGO INTERNO,0.6
ZONTES 155,CAMBIO  GUARDAFANGO INTERNO,0.3
ZONTES 310M,CAMBIO  GUARDAFANGO INTERNO,0.2
TNT150i,CAMBIO  GUARDAFANGO INTERNO,0.3
180S,CAMBIO  GUARDAFANGO INTERNO,0.3
TNT25N,CAMBIO  GUARDAFANGO INTERNO,0.3
LEONCINO 500,CAMBIO  GUARDAFANGO INTERNO,1
LEONCINO 250,CAMBIO  GUARDAFANGO INTERNO,0.3
TRK 500X,CAMBIO  GUARDAFANGO INTERNO,1
TRK 251,CAMBIO  GUARDAFANGO INTERNO,0.3
302 S,CAMBIO  GUARDAFANGO INTERNO,0.3
PULSAR 135,CAMBIO ENFOCADORES TANQUE LH Y RH C/U,0.3
Perseo,CAMBIO ENFOCADORES TANQUE LH Y RH C/U,0.3
PULSAR 180 UG,CAMBIO ENFOCADORES TANQUE LH Y RH C/U,0.1
PULSAR 150,CAMBIO ENFOCADORES TANQUE LH Y RH C/U,0.1
THOR 160,CAMBIO ENFOCADORES TANQUE LH Y RH C/U,0.5
PULSAR 200,CAMBIO ENFOCADORES TANQUE LH Y RH C/U,0.5
PULSAR 150 NS,CAMBIO ENFOCADORES TANQUE LH Y RH C/U,0.5
PULSAR 150 AS,CAMBIO ENFOCADORES TANQUE LH Y RH C/U,0.7
PULSAR 200 AS,CAMBIO ENFOCADORES TANQUE LH Y RH C/U,0.7
PULSAR 200 NS,CAMBIO ENFOCADORES TANQUE LH Y RH C/U,0.5
PULSAR 220,CAMBIO ENFOCADORES TANQUE LH Y RH C/U,0.1
XCD,CAMBIO ENFOCADORES TANQUE LH Y RH C/U,0.2
DISCOVER 100,CAMBIO ENFOCADORES TANQUE LH Y RH C/U,0.2
PLATINO 125,CAMBIO ENFOCADORES TANQUE LH Y RH C/U,0.2
PLATINO 125 - 5S,CAMBIO ENFOCADORES TANQUE LH Y RH C/U,0.2
KMX,CAMBIO ENFOCADORES TANQUE LH Y RH C/U,0.2
KLX 150,CAMBIO ENFOCADORES TANQUE LH Y RH C/U,0.4
KLX150  L,CAMBIO ENFOCADORES TANQUE LH Y RH C/U,0.4
KLX 250,CAMBIO ENFOCADORES TANQUE LH Y RH C/U,0.4
MRX 150,CAMBIO ENFOCADORES TANQUE LH Y RH C/U,0.4
FURAX,CAMBIO ENFOCADORES TANQUE LH Y RH C/U,0.8
VENOM 250,CAMBIO ENFOCADORES TANQUE LH Y RH C/U,0.5
ZONTES 155,CAMBIO ENFOCADORES TANQUE LH Y RH C/U,0.5
TITAN,CAMBIO PROTECTOR MOTOR,0.2
MRX 150,CAMBIO PROTECTOR MOTOR,0.2
PLATINO 110,CAMBIO TAPA INFERIOR TANQUE LH Y RH,0.2
NINJA 250,CAMBIO TAPA INFERIOR TANQUE LH Y RH,0.3
NINJA 250 FI,CAMBIO TAPA INFERIOR TANQUE LH Y RH,0.3
Z250,CAMBIO TAPA INFERIOR TANQUE LH Y RH,0.3
Z250 SL,CAMBIO TAPA INFERIOR TANQUE LH Y RH,0.3
ER-6n,CAMBIO TAPA INFERIOR TANQUE LH Y RH,0.4
VENOM 400,CAMBIO TAPA INFERIOR TANQUE LH Y RH,0.5
ZONTES 155,CAMBIO TAPA INFERIOR TANQUE LH Y RH,0.3
TNT150i,CAMBIO TAPA INFERIOR TANQUE LH Y RH,0.3
180S,CAMBIO TAPA INFERIOR TANQUE LH Y RH,0.3
TNT25N,CAMBIO TAPA INFERIOR TANQUE LH Y RH,0.3
LEONCINO 500,CAMBIO TAPA INFERIOR TANQUE LH Y RH,0.4
LEONCINO 250,CAMBIO TAPA INFERIOR TANQUE LH Y RH,0.3
TRK 500X,CAMBIO TAPA INFERIOR TANQUE LH Y RH,0.4
TRK 251,CAMBIO TAPA INFERIOR TANQUE LH Y RH,0.3
302 S,CAMBIO TAPA INFERIOR TANQUE LH Y RH,0.3
PULSAR 135,CAMBIO CARENAJE TRASERO (COLA),1
Perseo,CAMBIO CARENAJE TRASERO (COLA),1
PULSAR,CAMBIO CARENAJE TRASERO (COLA),1
PULSAR 180 UG,CAMBIO CARENAJE TRASERO (COLA),1
PULSAR 150,CAMBIO CARENAJE TRASERO (COLA),1
THOR 160,CAMBIO CARENAJE TRASERO (COLA),1
PULSAR 200,CAMBIO CARENAJE TRASERO (COLA),1
PULSAR 150 NS,CAMBIO CARENAJE TRASERO (COLA),1
PULSAR 150 AS,CAMBIO CARENAJE TRASERO (COLA),1
PULSAR 200 AS,CAMBIO CARENAJE TRASERO (COLA),1
PULSAR 200 NS,CAMBIO CARENAJE TRASERO (COLA),1
TITAN,CAMBIO CARENAJE TRASERO (COLA),1.5
PULSAR  RS 200,CAMBIO CARENAJE TRASERO (COLA),1.7
PULSAR 220,CAMBIO CARENAJE TRASERO (COLA),1
XCD,CAMBIO CARENAJE TRASERO (COLA),1
DISCOVER 100,CAMBIO CARENAJE TRASERO (COLA),1
DISCOVER 135,CAMBIO CARENAJE TRASERO (COLA),1
BOXER,CAMBIO CARENAJE TRASERO (COLA),1
LEXUS,CAMBIO CARENAJE TRASERO (COLA),1
DISCOVER 100 5S,CAMBIO CARENAJE TRASERO (COLA),1
DISCOVER 150,CAMBIO CARENAJE TRASERO (COLA),1
CHAMPION,CAMBIO CARENAJE TRASERO (COLA),1
DISCOVER 125 ST,CAMBIO CARENAJE TRASERO (COLA),1
PLATINO 125,CAMBIO CARENAJE TRASERO (COLA),1
PLATINO 125 - 5S,CAMBIO CARENAJE TRASERO (COLA),1
PLATINO 100,CAMBIO CARENAJE TRASERO (COLA),1
PLATINO 110,CAMBIO CARENAJE TRASERO (COLA),1
FAMILLY,CAMBIO CARENAJE TRASERO (COLA),1
KAZE MAX II,CAMBIO CARENAJE TRASERO (COLA),1
NINJA 250,CAMBIO CARENAJE TRASERO (COLA),1
NINJA 250 FI,CAMBIO CARENAJE TRASERO (COLA),1
Z250,CAMBIO CARENAJE TRASERO (COLA),1
Z250 SL,CAMBIO CARENAJE TRASERO (COLA),1
TRANS-SPORT,CAMBIO CARENAJE TRASERO (COLA),1
VENOM 400,CAMBIO CARENAJE TRASERO (COLA),0.6
VENOM 250,CAMBIO CARENAJE TRASERO (COLA),1
ZONTES 155,CAMBIO CARENAJE TRASERO (COLA),1
TNT150i,CAMBIO CARENAJE TRASERO (COLA),1
180S,CAMBIO CARENAJE TRASERO (COLA),1
TNT25N,CAMBIO CARENAJE TRASERO (COLA),1
LEONCINO 500,CAMBIO CARENAJE TRASERO (COLA),1
LEONCINO 250,CAMBIO CARENAJE TRASERO (COLA),1
TRK 500X,CAMBIO CARENAJE TRASERO (COLA),1
TRK 251,CAMBIO CARENAJE TRASERO (COLA),1
302 S,CAMBIO CARENAJE TRASERO (COLA),1
TOP BOY,CAMBIO DE CORTA VIENTOS LH Y RH C/U,0.2
KMX,CAMBIO DE CORTA VIENTOS LH Y RH C/U,0.1
TOP BOY,CAMBIO GAVETA,0.5
AGILITY,CAMBIO GAVETA,0.5
AGILITY RS,CAMBIO GAVETA,0.5
AGILITY CITY 150,CAMBIO GAVETA,0.5
BET & WIN,CAMBIO GAVETA,0.6
AGILITY RS  NAKED,CAMBIO GAVETA,0.5
SUPER 8,CAMBIO GAVETA,0.5
GACELA,CAMBIO GAVETA,0.5
CRUCERO             x-town 300,CAMBIO GAVETA,0.5
ROCKET,CAMBIO GAVETA,0.5
FLY 125,CAMBIO GAVETA,0.5
TWIST,CAMBIO GAVETA,0.5
ZS,CAMBIO GAVETA,0.5
LIFE,CAMBIO GAVETA,0.5
HUNTER,CAMBIO GAVETA,0.5
BLACK,CAMBIO GAVETA,0.5
ZONTES 310M,CAMBIO GAVETA,0.5
TOP BOY,CAMBIO CARENAJE GAVETA FRONTAL,1
ACTIV,CAMBIO CARENAJE INFERIOR CENTRAL,0.5
SPIKE,CAMBIO CARENAJE INFERIOR CENTRAL,0.5
JETIX,CAMBIO CARENAJE INFERIOR CENTRAL,0.5
UNI-K 110,CAMBIO CARENAJE INFERIOR CENTRAL,0.5
TRACK,CAMBIO CARENAJE INFERIOR CENTRAL,0.5
KAZE MAX II,CAMBIO CARENAJE INFERIOR CENTRAL,0.5
ZX 130- MAGIC II,CAMBIO CARENAJE INFERIOR CENTRAL,0.5
TRANS-SPORT,CAMBIO CARENAJE INFERIOR CENTRAL,0.5
ONE,CAMBIO CARENAJE INFERIOR CENTRAL,0.5
FLOW,CAMBIO CARENAJE INFERIOR CENTRAL,0.5
ADVANCE II LF,CAMBIO CARENAJE INFERIOR CENTRAL,0.5
SHOCK,CAMBIO CARENAJE INFERIOR CENTRAL,0.5
TOP BOY,CAMBIO CARENAJE APOYA PIES,1
AGILITY,CAMBIO CARENAJE APOYA PIES,1
AGILITY RS,CAMBIO CARENAJE APOYA PIES,1
AGILITY CITY 150,CAMBIO CARENAJE APOYA PIES,1
BET & WIN,CAMBIO CARENAJE APOYA PIES,1.7
AGILITY RS  NAKED,CAMBIO CARENAJE APOYA PIES,1
SUPER 8,CAMBIO CARENAJE APOYA PIES,1
GACELA,CAMBIO CARENAJE APOYA PIES,1
CRUCERO             x-town 300,CAMBIO CARENAJE APOYA PIES,1.7
ROCKET,CAMBIO CARENAJE APOYA PIES,1
FLY 125,CAMBIO CARENAJE APOYA PIES,1
TWIST,CAMBIO CARENAJE APOYA PIES,1
ZS,CAMBIO CARENAJE APOYA PIES,1
LIFE,CAMBIO CARENAJE APOYA PIES,1
HUNTER,CAMBIO CARENAJE APOYA PIES,1.7
BLACK,CAMBIO CARENAJE APOYA PIES,1.7
ZONTES 310M,CAMBIO CARENAJE APOYA PIES,2
TOP BOY,CAMBIO PROTECTOR METALICO APOYA PIES,0.2
TOP BOY,CAMBIO CARENAJE FRONTAL INFERIOR,0.3
AGILITY,CAMBIO CARENAJE DEL TABLERO DE INSTRUMENTOS,1
AGILITY RS,CAMBIO CARENAJE DEL TABLERO DE INSTRUMENTOS,1
AGILITY CITY 150,CAMBIO CARENAJE DEL TABLERO DE INSTRUMENTOS,1
BET & WIN,CAMBIO CARENAJE DEL TABLERO DE INSTRUMENTOS,1.3
ACTIV,CAMBIO CARENAJE DEL TABLERO DE INSTRUMENTOS,1
SPIKE,CAMBIO CARENAJE DEL TABLERO DE INSTRUMENTOS,1
AGILITY RS  NAKED,CAMBIO CARENAJE DEL TABLERO DE INSTRUMENTOS,1
FLY 125,CAMBIO CARENAJE DEL TABLERO DE INSTRUMENTOS,1
TWIST,CAMBIO CARENAJE DEL TABLERO DE INSTRUMENTOS,1
JETIX,CAMBIO CARENAJE DEL TABLERO DE INSTRUMENTOS,1
UNI-K 110,CAMBIO CARENAJE DEL TABLERO DE INSTRUMENTOS,1
TRACK,CAMBIO CARENAJE DEL TABLERO DE INSTRUMENTOS,1
PULSAR 135,CAMBIO CARENAJE DEL TABLERO DE INSTRUMENTOS,1.5
Perseo,CAMBIO CARENAJE DEL TABLERO DE INSTRUMENTOS,1.5
PULSAR,CAMBIO CARENAJE DEL TABLERO DE INSTRUMENTOS,1
PULSAR 180 UG,CAMBIO CARENAJE DEL TABLERO DE INSTRUMENTOS,1
PULSAR 150,CAMBIO CARENAJE DEL TABLERO DE INSTRUMENTOS,1
THOR 160,CAMBIO CARENAJE DEL TABLERO DE INSTRUMENTOS,1
PULSAR 200,CAMBIO CARENAJE DEL TABLERO DE INSTRUMENTOS,1
PULSAR 150 NS,CAMBIO CARENAJE DEL TABLERO DE INSTRUMENTOS,1
PULSAR 150 AS,CAMBIO CARENAJE DEL TABLERO DE INSTRUMENTOS,1
PULSAR 200 AS,CAMBIO CARENAJE DEL TABLERO DE INSTRUMENTOS,1
PULSAR 200 NS,CAMBIO CARENAJE DEL TABLERO DE INSTRUMENTOS,1
TITAN,CAMBIO CARENAJE DEL TABLERO DE INSTRUMENTOS,1
PULSAR  RS 200,CAMBIO CARENAJE DEL TABLERO DE INSTRUMENTOS,1.5
PULSAR 220,CAMBIO CARENAJE DEL TABLERO DE INSTRUMENTOS,1
XCD,CAMBIO CARENAJE DEL TABLERO DE INSTRUMENTOS,1
DISCOVER 100,CAMBIO CARENAJE DEL TABLERO DE INSTRUMENTOS,1
DISCOVER 100 5S,CAMBIO CARENAJE DEL TABLERO DE INSTRUMENTOS,1
DISCOVER 150,CAMBIO CARENAJE DEL TABLERO DE INSTRUMENTOS,1.5
CHAMPION,CAMBIO CARENAJE DEL TABLERO DE INSTRUMENTOS,1.5
DISCOVER 125 ST,CAMBIO CARENAJE DEL TABLERO DE INSTRUMENTOS,1.5
PLATINO 125,CAMBIO CARENAJE DEL TABLERO DE INSTRUMENTOS,1
PLATINO 125 - 5S,CAMBIO CARENAJE DEL TABLERO DE INSTRUMENTOS,1
FAMILLY,CAMBIO CARENAJE DEL TABLERO DE INSTRUMENTOS,1
KAZE MAX II,CAMBIO CARENAJE DEL TABLERO DE INSTRUMENTOS,1
ZX 130- MAGIC II,CAMBIO CARENAJE DEL TABLERO DE INSTRUMENTOS,1
NINJA 250,CAMBIO CARENAJE DEL TABLERO DE INSTRUMENTOS,1.5
NINJA 250 FI,CAMBIO CARENAJE DEL TABLERO DE INSTRUMENTOS,1.5
TRANS-SPORT,CAMBIO CARENAJE DEL TABLERO DE INSTRUMENTOS,0.7
FURAX,CAMBIO CARENAJE DEL TABLERO DE INSTRUMENTOS,0.6
ZS,CAMBIO CARENAJE DEL TABLERO DE INSTRUMENTOS,1
HUNTER,CAMBIO CARENAJE DEL TABLERO DE INSTRUMENTOS,1
BLACK,CAMBIO CARENAJE DEL TABLERO DE INSTRUMENTOS,1.3
VENOM 400,CAMBIO CARENAJE DEL TABLERO DE INSTRUMENTOS,0.1
VENOM 250,CAMBIO CARENAJE DEL TABLERO DE INSTRUMENTOS,1
ONE,CAMBIO CARENAJE DEL TABLERO DE INSTRUMENTOS,1
FLOW,CAMBIO CARENAJE DEL TABLERO DE INSTRUMENTOS,1
ADVANCE II LF,CAMBIO CARENAJE DEL TABLERO DE INSTRUMENTOS,1
ZONTES 310M,CAMBIO CARENAJE DEL TABLERO DE INSTRUMENTOS,1.3
SHOCK,CAMBIO CARENAJE DEL TABLERO DE INSTRUMENTOS,1
TNT25N,CAMBIO CARENAJE DEL TABLERO DE INSTRUMENTOS,0.6
302 S,CAMBIO CARENAJE DEL TABLERO DE INSTRUMENTOS,0.6
AGILITY CITY 150,CAMBIO PARABRISAS,0.3
MOTOCARRO 4T,CAMBIO PARABRISAS,2
TORITO,CAMBIO PARABRISAS,2
TOP BOY,IMPERMEABILIZADA DE TABLERO DE INSTRUMENTOS,1
AGILITY,IMPERMEABILIZADA DE TABLERO DE INSTRUMENTOS,1
AGILITY RS,IMPERMEABILIZADA DE TABLERO DE INSTRUMENTOS,1
AGILITY CITY 150,IMPERMEABILIZADA DE TABLERO DE INSTRUMENTOS,1
BET & WIN,IMPERMEABILIZADA DE TABLERO DE INSTRUMENTOS,1.3
ACTIV,IMPERMEABILIZADA DE TABLERO DE INSTRUMENTOS,1
SPIKE,IMPERMEABILIZADA DE TABLERO DE INSTRUMENTOS,1
AGILITY RS  NAKED,IMPERMEABILIZADA DE TABLERO DE INSTRUMENTOS,1
SUPER 8,IMPERMEABILIZADA DE TABLERO DE INSTRUMENTOS,1
GACELA,IMPERMEABILIZADA DE TABLERO DE INSTRUMENTOS,1
CRUCERO             x-town 300,IMPERMEABILIZADA DE TABLERO DE INSTRUMENTOS,1.5
FLY 125,IMPERMEABILIZADA DE TABLERO DE INSTRUMENTOS,1
TWIST,IMPERMEABILIZADA DE TABLERO DE INSTRUMENTOS,1
JETIX,IMPERMEABILIZADA DE TABLERO DE INSTRUMENTOS,1
UNI-K 110,IMPERMEABILIZADA DE TABLERO DE INSTRUMENTOS,1
TRACK,IMPERMEABILIZADA DE TABLERO DE INSTRUMENTOS,1
PULSAR 135,IMPERMEABILIZADA DE TABLERO DE INSTRUMENTOS,1
Perseo,IMPERMEABILIZADA DE TABLERO DE INSTRUMENTOS,1
PULSAR,IMPERMEABILIZADA DE TABLERO DE INSTRUMENTOS,1
PULSAR 180 UG,IMPERMEABILIZADA DE TABLERO DE INSTRUMENTOS,1
PULSAR 150,IMPERMEABILIZADA DE TABLERO DE INSTRUMENTOS,1
THOR 160,IMPERMEABILIZADA DE TABLERO DE INSTRUMENTOS,1
PULSAR 200,IMPERMEABILIZADA DE TABLERO DE INSTRUMENTOS,1
PULSAR 220,IMPERMEABILIZADA DE TABLERO DE INSTRUMENTOS,1
AVENGER 220,IMPERMEABILIZADA DE TABLERO DE INSTRUMENTOS,0.6
XCD,IMPERMEABILIZADA DE TABLERO DE INSTRUMENTOS,1
DISCOVER 100,IMPERMEABILIZADA DE TABLERO DE INSTRUMENTOS,1
DISCOVER 135,IMPERMEABILIZADA DE TABLERO DE INSTRUMENTOS,1
BOXER,IMPERMEABILIZADA DE TABLERO DE INSTRUMENTOS,1
LEXUS,IMPERMEABILIZADA DE TABLERO DE INSTRUMENTOS,1
DISCOVER 100 5S,IMPERMEABILIZADA DE TABLERO DE INSTRUMENTOS,0.8
DISCOVER 150,IMPERMEABILIZADA DE TABLERO DE INSTRUMENTOS,1
CHAMPION,IMPERMEABILIZADA DE TABLERO DE INSTRUMENTOS,1
DISCOVER 125 ST,IMPERMEABILIZADA DE TABLERO DE INSTRUMENTOS,1
BOXER BM 100,IMPERMEABILIZADA DE TABLERO DE INSTRUMENTOS,0.6
BOXER BM 150,IMPERMEABILIZADA DE TABLERO DE INSTRUMENTOS,0.6
BOXER BM 100 ES,IMPERMEABILIZADA DE TABLERO DE INSTRUMENTOS,0.6
PLATINO 125,IMPERMEABILIZADA DE TABLERO DE INSTRUMENTOS,1
PLATINO 125 - 5S,IMPERMEABILIZADA DE TABLERO DE INSTRUMENTOS,1
PLATINO 100,IMPERMEABILIZADA DE TABLERO DE INSTRUMENTOS,1
PLATINO 110,IMPERMEABILIZADA DE TABLERO DE INSTRUMENTOS,1
FAMILLY,IMPERMEABILIZADA DE TABLERO DE INSTRUMENTOS,1
MOTOCARRO 4T,IMPERMEABILIZADA DE TABLERO DE INSTRUMENTOS,0.4
TORITO,IMPERMEABILIZADA DE TABLERO DE INSTRUMENTOS,0.4
KAZE MAX II,IMPERMEABILIZADA DE TABLERO DE INSTRUMENTOS,1
ZX 130- MAGIC II,IMPERMEABILIZADA DE TABLERO DE INSTRUMENTOS,1
KMX,IMPERMEABILIZADA DE TABLERO DE INSTRUMENTOS,1
KLX 150,IMPERMEABILIZADA DE TABLERO DE INSTRUMENTOS,1
KLX150  L,IMPERMEABILIZADA DE TABLERO DE INSTRUMENTOS,1
KLX 250,IMPERMEABILIZADA DE TABLERO DE INSTRUMENTOS,1
NINJA 250,IMPERMEABILIZADA DE TABLERO DE INSTRUMENTOS,1.5
NINJA 250 FI,IMPERMEABILIZADA DE TABLERO DE INSTRUMENTOS,1.5
Z250,IMPERMEABILIZADA DE TABLERO DE INSTRUMENTOS,1.3
Z250 SL,IMPERMEABILIZADA DE TABLERO DE INSTRUMENTOS,1.3
ER-6n,IMPERMEABILIZADA DE TABLERO DE INSTRUMENTOS,1
TRANS-SPORT,IMPERMEABILIZADA DE TABLERO DE INSTRUMENTOS,1
MRX 150,IMPERMEABILIZADA DE TABLERO DE INSTRUMENTOS,1
FURAX,IMPERMEABILIZADA DE TABLERO DE INSTRUMENTOS,1
BOMBER 125,IMPERMEABILIZADA DE TABLERO DE INSTRUMENTOS,1
BOMBER 250,IMPERMEABILIZADA DE TABLERO DE INSTRUMENTOS,1
COMBAT 125,IMPERMEABILIZADA DE TABLERO DE INSTRUMENTOS,1
ZS,IMPERMEABILIZADA DE TABLERO DE INSTRUMENTOS,1
LIFE,IMPERMEABILIZADA DE TABLERO DE INSTRUMENTOS,1
HUNTER,IMPERMEABILIZADA DE TABLERO DE INSTRUMENTOS,1.5
BLACK,IMPERMEABILIZADA DE TABLERO DE INSTRUMENTOS,1.5
ONE,IMPERMEABILIZADA DE TABLERO DE INSTRUMENTOS,1
FLOW,IMPERMEABILIZADA DE TABLERO DE INSTRUMENTOS,1
ADVANCE II LF,IMPERMEABILIZADA DE TABLERO DE INSTRUMENTOS,1
ZONTES 155,IMPERMEABILIZADA DE TABLERO DE INSTRUMENTOS,1.3
ZONTES 310M,IMPERMEABILIZADA DE TABLERO DE INSTRUMENTOS,1.5
SHOCK,IMPERMEABILIZADA DE TABLERO DE INSTRUMENTOS,1
TNT150i,IMPERMEABILIZADA DE TABLERO DE INSTRUMENTOS,1.3
180S,IMPERMEABILIZADA DE TABLERO DE INSTRUMENTOS,1.3
TNT25N,IMPERMEABILIZADA DE TABLERO DE INSTRUMENTOS,1.3
LEONCINO 500,IMPERMEABILIZADA DE TABLERO DE INSTRUMENTOS,1
LEONCINO 250,IMPERMEABILIZADA DE TABLERO DE INSTRUMENTOS,1.3
TRK 500X,IMPERMEABILIZADA DE TABLERO DE INSTRUMENTOS,1
TRK 251,IMPERMEABILIZADA DE TABLERO DE INSTRUMENTOS,1.3
302 S,IMPERMEABILIZADA DE TABLERO DE INSTRUMENTOS,1
ACTIV,CAMBIO PARRILLA CENTRAL,0.4
UNI-K 110,CAMBIO PARRILLA CENTRAL,0.4
BOMBER 125,CAMBIO PARRILLA CENTRAL,0.3
COMBAT 125,CAMBIO PARRILLA CENTRAL,0.3
FLOW,CAMBIO PARRILLA CENTRAL,0.4
ADVANCE II LF,CAMBIO PARRILLA CENTRAL,0.4
SHOCK,CAMBIO PARRILLA CENTRAL,0.4
ACTIV,CAMBIO GUARDAFANGO DELANTERO POSTERIOR,0.3
SPIKE,CAMBIO GUARDAFANGO DELANTERO POSTERIOR,0.3
UNI-K 110,CAMBIO GUARDAFANGO DELANTERO POSTERIOR,0.3
TRACK,CAMBIO GUARDAFANGO DELANTERO POSTERIOR,0.3
ZX 130- MAGIC II,CAMBIO GUARDAFANGO DELANTERO POSTERIOR,0.4
TRANS-SPORT,CAMBIO GUARDAFANGO DELANTERO POSTERIOR,0.3
ONE,CAMBIO GUARDAFANGO DELANTERO POSTERIOR,0.3
FLOW,CAMBIO GUARDAFANGO DELANTERO POSTERIOR,0.3
ADVANCE II LF,CAMBIO GUARDAFANGO DELANTERO POSTERIOR,0.3
SHOCK,CAMBIO GUARDAFANGO DELANTERO POSTERIOR,0.3
TOP BOY,CAMBIO CARENAJES FRONTAL LATERAL LH Y RH C/U,0.5
ACTIV,CAMBIO CARENAJES FRONTAL LATERAL LH Y RH C/U,0.3
SPIKE,CAMBIO CARENAJES FRONTAL LATERAL LH Y RH C/U,0.3
JETIX,CAMBIO CARENAJES FRONTAL LATERAL LH Y RH C/U,0.3
UNI-K 110,CAMBIO CARENAJES FRONTAL LATERAL LH Y RH C/U,0.3
KAZE MAX II,CAMBIO CARENAJES FRONTAL LATERAL LH Y RH C/U,0.5
ZX 130- MAGIC II,CAMBIO CARENAJES FRONTAL LATERAL LH Y RH C/U,0.3
TRANS-SPORT,CAMBIO CARENAJES FRONTAL LATERAL LH Y RH C/U,0.5
FLOW,CAMBIO CARENAJES FRONTAL LATERAL LH Y RH C/U,0.3
ADVANCE II LF,CAMBIO CARENAJES FRONTAL LATERAL LH Y RH C/U,0.3
SHOCK,CAMBIO CARENAJES FRONTAL LATERAL LH Y RH C/U,0.3
ACTIV,CAMBIO GUARDAFANGO DELANTERO FRONTAL,0.2
SPIKE,CAMBIO GUARDAFANGO DELANTERO FRONTAL,0.2
JETIX,CAMBIO GUARDAFANGO DELANTERO FRONTAL,0.2
UNI-K 110,CAMBIO GUARDAFANGO DELANTERO FRONTAL,0.2
TRACK,CAMBIO GUARDAFANGO DELANTERO FRONTAL,0.4
PULSAR 135,CAMBIO GUARDAFANGO DELANTERO FRONTAL,0.4
Perseo,CAMBIO GUARDAFANGO DELANTERO FRONTAL,0.4
PULSAR,CAMBIO GUARDAFANGO DELANTERO FRONTAL,0.4
PULSAR 180 UG,CAMBIO GUARDAFANGO DELANTERO FRONTAL,0.4
PULSAR 150,CAMBIO GUARDAFANGO DELANTERO FRONTAL,0.4
THOR 160,CAMBIO GUARDAFANGO DELANTERO FRONTAL,0.4
PULSAR 200,CAMBIO GUARDAFANGO DELANTERO FRONTAL,0.4
PULSAR 220,CAMBIO GUARDAFANGO DELANTERO FRONTAL,0.4
AVENGER 220,CAMBIO GUARDAFANGO DELANTERO FRONTAL,0.4
XCD,CAMBIO GUARDAFANGO DELANTERO FRONTAL,0.4
DISCOVER 100,CAMBIO GUARDAFANGO DELANTERO FRONTAL,0.4
DISCOVER 135,CAMBIO GUARDAFANGO DELANTERO FRONTAL,0.4
BOXER,CAMBIO GUARDAFANGO DELANTERO FRONTAL,0.4
LEXUS,CAMBIO GUARDAFANGO DELANTERO FRONTAL,0.4
DISCOVER 100 5S,CAMBIO GUARDAFANGO DELANTERO FRONTAL,0.4
DISCOVER 150,CAMBIO GUARDAFANGO DELANTERO FRONTAL,0.4
CHAMPION,CAMBIO GUARDAFANGO DELANTERO FRONTAL,0.4
DISCOVER 125 ST,CAMBIO GUARDAFANGO DELANTERO FRONTAL,0.4
BOXER BM 100,CAMBIO GUARDAFANGO DELANTERO FRONTAL,0.4
BOXER BM 150,CAMBIO GUARDAFANGO DELANTERO FRONTAL,0.4
BOXER BM 100 ES,CAMBIO GUARDAFANGO DELANTERO FRONTAL,0.4
PLATINO 125,CAMBIO GUARDAFANGO DELANTERO FRONTAL,0.4
PLATINO 125 - 5S,CAMBIO GUARDAFANGO DELANTERO FRONTAL,0.4
PLATINO 100,CAMBIO GUARDAFANGO DELANTERO FRONTAL,0.4
PLATINO 110,CAMBIO GUARDAFANGO DELANTERO FRONTAL,0.4
ZX 130- MAGIC II,CAMBIO GUARDAFANGO DELANTERO FRONTAL,1.6
TRANS-SPORT,CAMBIO GUARDAFANGO DELANTERO FRONTAL,0.3
ONE,CAMBIO GUARDAFANGO DELANTERO FRONTAL,0.4
FLOW,CAMBIO GUARDAFANGO DELANTERO FRONTAL,0.2
ADVANCE II LF,CAMBIO GUARDAFANGO DELANTERO FRONTAL,0.2
SHOCK,CAMBIO GUARDAFANGO DELANTERO FRONTAL,0.2
TOP BOY,CAMBIO CARENAJE FRONTAL (FAROLA),0.4
AGILITY,CAMBIO CARENAJE FRONTAL (FAROLA),0.6
AGILITY RS,CAMBIO CARENAJE FRONTAL (FAROLA),0.6
AGILITY CITY 150,CAMBIO CARENAJE FRONTAL (FAROLA),1
BET & WIN,CAMBIO CARENAJE FRONTAL (FAROLA),1.2
ACTIV,CAMBIO CARENAJE FRONTAL (FAROLA),0.7
SPIKE,CAMBIO CARENAJE FRONTAL (FAROLA),0.7
AGILITY RS  NAKED,CAMBIO CARENAJE FRONTAL (FAROLA),0.6
SUPER 8,CAMBIO CARENAJE FRONTAL (FAROLA),0.6
GACELA,CAMBIO CARENAJE FRONTAL (FAROLA),0.6
CRUCERO             x-town 300,CAMBIO CARENAJE FRONTAL (FAROLA),1
ROCKET,CAMBIO CARENAJE FRONTAL (FAROLA),1.5
FLY 125,CAMBIO CARENAJE FRONTAL (FAROLA),0.6
TWIST,CAMBIO CARENAJE FRONTAL (FAROLA),0.6
UNI-K 110,CAMBIO CARENAJE FRONTAL (FAROLA),0.7
TRACK,CAMBIO CARENAJE FRONTAL (FAROLA),0.6
PULSAR 135,CAMBIO CARENAJE FRONTAL (FAROLA),0.6
Perseo,CAMBIO CARENAJE FRONTAL (FAROLA),0.6
PULSAR,CAMBIO CARENAJE FRONTAL (FAROLA),0.6
PULSAR 180 UG,CAMBIO CARENAJE FRONTAL (FAROLA),0.6
PULSAR 150,CAMBIO CARENAJE FRONTAL (FAROLA),0.6
THOR 160,CAMBIO CARENAJE FRONTAL (FAROLA),1
PULSAR 200,CAMBIO CARENAJE FRONTAL (FAROLA),1
PULSAR 150 NS,CAMBIO CARENAJE FRONTAL (FAROLA),1
PULSAR 150 AS,CAMBIO CARENAJE FRONTAL (FAROLA),1
PULSAR 200 AS,CAMBIO CARENAJE FRONTAL (FAROLA),1
PULSAR 200 NS,CAMBIO CARENAJE FRONTAL (FAROLA),1
TITAN,CAMBIO CARENAJE FRONTAL (FAROLA),1
PULSAR  RS 200,CAMBIO CARENAJE FRONTAL (FAROLA),1.5
PULSAR 220,CAMBIO CARENAJE FRONTAL (FAROLA),2
XCD,CAMBIO CARENAJE FRONTAL (FAROLA),1
DISCOVER 100,CAMBIO CARENAJE FRONTAL (FAROLA),1
DISCOVER 135,CAMBIO CARENAJE FRONTAL (FAROLA),0.6
BOXER,CAMBIO CARENAJE FRONTAL (FAROLA),0.6
LEXUS,CAMBIO CARENAJE FRONTAL (FAROLA),0.6
DISCOVER 100 5S,CAMBIO CARENAJE FRONTAL (FAROLA),0.6
DISCOVER 150,CAMBIO CARENAJE FRONTAL (FAROLA),0.6
CHAMPION,CAMBIO CARENAJE FRONTAL (FAROLA),0.6
DISCOVER 125 ST,CAMBIO CARENAJE FRONTAL (FAROLA),0.6
PLATINO 125,CAMBIO CARENAJE FRONTAL (FAROLA),1
PLATINO 125 - 5S,CAMBIO CARENAJE FRONTAL (FAROLA),1
PLATINO 100,CAMBIO CARENAJE FRONTAL (FAROLA),0.6
PLATINO 110,CAMBIO CARENAJE FRONTAL (FAROLA),1
MOTOCARRO 4T,CAMBIO CARENAJE FRONTAL (FAROLA),0.1
TORITO,CAMBIO CARENAJE FRONTAL (FAROLA),1
MOTOCARRO DIESEL,CAMBIO CARENAJE FRONTAL (FAROLA),0.2
KAZE MAX II,CAMBIO CARENAJE FRONTAL (FAROLA),0.4
ZX 130- MAGIC II,CAMBIO CARENAJE FRONTAL (FAROLA),0.7
KMX,CAMBIO CARENAJE FRONTAL (FAROLA),0.2
KLX 150,CAMBIO CARENAJE FRONTAL (FAROLA),0.4
KLX150  L,CAMBIO CARENAJE FRONTAL (FAROLA),0.4
KLX 250,CAMBIO CARENAJE FRONTAL (FAROLA),0.4
NINJA 250,CAMBIO CARENAJE FRONTAL (FAROLA),1
NINJA 250 FI,CAMBIO CARENAJE FRONTAL (FAROLA),1
Z250,CAMBIO CARENAJE FRONTAL (FAROLA),1
Z250 SL,CAMBIO CARENAJE FRONTAL (FAROLA),1
ER-6n,CAMBIO CARENAJE FRONTAL (FAROLA),0.7
TRANS-SPORT,CAMBIO CARENAJE FRONTAL (FAROLA),0.6
MRX 150,CAMBIO CARENAJE FRONTAL (FAROLA),0.4
BOMBER 250,CAMBIO CARENAJE FRONTAL (FAROLA),0.6
ZS,CAMBIO CARENAJE FRONTAL (FAROLA),0.5
LIFE,CAMBIO CARENAJE FRONTAL (FAROLA),0.6
HUNTER,CAMBIO CARENAJE FRONTAL (FAROLA),1
BLACK,CAMBIO CARENAJE FRONTAL (FAROLA),1
VENOM 400,CAMBIO CARENAJE FRONTAL (FAROLA),0.5
VENOM 250,CAMBIO CARENAJE FRONTAL (FAROLA),1
ONE,CAMBIO CARENAJE FRONTAL (FAROLA),0.6
FLOW,CAMBIO CARENAJE FRONTAL (FAROLA),0.5
ADVANCE II LF,CAMBIO CARENAJE FRONTAL (FAROLA),0.7
ZONTES 155,CAMBIO CARENAJE FRONTAL (FAROLA),1
ZONTES 310M,CAMBIO CARENAJE FRONTAL (FAROLA),1
SHOCK,CAMBIO CARENAJE FRONTAL (FAROLA),0.7
TNT150i,CAMBIO CARENAJE FRONTAL (FAROLA),1
180S,CAMBIO CARENAJE FRONTAL (FAROLA),1
TNT25N,CAMBIO CARENAJE FRONTAL (FAROLA),1
TRK 500X,CAMBIO CARENAJE FRONTAL (FAROLA),1
TRK 251,CAMBIO CARENAJE FRONTAL (FAROLA),1
302 S,CAMBIO CARENAJE FRONTAL (FAROLA),1
TOP BOY,CAMBIO DE GUARDAFANGO DELANTERO,0.4
AGILITY,CAMBIO DE GUARDAFANGO DELANTERO,0.4
AGILITY RS,CAMBIO DE GUARDAFANGO DELANTERO,0.4
AGILITY CITY 150,CAMBIO DE GUARDAFANGO DELANTERO,0.4
BET & WIN,CAMBIO DE GUARDAFANGO DELANTERO,0.4
ACTIV,CAMBIO DE GUARDAFANGO DELANTERO,0.8
SPIKE,CAMBIO DE GUARDAFANGO DELANTERO,0.8
AGILITY RS  NAKED,CAMBIO DE GUARDAFANGO DELANTERO,0.4
SUPER 8,CAMBIO DE GUARDAFANGO DELANTERO,0.4
GACELA,CAMBIO DE GUARDAFANGO DELANTERO,0.4
CRUCERO             x-town 300,CAMBIO DE GUARDAFANGO DELANTERO,0.4
ROCKET,CAMBIO DE GUARDAFANGO DELANTERO,0.5
FLY 125,CAMBIO DE GUARDAFANGO DELANTERO,0.4
TWIST,CAMBIO DE GUARDAFANGO DELANTERO,0.4
UNI-K 110,CAMBIO DE GUARDAFANGO DELANTERO,0.8
TRACK,CAMBIO DE GUARDAFANGO DELANTERO,0.4
PULSAR 135,CAMBIO DE GUARDAFANGO DELANTERO,0.4
Perseo,CAMBIO DE GUARDAFANGO DELANTERO,0.4
PULSAR,CAMBIO DE GUARDAFANGO DELANTERO,0.4
PULSAR 180 UG,CAMBIO DE GUARDAFANGO DELANTERO,0.4
PULSAR 150,CAMBIO DE GUARDAFANGO DELANTERO,0.4
THOR 160,CAMBIO DE GUARDAFANGO DELANTERO,0.4
PULSAR 200,CAMBIO DE GUARDAFANGO DELANTERO,0.4
PULSAR 150 NS,CAMBIO DE GUARDAFANGO DELANTERO,0.4
PULSAR 150 AS,CAMBIO DE GUARDAFANGO DELANTERO,0.4
PULSAR 200 AS,CAMBIO DE GUARDAFANGO DELANTERO,0.4
PULSAR 200 NS,CAMBIO DE GUARDAFANGO DELANTERO,0.4
TITAN,CAMBIO DE GUARDAFANGO DELANTERO,0.4
PULSAR  RS 200,CAMBIO DE GUARDAFANGO DELANTERO,0.4
PULSAR 220,CAMBIO DE GUARDAFANGO DELANTERO,0.4
XCD,CAMBIO DE GUARDAFANGO DELANTERO,0.4
DISCOVER 100,CAMBIO DE GUARDAFANGO DELANTERO,0.4
DISCOVER 135,CAMBIO DE GUARDAFANGO DELANTERO,0.4
BOXER,CAMBIO DE GUARDAFANGO DELANTERO,0.4
LEXUS,CAMBIO DE GUARDAFANGO DELANTERO,0.4
DISCOVER 100 5S,CAMBIO DE GUARDAFANGO DELANTERO,0.4
DISCOVER 150,CAMBIO DE GUARDAFANGO DELANTERO,0.4
CHAMPION,CAMBIO DE GUARDAFANGO DELANTERO,0.4
DISCOVER 125 ST,CAMBIO DE GUARDAFANGO DELANTERO,0.4
BOXER BM 100,CAMBIO DE GUARDAFANGO DELANTERO,0.4
BOXER BM 150,CAMBIO DE GUARDAFANGO DELANTERO,0.4
BOXER BM 100 ES,CAMBIO DE GUARDAFANGO DELANTERO,0.4
PLATINO 125,CAMBIO DE GUARDAFANGO DELANTERO,0.4
PLATINO 125 - 5S,CAMBIO DE GUARDAFANGO DELANTERO,0.4
PLATINO 100,CAMBIO DE GUARDAFANGO DELANTERO,0.4
PLATINO 110,CAMBIO DE GUARDAFANGO DELANTERO,0.4
MOTOCARRO 4T,CAMBIO DE GUARDAFANGO DELANTERO,3
TORITO,CAMBIO DE GUARDAFANGO DELANTERO,3
KAZE MAX II,CAMBIO DE GUARDAFANGO DELANTERO,0.4
KMX,CAMBIO DE GUARDAFANGO DELANTERO,0.3
KLX 150,CAMBIO DE GUARDAFANGO DELANTERO,0.3
KLX150  L,CAMBIO DE GUARDAFANGO DELANTERO,0.3
KLX 250,CAMBIO DE GUARDAFANGO DELANTERO,0.3
NINJA 250,CAMBIO DE GUARDAFANGO DELANTERO,0.3
NINJA 250 FI,CAMBIO DE GUARDAFANGO DELANTERO,0.3
Z250,CAMBIO DE GUARDAFANGO DELANTERO,0.3
Z250 SL,CAMBIO DE GUARDAFANGO DELANTERO,0.3
ER-6n,CAMBIO DE GUARDAFANGO DELANTERO,0.3
MRX 150,CAMBIO DE GUARDAFANGO DELANTERO,0.3
FURAX,CAMBIO DE GUARDAFANGO DELANTERO,0.4
BOMBER 125,CAMBIO DE GUARDAFANGO DELANTERO,0.3
BOMBER 250,CAMBIO DE GUARDAFANGO DELANTERO,0.5
COMBAT 125,CAMBIO DE GUARDAFANGO DELANTERO,0.3
ZS,CAMBIO DE GUARDAFANGO DELANTERO,0.4
LIFE,CAMBIO DE GUARDAFANGO DELANTERO,0.4
HUNTER,CAMBIO DE GUARDAFANGO DELANTERO,0.4
BLACK,CAMBIO DE GUARDAFANGO DELANTERO,0.4
VENOM 400,CAMBIO DE GUARDAFANGO DELANTERO,0.25
VENOM 250,CAMBIO DE GUARDAFANGO DELANTERO,0.4
ONE,CAMBIO DE GUARDAFANGO DELANTERO,0.4
FLOW,CAMBIO DE GUARDAFANGO DELANTERO,0.8
ADVANCE II LF,CAMBIO DE GUARDAFANGO DELANTERO,0.8
ZONTES 155,CAMBIO DE GUARDAFANGO DELANTERO,0.3
ZONTES 310M,CAMBIO DE GUARDAFANGO DELANTERO,5
SHOCK,CAMBIO DE GUARDAFANGO DELANTERO,0.8
TNT150i,CAMBIO DE GUARDAFANGO DELANTERO,0.3
180S,CAMBIO DE GUARDAFANGO DELANTERO,0.3
TNT25N,CAMBIO DE GUARDAFANGO DELANTERO,0.3
LEONCINO 500,CAMBIO DE GUARDAFANGO DELANTERO,0.3
LEONCINO 250,CAMBIO DE GUARDAFANGO DELANTERO,0.3
TRK 500X,CAMBIO DE GUARDAFANGO DELANTERO,0.3
TRK 251,CAMBIO DE GUARDAFANGO DELANTERO,0.3
302 S,CAMBIO DE GUARDAFANGO DELANTERO,0.3
AGILITY,CAMBIO PILA RELOJ TABLERO,0.3
PULSAR 135,CAMBIO DEFENSA,0.3
Perseo,CAMBIO DEFENSA,0.3
PULSAR,CAMBIO DEFENSA,0.3
PULSAR 180 UG,CAMBIO DEFENSA,0.3
PULSAR 150,CAMBIO DEFENSA,0.3
THOR 160,CAMBIO DEFENSA,0.3
PULSAR 200,CAMBIO DEFENSA,0.3
PULSAR 150 NS,CAMBIO DEFENSA,0.3
PULSAR 150 AS,CAMBIO DEFENSA,0.3
PULSAR 200 AS,CAMBIO DEFENSA,0.3
PULSAR 200 NS,CAMBIO DEFENSA,0.3
PULSAR 220,CAMBIO DEFENSA,0.3
AVENGER 220,CAMBIO DEFENSA,0.3
XCD,CAMBIO DEFENSA,0.3
DISCOVER 100,CAMBIO DEFENSA,0.3
DISCOVER 135,CAMBIO DEFENSA,0.3
BOXER,CAMBIO DEFENSA,0.3
LEXUS,CAMBIO DEFENSA,0.3
DISCOVER 100 5S,CAMBIO DEFENSA,0.3
DISCOVER 150,CAMBIO DEFENSA,0.3
CHAMPION,CAMBIO DEFENSA,0.3
DISCOVER 125 ST,CAMBIO DEFENSA,0.3
BOXER BM 100,CAMBIO DEFENSA,0.3
BOXER BM 150,CAMBIO DEFENSA,0.3
BOXER BM 100 ES,CAMBIO DEFENSA,0.3
PLATINO 125,CAMBIO DEFENSA,0.3
PLATINO 125 - 5S,CAMBIO DEFENSA,0.3
PLATINO 100,CAMBIO DEFENSA,0.3
PLATINO 110,CAMBIO DEFENSA,0.3
FAMILLY,CAMBIO DEFENSA,0.3
VENOM 250,CAMBIO DEFENSA,0.3
PULSAR 150 AS,CAMBIO CUBIERTA DE TANQUE,0.5
PULSAR 200 AS,CAMBIO CUBIERTA DE TANQUE,0.5
TITAN,CAMBIO CUBIERTA DE TANQUE,0.5
PULSAR  RS 200,CAMBIO CUBIERTA DE TANQUE,0.8
BOMBER 250,CAMBIO CUBIERTA DE TANQUE,0.1
VENOM 400,CAMBIO CUBIERTA DE TANQUE,0.1
FLOW,CAMBIO DE RADIO,0.5
FLOW,CAMBIO DE PARLANTES,0.7
FLOW,CAMBIO DE ENCENDEDOR,0.5
BLACK,CAMBIO DE  PUERTO USB,1
VENOM 400,CAMBIO DE  PUERTO USB,0.3
FLOW,CAMBIO DE  PUERTO USB,0.5
ZONTES 310M,CAMBIO DE  PUERTO USB,1
TOP BOY,CAMBIO CABLE ACELERADOR C/U,1.5
AGILITY,CAMBIO CABLE ACELERADOR C/U,1.5
AGILITY RS,CAMBIO CABLE ACELERADOR C/U,1.5
AGILITY CITY 150,CAMBIO CABLE ACELERADOR C/U,1.5
BET & WIN,CAMBIO CABLE ACELERADOR C/U,1.7
ACTIV,CAMBIO CABLE ACELERADOR C/U,1.5
SPIKE,CAMBIO CABLE ACELERADOR C/U,1.5
AGILITY RS  NAKED,CAMBIO CABLE ACELERADOR C/U,1.5
SUPER 8,CAMBIO CABLE ACELERADOR C/U,1.5
GACELA,CAMBIO CABLE ACELERADOR C/U,1.5
CRUCERO             x-town 300,CAMBIO CABLE ACELERADOR C/U,1.7
ROCKET,CAMBIO CABLE ACELERADOR C/U,1.5
FLY 125,CAMBIO CABLE ACELERADOR C/U,1.5
TWIST,CAMBIO CABLE ACELERADOR C/U,1.5
JETIX,CAMBIO CABLE ACELERADOR C/U,1.5
UNI-K 110,CAMBIO CABLE ACELERADOR C/U,1.5
TRACK,CAMBIO CABLE ACELERADOR C/U,1.5
PULSAR 135,CAMBIO CABLE ACELERADOR C/U,0.7
Perseo,CAMBIO CABLE ACELERADOR C/U,0.7
PULSAR,CAMBIO CABLE ACELERADOR C/U,0.7
PULSAR 180 UG,CAMBIO CABLE ACELERADOR C/U,0.7
PULSAR 150,CAMBIO CABLE ACELERADOR C/U,0.7
THOR 160,CAMBIO CABLE ACELERADOR C/U,0.7
PULSAR 200,CAMBIO CABLE ACELERADOR C/U,0.7
PULSAR 150 NS,CAMBIO CABLE ACELERADOR C/U,0.7
PULSAR 150 AS,CAMBIO CABLE ACELERADOR C/U,1
PULSAR 200 AS,CAMBIO CABLE ACELERADOR C/U,1
PULSAR 200 NS,CAMBIO CABLE ACELERADOR C/U,0.7
TITAN,CAMBIO CABLE ACELERADOR C/U,1
PULSAR  RS 200,CAMBIO CABLE ACELERADOR C/U,1.5
PULSAR 220,CAMBIO CABLE ACELERADOR C/U,0.7
AVENGER 220,CAMBIO CABLE ACELERADOR C/U,0.7
XCD,CAMBIO CABLE ACELERADOR C/U,0.7
DISCOVER 100,CAMBIO CABLE ACELERADOR C/U,0.7
DISCOVER 135,CAMBIO CABLE ACELERADOR C/U,0.7
BOXER,CAMBIO CABLE ACELERADOR C/U,0.7
LEXUS,CAMBIO CABLE ACELERADOR C/U,0.7
DISCOVER 100 5S,CAMBIO CABLE ACELERADOR C/U,0.7
DISCOVER 150,CAMBIO CABLE ACELERADOR C/U,0.7
CHAMPION,CAMBIO CABLE ACELERADOR C/U,0.7
DISCOVER 125 ST,CAMBIO CABLE ACELERADOR C/U,0.7
BOXER BM 100,CAMBIO CABLE ACELERADOR C/U,0.7
BOXER BM 150,CAMBIO CABLE ACELERADOR C/U,0.7
BOXER BM 100 ES,CAMBIO CABLE ACELERADOR C/U,0.7
PLATINO 125,CAMBIO CABLE ACELERADOR C/U,0.7
PLATINO 125 - 5S,CAMBIO CABLE ACELERADOR C/U,0.7
PLATINO 100,CAMBIO CABLE ACELERADOR C/U,0.7
PLATINO 110,CAMBIO CABLE ACELERADOR C/U,0.7
FAMILLY,CAMBIO CABLE ACELERADOR C/U,0.7
MOTOCARRO 4T,CAMBIO CABLE ACELERADOR C/U,0.8
TORITO,CAMBIO CABLE ACELERADOR C/U,0.8
KAZE MAX II,CAMBIO CABLE ACELERADOR C/U,1.5
ZX 130- MAGIC II,CAMBIO CABLE ACELERADOR C/U,1.5
KMX,CAMBIO CABLE ACELERADOR C/U,0.7
KLX 150,CAMBIO CABLE ACELERADOR C/U,0.7
KLX150  L,CAMBIO CABLE ACELERADOR C/U,0.7
NINJA 250,CAMBIO CABLE ACELERADOR C/U,1
NINJA 250 FI,CAMBIO CABLE ACELERADOR C/U,1
Z250,CAMBIO CABLE ACELERADOR C/U,0.8
Z250 SL,CAMBIO CABLE ACELERADOR C/U,0.8
ER-6n,CAMBIO CABLE ACELERADOR C/U,0.7
TRANS-SPORT,CAMBIO CABLE ACELERADOR C/U,1.5
MRX 150,CAMBIO CABLE ACELERADOR C/U,0.7
FURAX,CAMBIO CABLE ACELERADOR C/U,0.7
BOMBER 125,CAMBIO CABLE ACELERADOR C/U,0.7
BOMBER 250,CAMBIO CABLE ACELERADOR C/U,0.1
COMBAT 125,CAMBIO CABLE ACELERADOR C/U,0.7
ZS,CAMBIO CABLE ACELERADOR C/U,1.5
LIFE,CAMBIO CABLE ACELERADOR C/U,1.5
HUNTER,CAMBIO CABLE ACELERADOR C/U,1.7
BLACK,CAMBIO CABLE ACELERADOR C/U,1.7
VENOM 400,CAMBIO CABLE ACELERADOR C/U,0.5
VENOM 250,CAMBIO CABLE ACELERADOR C/U,0.7
ONE,CAMBIO CABLE ACELERADOR C/U,1.5
FLOW,CAMBIO CABLE ACELERADOR C/U,1.5
ADVANCE II LF,CAMBIO CABLE ACELERADOR C/U,1.5
ZONTES 155,CAMBIO CABLE ACELERADOR C/U,0.8
ZONTES 310M,CAMBIO CABLE ACELERADOR C/U,1.7
SHOCK,CAMBIO CABLE ACELERADOR C/U,1.5
TNT150i,CAMBIO CABLE ACELERADOR C/U,0.8
180S,CAMBIO CABLE ACELERADOR C/U,0.8
TNT25N,CAMBIO CABLE ACELERADOR C/U,0.8
LEONCINO 500,CAMBIO CABLE ACELERADOR C/U,0.8
LEONCINO 250,CAMBIO CABLE ACELERADOR C/U,0.8
TRK 500X,CAMBIO CABLE ACELERADOR C/U,0.8
TRK 251,CAMBIO CABLE ACELERADOR C/U,0.8
302 S,CAMBIO CABLE ACELERADOR C/U,0.8
PULSAR 135,CAMBIO CABLE CLUTCH,0.4
Perseo,CAMBIO CABLE CLUTCH,0.4
PULSAR,CAMBIO CABLE CLUTCH,0.4
PULSAR 180 UG,CAMBIO CABLE CLUTCH,0.4
PULSAR 150,CAMBIO CABLE CLUTCH,0.4
THOR 160,CAMBIO CABLE CLUTCH,0.4
PULSAR 200,CAMBIO CABLE CLUTCH,0.4
PULSAR 150 NS,CAMBIO CABLE CLUTCH,0.7
PULSAR 150 AS,CAMBIO CABLE CLUTCH,1
PULSAR 200 AS,CAMBIO CABLE CLUTCH,1
PULSAR 200 NS,CAMBIO CABLE CLUTCH,0.7
PULSAR  RS 200,CAMBIO CABLE CLUTCH,1.2
PULSAR 220,CAMBIO CABLE CLUTCH,0.4
AVENGER 220,CAMBIO CABLE CLUTCH,0.4
XCD,CAMBIO CABLE CLUTCH,0.4
DISCOVER 100,CAMBIO CABLE CLUTCH,0.4
DISCOVER 135,CAMBIO CABLE CLUTCH,0.4
BOXER,CAMBIO CABLE CLUTCH,0.4
LEXUS,CAMBIO CABLE CLUTCH,0.4
DISCOVER 100 5S,CAMBIO CABLE CLUTCH,0.4
DISCOVER 150,CAMBIO CABLE CLUTCH,0.4
CHAMPION,CAMBIO CABLE CLUTCH,0.4
DISCOVER 125 ST,CAMBIO CABLE CLUTCH,0.4
BOXER BM 100,CAMBIO CABLE CLUTCH,0.4
BOXER BM 150,CAMBIO CABLE CLUTCH,0.4
BOXER BM 100 ES,CAMBIO CABLE CLUTCH,0.4
PLATINO 125,CAMBIO CABLE CLUTCH,0.4
PLATINO 125 - 5S,CAMBIO CABLE CLUTCH,0.4
PLATINO 100,CAMBIO CABLE CLUTCH,0.4
PLATINO 110,CAMBIO CABLE CLUTCH,0.4
FAMILLY,CAMBIO CABLE CLUTCH,0.4
MOTOCARRO 4T,CAMBIO CABLE CLUTCH,0.8
TORITO,CAMBIO CABLE CLUTCH,0.8
KMX,CAMBIO CABLE CLUTCH,0.4
KLX 150,CAMBIO CABLE CLUTCH,0.4
KLX150  L,CAMBIO CABLE CLUTCH,0.4
KLX 250,CAMBIO CABLE CLUTCH,0.4
NINJA 250,CAMBIO CABLE CLUTCH,0.7
NINJA 250 FI,CAMBIO CABLE CLUTCH,0.7
Z250,CAMBIO CABLE CLUTCH,0.7
Z250 SL,CAMBIO CABLE CLUTCH,0.7
ER-6n,CAMBIO CABLE CLUTCH,0.4
MRX 150,CAMBIO CABLE CLUTCH,0.4
FURAX,CAMBIO CABLE CLUTCH,0.4
BOMBER 125,CAMBIO CABLE CLUTCH,0.4
BOMBER 250,CAMBIO CABLE CLUTCH,0.1
COMBAT 125,CAMBIO CABLE CLUTCH,0.4
VENOM 400,CAMBIO CABLE CLUTCH,5
VENOM 250,CAMBIO CABLE CLUTCH,0.7
ZONTES 155,CAMBIO CABLE CLUTCH,0.7
TNT150i,CAMBIO CABLE CLUTCH,0.7
180S,CAMBIO CABLE CLUTCH,0.7
TNT25N,CAMBIO CABLE CLUTCH,0.7
LEONCINO 500,CAMBIO CABLE CLUTCH,0.4
LEONCINO 250,CAMBIO CABLE CLUTCH,0.4
TRK 500X,CAMBIO CABLE CLUTCH,0.4
TRK 251,CAMBIO CABLE CLUTCH,0.4
302 S,CAMBIO CABLE CLUTCH,0.6
ACTIV,CAMBIO CABLE CHOKE,1
SPIKE,CAMBIO CABLE CHOKE,1
JETIX,CAMBIO CABLE CHOKE,1
UNI-K 110,CAMBIO CABLE CHOKE,1
TRACK,CAMBIO CABLE CHOKE,1
PULSAR 180 UG,CAMBIO CABLE CHOKE,0.5
PULSAR 150,CAMBIO CABLE CHOKE,0.5
DISCOVER 135,CAMBIO CABLE CHOKE,0.5
BOXER,CAMBIO CABLE CHOKE,0.5
LEXUS,CAMBIO CABLE CHOKE,0.5
BOXER BM 100,CAMBIO CABLE CHOKE,0.5
PLATINO 100,CAMBIO CABLE CHOKE,0.5
MOTOCARRO 4T,CAMBIO CABLE CHOKE,0.6
TORITO,CAMBIO CABLE CHOKE,0.6
KAZE MAX II,CAMBIO CABLE CHOKE,1
ZX 130- MAGIC II,CAMBIO CABLE CHOKE,1
KMX,CAMBIO CABLE CHOKE,0.5
KLX 150,CAMBIO CABLE CHOKE,0.5
KLX150  L,CAMBIO CABLE CHOKE,0.5
NINJA 250,CAMBIO CABLE CHOKE,1
TRANS-SPORT,CAMBIO CABLE CHOKE,1
MRX 150,CAMBIO CABLE CHOKE,0.5
BOMBER 125,CAMBIO CABLE CHOKE,0.5
COMBAT 125,CAMBIO CABLE CHOKE,0.5
ONE,CAMBIO CABLE CHOKE,1
FLOW,CAMBIO CABLE CHOKE,1
ADVANCE II LF,CAMBIO CABLE CHOKE,1
SHOCK,CAMBIO CABLE CHOKE,1
XCD,CAMBIO CABLE FRENO DELANTERO,0.3
DISCOVER 100,CAMBIO CABLE FRENO DELANTERO,0.3
DISCOVER 135,CAMBIO CABLE FRENO DELANTERO,0.3
BOXER,CAMBIO CABLE FRENO DELANTERO,0.3
LEXUS,CAMBIO CABLE FRENO DELANTERO,0.3
DISCOVER 100 5S,CAMBIO CABLE FRENO DELANTERO,0.3
CHAMPION,CAMBIO CABLE FRENO DELANTERO,0.3
BOXER BM 100,CAMBIO CABLE FRENO DELANTERO,0.3
BOXER BM 150,CAMBIO CABLE FRENO DELANTERO,0.3
BOXER BM 100 ES,CAMBIO CABLE FRENO DELANTERO,0.3
PLATINO 125,CAMBIO CABLE FRENO DELANTERO,0.3
PLATINO 125 - 5S,CAMBIO CABLE FRENO DELANTERO,0.3
PLATINO 100,CAMBIO CABLE FRENO DELANTERO,0.3
PLATINO 110,CAMBIO CABLE FRENO DELANTERO,0.3
KAZE MAX II,CAMBIO CABLE FRENO DELANTERO,0.8
TRANS-SPORT,CAMBIO CABLE FRENO DELANTERO,0.8
TOP BOY,CAMBIO CABLE FRENO TRASERO,1.5
AGILITY,CAMBIO CABLE FRENO TRASERO,1.5
AGILITY RS,CAMBIO CABLE FRENO TRASERO,1.5
AGILITY RS  NAKED,CAMBIO CABLE FRENO TRASERO,1.5
SUPER 8,CAMBIO CABLE FRENO TRASERO,1.5
GACELA,CAMBIO CABLE FRENO TRASERO,1.5
ROCKET,CAMBIO CABLE FRENO TRASERO,1.5
FLY 125,CAMBIO CABLE FRENO TRASERO,1.5
TWIST,CAMBIO CABLE FRENO TRASERO,1.5
AVENGER 220,CAMBIO CABLE FRENO TRASERO,0.4
ZS,CAMBIO CABLE FRENO TRASERO,1.5
PLATINO 125,CAMBIO CABLE DE REVOLUCIONES,0.7
KMX,CAMBIO CABLE DE REVOLUCIONES,0.6
TOP BOY,CAMBIO CABLE VELOCIMETRO,0.7
AGILITY,CAMBIO CABLE VELOCIMETRO,0.7
AGILITY RS,CAMBIO CABLE VELOCIMETRO,0.7
AGILITY CITY 150,CAMBIO CABLE VELOCIMETRO,0.7
BET & WIN,CAMBIO CABLE VELOCIMETRO,0.7
ACTIV,CAMBIO CABLE VELOCIMETRO,0.7
SPIKE,CAMBIO CABLE VELOCIMETRO,0.7
AGILITY RS  NAKED,CAMBIO CABLE VELOCIMETRO,0.7
SUPER 8,CAMBIO CABLE VELOCIMETRO,0.7
GACELA,CAMBIO CABLE VELOCIMETRO,0.7
CRUCERO             x-town 300,CAMBIO CABLE VELOCIMETRO,0.4
ROCKET,CAMBIO CABLE VELOCIMETRO,0.7
FLY 125,CAMBIO CABLE VELOCIMETRO,0.7
TWIST,CAMBIO CABLE VELOCIMETRO,0.7
JETIX,CAMBIO CABLE VELOCIMETRO,0.7
UNI-K 110,CAMBIO CABLE VELOCIMETRO,0.7
TRACK,CAMBIO CABLE VELOCIMETRO,0.7
PULSAR 200,CAMBIO CABLE VELOCIMETRO,0.3
PULSAR 150 NS,CAMBIO CABLE VELOCIMETRO,0.3
PULSAR 150 AS,CAMBIO CABLE VELOCIMETRO,0.3
PULSAR 200 AS,CAMBIO CABLE VELOCIMETRO,0.3
PULSAR 200 NS,CAMBIO CABLE VELOCIMETRO,0.3
PULSAR 220,CAMBIO CABLE VELOCIMETRO,0.3
AVENGER 220,CAMBIO CABLE VELOCIMETRO,0.3
DISCOVER 100,CAMBIO CABLE VELOCIMETRO,0.7
DISCOVER 135,CAMBIO CABLE VELOCIMETRO,0.7
BOXER,CAMBIO CABLE VELOCIMETRO,0.7
LEXUS,CAMBIO CABLE VELOCIMETRO,0.7
DISCOVER 100 5S,CAMBIO CABLE VELOCIMETRO,0.7
DISCOVER 150,CAMBIO CABLE VELOCIMETRO,0.7
CHAMPION,CAMBIO CABLE VELOCIMETRO,0.7
DISCOVER 125 ST,CAMBIO CABLE VELOCIMETRO,0.7
BOXER BM 100,CAMBIO CABLE VELOCIMETRO,0.7
BOXER BM 150,CAMBIO CABLE VELOCIMETRO,0.7
BOXER BM 100 ES,CAMBIO CABLE VELOCIMETRO,0.7
PLATINO 125,CAMBIO CABLE VELOCIMETRO,0.7
PLATINO 125 - 5S,CAMBIO CABLE VELOCIMETRO,0.7
PLATINO 100,CAMBIO CABLE VELOCIMETRO,0.7
PLATINO 110,CAMBIO CABLE VELOCIMETRO,0.7
FAMILLY,CAMBIO CABLE VELOCIMETRO,0.7
MOTOCARRO 4T,CAMBIO CABLE VELOCIMETRO,0.5
TORITO,CAMBIO CABLE VELOCIMETRO,0.5
KAZE MAX II,CAMBIO CABLE VELOCIMETRO,1
ZX 130- MAGIC II,CAMBIO CABLE VELOCIMETRO,0.7
KMX,CAMBIO CABLE VELOCIMETRO,0.6
KLX 150,CAMBIO CABLE VELOCIMETRO,0.6
KLX150  L,CAMBIO CABLE VELOCIMETRO,0.6
KLX 250,CAMBIO CABLE VELOCIMETRO,0.6
NINJA 250,CAMBIO CABLE VELOCIMETRO,0.7
NINJA 250 FI,CAMBIO CABLE VELOCIMETRO,0.7
Z250,CAMBIO CABLE VELOCIMETRO,0.7
Z250 SL,CAMBIO CABLE VELOCIMETRO,0.7
TRANS-SPORT,CAMBIO CABLE VELOCIMETRO,1
MRX 150,CAMBIO CABLE VELOCIMETRO,0.6
FURAX,CAMBIO CABLE VELOCIMETRO,0.6
BOMBER 125,CAMBIO CABLE VELOCIMETRO,0.7
COMBAT 125,CAMBIO CABLE VELOCIMETRO,0.7
ZS,CAMBIO CABLE VELOCIMETRO,0.7
LIFE,CAMBIO CABLE VELOCIMETRO,0.7
HUNTER,CAMBIO CABLE VELOCIMETRO,0.4
BLACK,CAMBIO CABLE VELOCIMETRO,0.4
VENOM 250,CAMBIO CABLE VELOCIMETRO,0.3
ONE,CAMBIO CABLE VELOCIMETRO,0.7
FLOW,CAMBIO CABLE VELOCIMETRO,0.7
ADVANCE II LF,CAMBIO CABLE VELOCIMETRO,0.7
ZONTES 155,CAMBIO CABLE VELOCIMETRO,0.7
ZONTES 310M,CAMBIO CABLE VELOCIMETRO,0.4
SHOCK,CAMBIO CABLE VELOCIMETRO,0.7
TNT150i,CAMBIO CABLE VELOCIMETRO,0.7
180S,CAMBIO CABLE VELOCIMETRO,0.7
TNT25N,CAMBIO CABLE VELOCIMETRO,0.7
LEONCINO 250,CAMBIO CABLE VELOCIMETRO,0.7
TRK 251,CAMBIO CABLE VELOCIMETRO,0.7
ACTIV,CAMBIO VARILLA FRENO TRASERO,0.4
UNI-K 110,CAMBIO VARILLA FRENO TRASERO,0.4
TRACK,CAMBIO VARILLA FRENO TRASERO,0.4
PULSAR 135,CAMBIO VARILLA FRENO TRASERO,0.5
Perseo,CAMBIO VARILLA FRENO TRASERO,0.5
PULSAR,CAMBIO VARILLA FRENO TRASERO,0.5
PULSAR 180 UG,CAMBIO VARILLA FRENO TRASERO,0.5
PULSAR 150,CAMBIO VARILLA FRENO TRASERO,0.5
THOR 160,CAMBIO VARILLA FRENO TRASERO,0.5
PULSAR 150 NS,CAMBIO VARILLA FRENO TRASERO,0.5
PULSAR 150 AS,CAMBIO VARILLA FRENO TRASERO,0.5
XCD,CAMBIO VARILLA FRENO TRASERO,0.4
DISCOVER 100,CAMBIO VARILLA FRENO TRASERO,0.4
DISCOVER 135,CAMBIO VARILLA FRENO TRASERO,0.4
BOXER,CAMBIO VARILLA FRENO TRASERO,0.4
LEXUS,CAMBIO VARILLA FRENO TRASERO,0.4
DISCOVER 100 5S,CAMBIO VARILLA FRENO TRASERO,0.5
DISCOVER 150,CAMBIO VARILLA FRENO TRASERO,0.5
CHAMPION,CAMBIO VARILLA FRENO TRASERO,0.5
DISCOVER 125 ST,CAMBIO VARILLA FRENO TRASERO,0.5
BOXER BM 100,CAMBIO VARILLA FRENO TRASERO,0.4
BOXER BM 150,CAMBIO VARILLA FRENO TRASERO,0.4
BOXER BM 100 ES,CAMBIO VARILLA FRENO TRASERO,0.4
PLATINO 125,CAMBIO VARILLA FRENO TRASERO,0.4
PLATINO 125 - 5S,CAMBIO VARILLA FRENO TRASERO,0.4
PLATINO 100,CAMBIO VARILLA FRENO TRASERO,0.4
PLATINO 110,CAMBIO VARILLA FRENO TRASERO,0.4
FAMILLY,CAMBIO VARILLA FRENO TRASERO,0.4
KAZE MAX II,CAMBIO VARILLA FRENO TRASERO,0.8
ZX 130- MAGIC II,CAMBIO VARILLA FRENO TRASERO,0.4
TRANS-SPORT,CAMBIO VARILLA FRENO TRASERO,0.8
FURAX,CAMBIO VARILLA FRENO TRASERO,0.8
BOMBER 125,CAMBIO VARILLA FRENO TRASERO,0.4
COMBAT 125,CAMBIO VARILLA FRENO TRASERO,0.4
ONE,CAMBIO VARILLA FRENO TRASERO,0.4
FLOW,CAMBIO VARILLA FRENO TRASERO,0.4
ADVANCE II LF,CAMBIO VARILLA FRENO TRASERO,0.4
SHOCK,CAMBIO VARILLA FRENO TRASERO,0.4
MOTOCARRO 4T,CAMBIO CABLE CAMBIOS (C/U),0.7
TORITO,CAMBIO CABLE CAMBIOS (C/U),0.7
AGILITY RS,CAMBIO CABLE FRENO DE PARQUEO Y/O  LEVA,1.5
AGILITY RS  NAKED,CAMBIO CABLE FRENO DE PARQUEO Y/O  LEVA,1.5
SUPER 8,CAMBIO CABLE FRENO DE PARQUEO Y/O  LEVA,1.5
GACELA,CAMBIO CABLE FRENO DE PARQUEO Y/O  LEVA,1.5
ROCKET,CAMBIO CABLE FRENO DE PARQUEO Y/O  LEVA,1.5
FLY 125,CAMBIO CABLE FRENO DE PARQUEO Y/O  LEVA,1.5
MOTOCARRO 4T,CAMBIO CABLE FRENO DE PARQUEO Y/O  LEVA,1
TORITO,CAMBIO CABLE FRENO DE PARQUEO Y/O  LEVA,1
ZS,CAMBIO CABLE FRENO DE PARQUEO Y/O  LEVA,1.5
TOP BOY,CAMBIO BOMBILLO FAROLA,0.5
AGILITY,CAMBIO BOMBILLO FAROLA,0.5
AGILITY RS,CAMBIO BOMBILLO FAROLA,0.5
AGILITY CITY 150,CAMBIO BOMBILLO FAROLA,0.5
BET & WIN,CAMBIO BOMBILLO FAROLA,1
ACTIV,CAMBIO BOMBILLO FAROLA,0.4
SPIKE,CAMBIO BOMBILLO FAROLA,0.4
AGILITY RS  NAKED,CAMBIO BOMBILLO FAROLA,0.5
SUPER 8,CAMBIO BOMBILLO FAROLA,0.5
GACELA,CAMBIO BOMBILLO FAROLA,0.5
CRUCERO             x-town 300,CAMBIO BOMBILLO FAROLA,0.5
ROCKET,CAMBIO BOMBILLO FAROLA,0.5
FLY 125,CAMBIO BOMBILLO FAROLA,0.5
TWIST,CAMBIO BOMBILLO FAROLA,0.5
JETIX,CAMBIO BOMBILLO FAROLA,0.4
UNI-K 110,CAMBIO BOMBILLO FAROLA,0.4
TRACK,CAMBIO BOMBILLO FAROLA,0.4
PULSAR 135,CAMBIO BOMBILLO FAROLA,1
Perseo,CAMBIO BOMBILLO FAROLA,1
PULSAR,CAMBIO BOMBILLO FAROLA,0.4
PULSAR 180 UG,CAMBIO BOMBILLO FAROLA,0.4
PULSAR 150,CAMBIO BOMBILLO FAROLA,0.4
THOR 160,CAMBIO BOMBILLO FAROLA,0.5
PULSAR 200,CAMBIO BOMBILLO FAROLA,0.5
PULSAR 150 NS,CAMBIO BOMBILLO FAROLA,0.5
PULSAR 150 AS,CAMBIO BOMBILLO FAROLA,0.5
PULSAR 200 AS,CAMBIO BOMBILLO FAROLA,0.5
PULSAR 200 NS,CAMBIO BOMBILLO FAROLA,0.5
PULSAR  RS 200,CAMBIO BOMBILLO FAROLA,0.1
PULSAR 220,CAMBIO BOMBILLO FAROLA,1
AVENGER 220,CAMBIO BOMBILLO FAROLA,0.4
XCD,CAMBIO BOMBILLO FAROLA,1
DISCOVER 100,CAMBIO BOMBILLO FAROLA,0.4
DISCOVER 135,CAMBIO BOMBILLO FAROLA,0.4
BOXER,CAMBIO BOMBILLO FAROLA,0.4
LEXUS,CAMBIO BOMBILLO FAROLA,0.4
DISCOVER 100 5S,CAMBIO BOMBILLO FAROLA,0.5
DISCOVER 150,CAMBIO BOMBILLO FAROLA,0.7
CHAMPION,CAMBIO BOMBILLO FAROLA,0.7
DISCOVER 125 ST,CAMBIO BOMBILLO FAROLA,0.7
BOXER BM 100,CAMBIO BOMBILLO FAROLA,0.4
BOXER BM 150,CAMBIO BOMBILLO FAROLA,0.4
BOXER BM 100 ES,CAMBIO BOMBILLO FAROLA,0.4
PLATINO 125,CAMBIO BOMBILLO FAROLA,0.4
PLATINO 125 - 5S,CAMBIO BOMBILLO FAROLA,0.4
PLATINO 100,CAMBIO BOMBILLO FAROLA,0.4
PLATINO 110,CAMBIO BOMBILLO FAROLA,0.4
FAMILLY,CAMBIO BOMBILLO FAROLA,0.4
MOTOCARRO 4T,CAMBIO BOMBILLO FAROLA,0.3
TORITO,CAMBIO BOMBILLO FAROLA,0.5
KAZE MAX II,CAMBIO BOMBILLO FAROLA,0.5
ZX 130- MAGIC II,CAMBIO BOMBILLO FAROLA,0.5
KMX,CAMBIO BOMBILLO FAROLA,0.4
KLX 150,CAMBIO BOMBILLO FAROLA,0.4
KLX150  L,CAMBIO BOMBILLO FAROLA,0.4
KLX 250,CAMBIO BOMBILLO FAROLA,0.4
NINJA 250,CAMBIO BOMBILLO FAROLA,0.3
NINJA 250 FI,CAMBIO BOMBILLO FAROLA,0.4
Z250,CAMBIO BOMBILLO FAROLA,0.4
Z250 SL,CAMBIO BOMBILLO FAROLA,0.4
ER-6n,CAMBIO BOMBILLO FAROLA,0.5
TRANS-SPORT,CAMBIO BOMBILLO FAROLA,0.4
MRX 150,CAMBIO BOMBILLO FAROLA,0.4
FURAX,CAMBIO BOMBILLO FAROLA,0.3
BOMBER 125,CAMBIO BOMBILLO FAROLA,0.4
COMBAT 125,CAMBIO BOMBILLO FAROLA,0.4
ZS,CAMBIO BOMBILLO FAROLA,0.5
LIFE,CAMBIO BOMBILLO FAROLA,0.5
HUNTER,CAMBIO BOMBILLO FAROLA,0.5
BLACK,CAMBIO BOMBILLO FAROLA,36646.99958333333
VENOM 250,CAMBIO BOMBILLO FAROLA,0.5
ONE,CAMBIO BOMBILLO FAROLA,0.4
FLOW,CAMBIO BOMBILLO FAROLA,0.4
ADVANCE II LF,CAMBIO BOMBILLO FAROLA,0.4
ZONTES 155,CAMBIO BOMBILLO FAROLA,0.4
ZONTES 310M,CAMBIO BOMBILLO FAROLA,36646.99958333333
SHOCK,CAMBIO BOMBILLO FAROLA,0.4
TNT150i,CAMBIO BOMBILLO FAROLA,0.4
TNT25N,CAMBIO BOMBILLO FAROLA,0.6
LEONCINO 250,CAMBIO BOMBILLO FAROLA,0.6
TRK 251,CAMBIO BOMBILLO FAROLA,0.6
TOP BOY,CAMBIO BOMBILLO STOP (C/U),0.1
AGILITY,CAMBIO BOMBILLO STOP (C/U),0.1
AGILITY RS,CAMBIO BOMBILLO STOP (C/U),0.1
AGILITY CITY 150,CAMBIO BOMBILLO STOP (C/U),0.1
BET & WIN,CAMBIO BOMBILLO STOP (C/U),0.1
ACTIV,CAMBIO BOMBILLO STOP (C/U),0.1
SPIKE,CAMBIO BOMBILLO STOP (C/U),0.1
AGILITY RS  NAKED,CAMBIO BOMBILLO STOP (C/U),0.1
ROCKET,CAMBIO BOMBILLO STOP (C/U),1
FLY 125,CAMBIO BOMBILLO STOP (C/U),0.1
TWIST,CAMBIO BOMBILLO STOP (C/U),0.1
JETIX,CAMBIO BOMBILLO STOP (C/U),0.1
UNI-K 110,CAMBIO BOMBILLO STOP (C/U),0.1
TRACK,CAMBIO BOMBILLO STOP (C/U),0.1
AVENGER 220,CAMBIO BOMBILLO STOP (C/U),0.1
DISCOVER 135,CAMBIO BOMBILLO STOP (C/U),0.1
BOXER,CAMBIO BOMBILLO STOP (C/U),0.1
LEXUS,CAMBIO BOMBILLO STOP (C/U),0.1
DISCOVER 100 5S,CAMBIO BOMBILLO STOP (C/U),0.1
DISCOVER 150,CAMBIO BOMBILLO STOP (C/U),0.1
CHAMPION,CAMBIO BOMBILLO STOP (C/U),0.1
DISCOVER 125 ST,CAMBIO BOMBILLO STOP (C/U),0.1
BOXER BM 100,CAMBIO BOMBILLO STOP (C/U),0.1
BOXER BM 150,CAMBIO BOMBILLO STOP (C/U),0.1
BOXER BM 100 ES,CAMBIO BOMBILLO STOP (C/U),0.1
PLATINO 125 - 5S,CAMBIO BOMBILLO STOP (C/U),0.1
PLATINO 100,CAMBIO BOMBILLO STOP (C/U),0.1
PLATINO 110,CAMBIO BOMBILLO STOP (C/U),0.1
FAMILLY,CAMBIO BOMBILLO STOP (C/U),0.1
MOTOCARRO 4T,CAMBIO BOMBILLO STOP (C/U),0.3
TORITO,CAMBIO BOMBILLO STOP (C/U),0.3
KAZE MAX II,CAMBIO BOMBILLO STOP (C/U),0.3
ZX 130- MAGIC II,CAMBIO BOMBILLO STOP (C/U),0.2
KMX,CAMBIO BOMBILLO STOP (C/U),0.1
KLX 150,CAMBIO BOMBILLO STOP (C/U),0.1
KLX150  L,CAMBIO BOMBILLO STOP (C/U),0.1
KLX 250,CAMBIO BOMBILLO STOP (C/U),0.2
NINJA 250,CAMBIO BOMBILLO STOP (C/U),0.1
NINJA 250 FI,CAMBIO BOMBILLO STOP (C/U),0.2
Z250,CAMBIO BOMBILLO STOP (C/U),0.2
Z250 SL,CAMBIO BOMBILLO STOP (C/U),0.2
ER-6n,CAMBIO BOMBILLO STOP (C/U),0.2
TRANS-SPORT,CAMBIO BOMBILLO STOP (C/U),0.3
MRX 150,CAMBIO BOMBILLO STOP (C/U),0.1
FURAX,CAMBIO BOMBILLO STOP (C/U),1
ONE,CAMBIO BOMBILLO STOP (C/U),0.1
SHOCK,CAMBIO BOMBILLO STOP (C/U),0.4
TOP BOY,CAMBIO BOMBILLO DIRECCIONAL TRASERA (C/U),0.1
AGILITY,CAMBIO BOMBILLO DIRECCIONAL TRASERA (C/U),0.1
AGILITY RS,CAMBIO BOMBILLO DIRECCIONAL TRASERA (C/U),0.1
AGILITY CITY 150,CAMBIO BOMBILLO DIRECCIONAL TRASERA (C/U),0.1
BET & WIN,CAMBIO BOMBILLO DIRECCIONAL TRASERA (C/U),0.1
ACTIV,CAMBIO BOMBILLO DIRECCIONAL TRASERA (C/U),0.1
SPIKE,CAMBIO BOMBILLO DIRECCIONAL TRASERA (C/U),0.1
AGILITY RS  NAKED,CAMBIO BOMBILLO DIRECCIONAL TRASERA (C/U),0.1
FLY 125,CAMBIO BOMBILLO DIRECCIONAL TRASERA (C/U),0.1
TWIST,CAMBIO BOMBILLO DIRECCIONAL TRASERA (C/U),0.1
JETIX,CAMBIO BOMBILLO DIRECCIONAL TRASERA (C/U),0.1
UNI-K 110,CAMBIO BOMBILLO DIRECCIONAL TRASERA (C/U),0.1
TRACK,CAMBIO BOMBILLO DIRECCIONAL TRASERA (C/U),0.1
PULSAR 135,CAMBIO BOMBILLO DIRECCIONAL TRASERA (C/U),0.1
Perseo,CAMBIO BOMBILLO DIRECCIONAL TRASERA (C/U),0.1
PULSAR,CAMBIO BOMBILLO DIRECCIONAL TRASERA (C/U),0.1
PULSAR 180 UG,CAMBIO BOMBILLO DIRECCIONAL TRASERA (C/U),0.1
PULSAR 150,CAMBIO BOMBILLO DIRECCIONAL TRASERA (C/U),0.1
THOR 160,CAMBIO BOMBILLO DIRECCIONAL TRASERA (C/U),0.1
PULSAR 200,CAMBIO BOMBILLO DIRECCIONAL TRASERA (C/U),0.1
PULSAR 150 NS,CAMBIO BOMBILLO DIRECCIONAL TRASERA (C/U),0.1
PULSAR 150 AS,CAMBIO BOMBILLO DIRECCIONAL TRASERA (C/U),0.1
PULSAR 200 AS,CAMBIO BOMBILLO DIRECCIONAL TRASERA (C/U),0.1
PULSAR 200 NS,CAMBIO BOMBILLO DIRECCIONAL TRASERA (C/U),0.1
PULSAR 220,CAMBIO BOMBILLO DIRECCIONAL TRASERA (C/U),0.1
AVENGER 220,CAMBIO BOMBILLO DIRECCIONAL TRASERA (C/U),0.1
XCD,CAMBIO BOMBILLO DIRECCIONAL TRASERA (C/U),0.1
DISCOVER 100,CAMBIO BOMBILLO DIRECCIONAL TRASERA (C/U),0.1
DISCOVER 135,CAMBIO BOMBILLO DIRECCIONAL TRASERA (C/U),0.1
BOXER,CAMBIO BOMBILLO DIRECCIONAL TRASERA (C/U),0.1
LEXUS,CAMBIO BOMBILLO DIRECCIONAL TRASERA (C/U),0.1
DISCOVER 100 5S,CAMBIO BOMBILLO DIRECCIONAL TRASERA (C/U),0.1
BOXER BM 100,CAMBIO BOMBILLO DIRECCIONAL TRASERA (C/U),0.1
BOXER BM 150,CAMBIO BOMBILLO DIRECCIONAL TRASERA (C/U),0.1
BOXER BM 100 ES,CAMBIO BOMBILLO DIRECCIONAL TRASERA (C/U),0.1
PLATINO 125,CAMBIO BOMBILLO DIRECCIONAL TRASERA (C/U),0.1
PLATINO 125 - 5S,CAMBIO BOMBILLO DIRECCIONAL TRASERA (C/U),0.1
PLATINO 100,CAMBIO BOMBILLO DIRECCIONAL TRASERA (C/U),0.1
PLATINO 110,CAMBIO BOMBILLO DIRECCIONAL TRASERA (C/U),0.1
FAMILLY,CAMBIO BOMBILLO DIRECCIONAL TRASERA (C/U),0.1
MOTOCARRO 4T,CAMBIO BOMBILLO DIRECCIONAL TRASERA (C/U),0.1
TORITO,CAMBIO BOMBILLO DIRECCIONAL TRASERA (C/U),0.1
MOTOCARRO DIESEL,CAMBIO BOMBILLO DIRECCIONAL TRASERA (C/U),0.1
KAZE MAX II,CAMBIO BOMBILLO DIRECCIONAL TRASERA (C/U),0.1
ZX 130- MAGIC II,CAMBIO BOMBILLO DIRECCIONAL TRASERA (C/U),0.1
KMX,CAMBIO BOMBILLO DIRECCIONAL TRASERA (C/U),0.1
KLX 150,CAMBIO BOMBILLO DIRECCIONAL TRASERA (C/U),0.1
KLX150  L,CAMBIO BOMBILLO DIRECCIONAL TRASERA (C/U),0.1
KLX 250,CAMBIO BOMBILLO DIRECCIONAL TRASERA (C/U),0.1
NINJA 250,CAMBIO BOMBILLO DIRECCIONAL TRASERA (C/U),0.1
NINJA 250 FI,CAMBIO BOMBILLO DIRECCIONAL TRASERA (C/U),0.1
Z250,CAMBIO BOMBILLO DIRECCIONAL TRASERA (C/U),0.1
Z250 SL,CAMBIO BOMBILLO DIRECCIONAL TRASERA (C/U),0.1
ER-6n,CAMBIO BOMBILLO DIRECCIONAL TRASERA (C/U),0.1
TRANS-SPORT,CAMBIO BOMBILLO DIRECCIONAL TRASERA (C/U),0.1
MRX 150,CAMBIO BOMBILLO DIRECCIONAL TRASERA (C/U),0.1
FURAX,CAMBIO BOMBILLO DIRECCIONAL TRASERA (C/U),0.1
VENOM 250,CAMBIO BOMBILLO DIRECCIONAL TRASERA (C/U),0.1
ONE,CAMBIO BOMBILLO DIRECCIONAL TRASERA (C/U),0.1
SHOCK,CAMBIO BOMBILLO DIRECCIONAL TRASERA (C/U),0.1
LEONCINO 500,CAMBIO BOMBILLO DIRECCIONAL TRASERA (C/U),0.1
TRK 500X,CAMBIO BOMBILLO DIRECCIONAL TRASERA (C/U),0.1
TOP BOY,CAMBIO BOMBILLO DIRECCIONAL DELANTERA (C/U),0.1
AGILITY,CAMBIO BOMBILLO DIRECCIONAL DELANTERA (C/U),0.1
AGILITY RS,CAMBIO BOMBILLO DIRECCIONAL DELANTERA (C/U),0.5
AGILITY CITY 150,CAMBIO BOMBILLO DIRECCIONAL DELANTERA (C/U),0.5
BET & WIN,CAMBIO BOMBILLO DIRECCIONAL DELANTERA (C/U),0.1
ACTIV,CAMBIO BOMBILLO DIRECCIONAL DELANTERA (C/U),0.3
SPIKE,CAMBIO BOMBILLO DIRECCIONAL DELANTERA (C/U),0.3
AGILITY RS  NAKED,CAMBIO BOMBILLO DIRECCIONAL DELANTERA (C/U),0.5
FLY 125,CAMBIO BOMBILLO DIRECCIONAL DELANTERA (C/U),0.5
TWIST,CAMBIO BOMBILLO DIRECCIONAL DELANTERA (C/U),0.5
JETIX,CAMBIO BOMBILLO DIRECCIONAL DELANTERA (C/U),0.3
UNI-K 110,CAMBIO BOMBILLO DIRECCIONAL DELANTERA (C/U),0.3
TRACK,CAMBIO BOMBILLO DIRECCIONAL DELANTERA (C/U),0.1
PULSAR 135,CAMBIO BOMBILLO DIRECCIONAL DELANTERA (C/U),0.1
Perseo,CAMBIO BOMBILLO DIRECCIONAL DELANTERA (C/U),0.1
PULSAR,CAMBIO BOMBILLO DIRECCIONAL DELANTERA (C/U),0.1
PULSAR 180 UG,CAMBIO BOMBILLO DIRECCIONAL DELANTERA (C/U),0.1
PULSAR 150,CAMBIO BOMBILLO DIRECCIONAL DELANTERA (C/U),0.1
THOR 160,CAMBIO BOMBILLO DIRECCIONAL DELANTERA (C/U),0.1
PULSAR 200,CAMBIO BOMBILLO DIRECCIONAL DELANTERA (C/U),0.1
PULSAR 150 NS,CAMBIO BOMBILLO DIRECCIONAL DELANTERA (C/U),0.1
PULSAR 150 AS,CAMBIO BOMBILLO DIRECCIONAL DELANTERA (C/U),0.1
PULSAR 200 AS,CAMBIO BOMBILLO DIRECCIONAL DELANTERA (C/U),0.1
PULSAR 200 NS,CAMBIO BOMBILLO DIRECCIONAL DELANTERA (C/U),0.1
PULSAR 220,CAMBIO BOMBILLO DIRECCIONAL DELANTERA (C/U),0.1
AVENGER 220,CAMBIO BOMBILLO DIRECCIONAL DELANTERA (C/U),0.1
XCD,CAMBIO BOMBILLO DIRECCIONAL DELANTERA (C/U),0.1
DISCOVER 100,CAMBIO BOMBILLO DIRECCIONAL DELANTERA (C/U),0.1
DISCOVER 135,CAMBIO BOMBILLO DIRECCIONAL DELANTERA (C/U),0.1
BOXER,CAMBIO BOMBILLO DIRECCIONAL DELANTERA (C/U),0.1
LEXUS,CAMBIO BOMBILLO DIRECCIONAL DELANTERA (C/U),0.1
DISCOVER 100 5S,CAMBIO BOMBILLO DIRECCIONAL DELANTERA (C/U),0.1
DISCOVER 150,CAMBIO BOMBILLO DIRECCIONAL DELANTERA (C/U),0.1
CHAMPION,CAMBIO BOMBILLO DIRECCIONAL DELANTERA (C/U),0.1
DISCOVER 125 ST,CAMBIO BOMBILLO DIRECCIONAL DELANTERA (C/U),0.1
BOXER BM 100,CAMBIO BOMBILLO DIRECCIONAL DELANTERA (C/U),0.1
BOXER BM 150,CAMBIO BOMBILLO DIRECCIONAL DELANTERA (C/U),0.1
BOXER BM 100 ES,CAMBIO BOMBILLO DIRECCIONAL DELANTERA (C/U),0.1
PLATINO 125,CAMBIO BOMBILLO DIRECCIONAL DELANTERA (C/U),0.1
PLATINO 125 - 5S,CAMBIO BOMBILLO DIRECCIONAL DELANTERA (C/U),0.1
PLATINO 100,CAMBIO BOMBILLO DIRECCIONAL DELANTERA (C/U),0.1
PLATINO 110,CAMBIO BOMBILLO DIRECCIONAL DELANTERA (C/U),0.1
FAMILLY,CAMBIO BOMBILLO DIRECCIONAL DELANTERA (C/U),0.1
MOTOCARRO 4T,CAMBIO BOMBILLO DIRECCIONAL DELANTERA (C/U),0.1
TORITO,CAMBIO BOMBILLO DIRECCIONAL DELANTERA (C/U),0.1
MOTOCARRO DIESEL,CAMBIO BOMBILLO DIRECCIONAL DELANTERA (C/U),0.1
KAZE MAX II,CAMBIO BOMBILLO DIRECCIONAL DELANTERA (C/U),0.1
ZX 130- MAGIC II,CAMBIO BOMBILLO DIRECCIONAL DELANTERA (C/U),0.3
KMX,CAMBIO BOMBILLO DIRECCIONAL DELANTERA (C/U),0.1
KLX 150,CAMBIO BOMBILLO DIRECCIONAL DELANTERA (C/U),0.1
KLX150  L,CAMBIO BOMBILLO DIRECCIONAL DELANTERA (C/U),0.1
KLX 250,CAMBIO BOMBILLO DIRECCIONAL DELANTERA (C/U),0.1
NINJA 250,CAMBIO BOMBILLO DIRECCIONAL DELANTERA (C/U),0.1
NINJA 250 FI,CAMBIO BOMBILLO DIRECCIONAL DELANTERA (C/U),0.1
Z250,CAMBIO BOMBILLO DIRECCIONAL DELANTERA (C/U),0.1
Z250 SL,CAMBIO BOMBILLO DIRECCIONAL DELANTERA (C/U),0.1
ER-6n,CAMBIO BOMBILLO DIRECCIONAL DELANTERA (C/U),0.2
TRANS-SPORT,CAMBIO BOMBILLO DIRECCIONAL DELANTERA (C/U),0.1
MRX 150,CAMBIO BOMBILLO DIRECCIONAL DELANTERA (C/U),0.1
FURAX,CAMBIO BOMBILLO DIRECCIONAL DELANTERA (C/U),0.1
VENOM 250,CAMBIO BOMBILLO DIRECCIONAL DELANTERA (C/U),0.1
ONE,CAMBIO BOMBILLO DIRECCIONAL DELANTERA (C/U),0.1
SHOCK,CAMBIO BOMBILLO DIRECCIONAL DELANTERA (C/U),0.1
LEONCINO 500,CAMBIO BOMBILLO DIRECCIONAL DELANTERA (C/U),0.2
TRK 500X,CAMBIO BOMBILLO DIRECCIONAL DELANTERA (C/U),0.2
TOP BOY,CAMBIO DIRECCIONAL TRASERA (C/U),0.5
AGILITY,CAMBIO DIRECCIONAL TRASERA (C/U),0.5
AGILITY RS,CAMBIO DIRECCIONAL TRASERA (C/U),1
AGILITY CITY 150,CAMBIO DIRECCIONAL TRASERA (C/U),1
BET & WIN,CAMBIO DIRECCIONAL TRASERA (C/U),0.5
ACTIV,CAMBIO DIRECCIONAL TRASERA (C/U),0.5
SPIKE,CAMBIO DIRECCIONAL TRASERA (C/U),0.5
AGILITY RS  NAKED,CAMBIO DIRECCIONAL TRASERA (C/U),1
SUPER 8,CAMBIO DIRECCIONAL TRASERA (C/U),1
GACELA,CAMBIO DIRECCIONAL TRASERA (C/U),1
ROCKET,CAMBIO DIRECCIONAL TRASERA (C/U),1
FLY 125,CAMBIO DIRECCIONAL TRASERA (C/U),1
TWIST,CAMBIO DIRECCIONAL TRASERA (C/U),1
PULSAR 135,CAMBIO DIRECCIONAL TRASERA (C/U),0.4
Perseo,CAMBIO DIRECCIONAL TRASERA (C/U),0.4
PULSAR,CAMBIO DIRECCIONAL TRASERA (C/U),0.4
PULSAR 180 UG,CAMBIO DIRECCIONAL TRASERA (C/U),0.4
PULSAR 150,CAMBIO DIRECCIONAL TRASERA (C/U),0.4
THOR 160,CAMBIO DIRECCIONAL TRASERA (C/U),0.4
PULSAR 200,CAMBIO DIRECCIONAL TRASERA (C/U),0.4
PULSAR 150 NS,CAMBIO DIRECCIONAL TRASERA (C/U),0.4
PULSAR 150 AS,CAMBIO DIRECCIONAL TRASERA (C/U),0.4
PULSAR 200 AS,CAMBIO DIRECCIONAL TRASERA (C/U),0.4
PULSAR 200 NS,CAMBIO DIRECCIONAL TRASERA (C/U),0.4
TITAN,CAMBIO DIRECCIONAL TRASERA (C/U),0.4
PULSAR  RS 200,CAMBIO DIRECCIONAL TRASERA (C/U),0.4
PULSAR 220,CAMBIO DIRECCIONAL TRASERA (C/U),0.4
AVENGER 220,CAMBIO DIRECCIONAL TRASERA (C/U),0.4
XCD,CAMBIO DIRECCIONAL TRASERA (C/U),0.4
DISCOVER 100,CAMBIO DIRECCIONAL TRASERA (C/U),0.1
DISCOVER 135,CAMBIO DIRECCIONAL TRASERA (C/U),0.4
BOXER,CAMBIO DIRECCIONAL TRASERA (C/U),0.4
LEXUS,CAMBIO DIRECCIONAL TRASERA (C/U),0.4
DISCOVER 100 5S,CAMBIO DIRECCIONAL TRASERA (C/U),0.4
DISCOVER 150,CAMBIO DIRECCIONAL TRASERA (C/U),0.4
CHAMPION,CAMBIO DIRECCIONAL TRASERA (C/U),0.4
DISCOVER 125 ST,CAMBIO DIRECCIONAL TRASERA (C/U),0.4
BOXER BM 100,CAMBIO DIRECCIONAL TRASERA (C/U),0.4
BOXER BM 150,CAMBIO DIRECCIONAL TRASERA (C/U),0.4
BOXER BM 100 ES,CAMBIO DIRECCIONAL TRASERA (C/U),0.4
PLATINO 125,CAMBIO DIRECCIONAL TRASERA (C/U),0.4
PLATINO 125 - 5S,CAMBIO DIRECCIONAL TRASERA (C/U),0.4
PLATINO 100,CAMBIO DIRECCIONAL TRASERA (C/U),0.4
PLATINO 110,CAMBIO DIRECCIONAL TRASERA (C/U),0.4
FAMILLY,CAMBIO DIRECCIONAL TRASERA (C/U),0.4
MOTOCARRO 4T,CAMBIO DIRECCIONAL TRASERA (C/U),0.5
TORITO,CAMBIO DIRECCIONAL TRASERA (C/U),0.5
KAZE MAX II,CAMBIO DIRECCIONAL TRASERA (C/U),0.5
ZX 130- MAGIC II,CAMBIO DIRECCIONAL TRASERA (C/U),0.5
KMX,CAMBIO DIRECCIONAL TRASERA (C/U),0.4
KLX 150,CAMBIO DIRECCIONAL TRASERA (C/U),0.4
KLX150  L,CAMBIO DIRECCIONAL TRASERA (C/U),0.4
KLX 250,CAMBIO DIRECCIONAL TRASERA (C/U),0.4
NINJA 250,CAMBIO DIRECCIONAL TRASERA (C/U),0.4
NINJA 250 FI,CAMBIO DIRECCIONAL TRASERA (C/U),0.4
Z250,CAMBIO DIRECCIONAL TRASERA (C/U),0.4
Z250 SL,CAMBIO DIRECCIONAL TRASERA (C/U),0.4
ER-6n,CAMBIO DIRECCIONAL TRASERA (C/U),0.4
TRANS-SPORT,CAMBIO DIRECCIONAL TRASERA (C/U),0.6
MRX 150,CAMBIO DIRECCIONAL TRASERA (C/U),0.4
FURAX,CAMBIO DIRECCIONAL TRASERA (C/U),0.5
BOMBER 125,CAMBIO DIRECCIONAL TRASERA (C/U),0.4
BOMBER 250,CAMBIO DIRECCIONAL TRASERA (C/U),0.3
COMBAT 125,CAMBIO DIRECCIONAL TRASERA (C/U),0.4
ZS,CAMBIO DIRECCIONAL TRASERA (C/U),1
LIFE,CAMBIO DIRECCIONAL TRASERA (C/U),1
HUNTER,CAMBIO DIRECCIONAL TRASERA (C/U),1
BLACK,CAMBIO DIRECCIONAL TRASERA (C/U),1
VENOM 400,CAMBIO DIRECCIONAL TRASERA (C/U),0.3
VENOM 250,CAMBIO DIRECCIONAL TRASERA (C/U),0.4
FLOW,CAMBIO DIRECCIONAL TRASERA (C/U),0.4
ADVANCE II LF,CAMBIO DIRECCIONAL TRASERA (C/U),0.7
ZONTES 155,CAMBIO DIRECCIONAL TRASERA (C/U),0.4
ZONTES 310M,CAMBIO DIRECCIONAL TRASERA (C/U),1
SHOCK,CAMBIO DIRECCIONAL TRASERA (C/U),0.4
TNT150i,CAMBIO DIRECCIONAL TRASERA (C/U),0.4
180S,CAMBIO DIRECCIONAL TRASERA (C/U),0.4
TNT25N,CAMBIO DIRECCIONAL TRASERA (C/U),0.4
LEONCINO 500,CAMBIO DIRECCIONAL TRASERA (C/U),0.4
LEONCINO 250,CAMBIO DIRECCIONAL TRASERA (C/U),0.4
TRK 500X,CAMBIO DIRECCIONAL TRASERA (C/U),0.4
TRK 251,CAMBIO DIRECCIONAL TRASERA (C/U),0.4
302 S,CAMBIO DIRECCIONAL TRASERA (C/U),0.4
TOP BOY,CAMBIO DIRECCIONAL DELANTERA (C/U),0.7
AGILITY,CAMBIO DIRECCIONAL DELANTERA (C/U),0.6
AGILITY RS,CAMBIO DIRECCIONAL DELANTERA (C/U),0.6
AGILITY CITY 150,CAMBIO DIRECCIONAL DELANTERA (C/U),0.6
BET & WIN,CAMBIO DIRECCIONAL DELANTERA (C/U),1
ACTIV,CAMBIO DIRECCIONAL DELANTERA (C/U),0.6
SPIKE,CAMBIO DIRECCIONAL DELANTERA (C/U),0.6
AGILITY RS  NAKED,CAMBIO DIRECCIONAL DELANTERA (C/U),0.6
SUPER 8,CAMBIO DIRECCIONAL DELANTERA (C/U),1
GACELA,CAMBIO DIRECCIONAL DELANTERA (C/U),1
CRUCERO             x-town 300,CAMBIO DIRECCIONAL DELANTERA (C/U),1
ROCKET,CAMBIO DIRECCIONAL DELANTERA (C/U),0.6
FLY 125,CAMBIO DIRECCIONAL DELANTERA (C/U),0.6
TWIST,CAMBIO DIRECCIONAL DELANTERA (C/U),0.6
JETIX,CAMBIO DIRECCIONAL DELANTERA (C/U),0.5
UNI-K 110,CAMBIO DIRECCIONAL DELANTERA (C/U),0.5
TRACK,CAMBIO DIRECCIONAL DELANTERA (C/U),0.5
PULSAR 135,CAMBIO DIRECCIONAL DELANTERA (C/U),0.4
Perseo,CAMBIO DIRECCIONAL DELANTERA (C/U),0.4
PULSAR,CAMBIO DIRECCIONAL DELANTERA (C/U),0.4
PULSAR 180 UG,CAMBIO DIRECCIONAL DELANTERA (C/U),0.4
PULSAR 150,CAMBIO DIRECCIONAL DELANTERA (C/U),0.4
THOR 160,CAMBIO DIRECCIONAL DELANTERA (C/U),0.5
PULSAR 200,CAMBIO DIRECCIONAL DELANTERA (C/U),0.5
PULSAR 150 NS,CAMBIO DIRECCIONAL DELANTERA (C/U),0.5
PULSAR 150 AS,CAMBIO DIRECCIONAL DELANTERA (C/U),0.5
PULSAR 200 AS,CAMBIO DIRECCIONAL DELANTERA (C/U),0.5
PULSAR 200 NS,CAMBIO DIRECCIONAL DELANTERA (C/U),0.5
TITAN,CAMBIO DIRECCIONAL DELANTERA (C/U),0.4
PULSAR  RS 200,CAMBIO DIRECCIONAL DELANTERA (C/U),0.7
PULSAR 220,CAMBIO DIRECCIONAL DELANTERA (C/U),0.4
AVENGER 220,CAMBIO DIRECCIONAL DELANTERA (C/U),0.2
XCD,CAMBIO DIRECCIONAL DELANTERA (C/U),1
DISCOVER 100,CAMBIO DIRECCIONAL DELANTERA (C/U),0.1
DISCOVER 135,CAMBIO DIRECCIONAL DELANTERA (C/U),0.4
BOXER,CAMBIO DIRECCIONAL DELANTERA (C/U),0.4
LEXUS,CAMBIO DIRECCIONAL DELANTERA (C/U),0.4
DISCOVER 100 5S,CAMBIO DIRECCIONAL DELANTERA (C/U),0.4
DISCOVER 150,CAMBIO DIRECCIONAL DELANTERA (C/U),0.4
CHAMPION,CAMBIO DIRECCIONAL DELANTERA (C/U),0.4
DISCOVER 125 ST,CAMBIO DIRECCIONAL DELANTERA (C/U),0.4
BOXER BM 100,CAMBIO DIRECCIONAL DELANTERA (C/U),0.2
BOXER BM 150,CAMBIO DIRECCIONAL DELANTERA (C/U),0.2
BOXER BM 100 ES,CAMBIO DIRECCIONAL DELANTERA (C/U),0.2
PLATINO 125,CAMBIO DIRECCIONAL DELANTERA (C/U),1
PLATINO 125 - 5S,CAMBIO DIRECCIONAL DELANTERA (C/U),1
PLATINO 100,CAMBIO DIRECCIONAL DELANTERA (C/U),0.4
PLATINO 110,CAMBIO DIRECCIONAL DELANTERA (C/U),0.4
FAMILLY,CAMBIO DIRECCIONAL DELANTERA (C/U),0.4
MOTOCARRO 4T,CAMBIO DIRECCIONAL DELANTERA (C/U),0.5
TORITO,CAMBIO DIRECCIONAL DELANTERA (C/U),0.5
KAZE MAX II,CAMBIO DIRECCIONAL DELANTERA (C/U),0.8
ZX 130- MAGIC II,CAMBIO DIRECCIONAL DELANTERA (C/U),0.6
KMX,CAMBIO DIRECCIONAL DELANTERA (C/U),0.4
KLX 150,CAMBIO DIRECCIONAL DELANTERA (C/U),0.4
KLX150  L,CAMBIO DIRECCIONAL DELANTERA (C/U),0.4
KLX 250,CAMBIO DIRECCIONAL DELANTERA (C/U),0.4
NINJA 250,CAMBIO DIRECCIONAL DELANTERA (C/U),0.6
NINJA 250 FI,CAMBIO DIRECCIONAL DELANTERA (C/U),0.6
Z250,CAMBIO DIRECCIONAL DELANTERA (C/U),0.4
Z250 SL,CAMBIO DIRECCIONAL DELANTERA (C/U),0.4
ER-6n,CAMBIO DIRECCIONAL DELANTERA (C/U),0.4
TRANS-SPORT,CAMBIO DIRECCIONAL DELANTERA (C/U),0.8
MRX 150,CAMBIO DIRECCIONAL DELANTERA (C/U),0.4
FURAX,CAMBIO DIRECCIONAL DELANTERA (C/U),0.4
BOMBER 125,CAMBIO DIRECCIONAL DELANTERA (C/U),0.4
BOMBER 250,CAMBIO DIRECCIONAL DELANTERA (C/U),0.4
COMBAT 125,CAMBIO DIRECCIONAL DELANTERA (C/U),0.4
ZS,CAMBIO DIRECCIONAL DELANTERA (C/U),1
LIFE,CAMBIO DIRECCIONAL DELANTERA (C/U),1
HUNTER,CAMBIO DIRECCIONAL DELANTERA (C/U),1
BLACK,CAMBIO DIRECCIONAL DELANTERA (C/U),1
VENOM 400,CAMBIO DIRECCIONAL DELANTERA (C/U),0.3
VENOM 250,CAMBIO DIRECCIONAL DELANTERA (C/U),0.5
ONE,CAMBIO DIRECCIONAL DELANTERA (C/U),0.5
FLOW,CAMBIO DIRECCIONAL DELANTERA (C/U),0.7
ADVANCE II LF,CAMBIO DIRECCIONAL DELANTERA (C/U),0.7
ZONTES 155,CAMBIO DIRECCIONAL DELANTERA (C/U),0.4
ZONTES 310M,CAMBIO DIRECCIONAL DELANTERA (C/U),1
SHOCK,CAMBIO DIRECCIONAL DELANTERA (C/U),0.4
TNT150i,CAMBIO DIRECCIONAL DELANTERA (C/U),0.4
180S,CAMBIO DIRECCIONAL DELANTERA (C/U),1.5
TNT25N,CAMBIO DIRECCIONAL DELANTERA (C/U),0.4
LEONCINO 500,CAMBIO DIRECCIONAL DELANTERA (C/U),0.4
LEONCINO 250,CAMBIO DIRECCIONAL DELANTERA (C/U),0.4
TRK 500X,CAMBIO DIRECCIONAL DELANTERA (C/U),0.4
TRK 251,CAMBIO DIRECCIONAL DELANTERA (C/U),0.4
302 S,CAMBIO DIRECCIONAL DELANTERA (C/U),0.4
TOP BOY,CAMBIO BOMBILLOS INDICADORES (direccionales. neutra. temperatur. R.P.M.luces. etc),1
AGILITY,CAMBIO BOMBILLOS INDICADORES (direccionales. neutra. temperatur. R.P.M.luces. etc),1
AGILITY RS,CAMBIO BOMBILLOS INDICADORES (direccionales. neutra. temperatur. R.P.M.luces. etc),1
AGILITY CITY 150,CAMBIO BOMBILLOS INDICADORES (direccionales. neutra. temperatur. R.P.M.luces. etc),1
ACTIV,CAMBIO BOMBILLOS INDICADORES (direccionales. neutra. temperatur. R.P.M.luces. etc),1
SPIKE,CAMBIO BOMBILLOS INDICADORES (direccionales. neutra. temperatur. R.P.M.luces. etc),1
AGILITY RS  NAKED,CAMBIO BOMBILLOS INDICADORES (direccionales. neutra. temperatur. R.P.M.luces. etc),1
FLY 125,CAMBIO BOMBILLOS INDICADORES (direccionales. neutra. temperatur. R.P.M.luces. etc),1
TWIST,CAMBIO BOMBILLOS INDICADORES (direccionales. neutra. temperatur. R.P.M.luces. etc),1
JETIX,CAMBIO BOMBILLOS INDICADORES (direccionales. neutra. temperatur. R.P.M.luces. etc),1
UNI-K 110,CAMBIO BOMBILLOS INDICADORES (direccionales. neutra. temperatur. R.P.M.luces. etc),1
TRACK,CAMBIO BOMBILLOS INDICADORES (direccionales. neutra. temperatur. R.P.M.luces. etc),1
AVENGER 220,CAMBIO BOMBILLOS INDICADORES (direccionales. neutra. temperatur. R.P.M.luces. etc),1
DISCOVER 100,CAMBIO BOMBILLOS INDICADORES (direccionales. neutra. temperatur. R.P.M.luces. etc),1
DISCOVER 135,CAMBIO BOMBILLOS INDICADORES (direccionales. neutra. temperatur. R.P.M.luces. etc),1
BOXER,CAMBIO BOMBILLOS INDICADORES (direccionales. neutra. temperatur. R.P.M.luces. etc),1
LEXUS,CAMBIO BOMBILLOS INDICADORES (direccionales. neutra. temperatur. R.P.M.luces. etc),1
DISCOVER 100 5S,CAMBIO BOMBILLOS INDICADORES (direccionales. neutra. temperatur. R.P.M.luces. etc),1
DISCOVER 150,CAMBIO BOMBILLOS INDICADORES (direccionales. neutra. temperatur. R.P.M.luces. etc),1
CHAMPION,CAMBIO BOMBILLOS INDICADORES (direccionales. neutra. temperatur. R.P.M.luces. etc),1
DISCOVER 125 ST,CAMBIO BOMBILLOS INDICADORES (direccionales. neutra. temperatur. R.P.M.luces. etc),1
BOXER BM 100,CAMBIO BOMBILLOS INDICADORES (direccionales. neutra. temperatur. R.P.M.luces. etc),1
BOXER BM 150,CAMBIO BOMBILLOS INDICADORES (direccionales. neutra. temperatur. R.P.M.luces. etc),1
BOXER BM 100 ES,CAMBIO BOMBILLOS INDICADORES (direccionales. neutra. temperatur. R.P.M.luces. etc),1
PLATINO 125,CAMBIO BOMBILLOS INDICADORES (direccionales. neutra. temperatur. R.P.M.luces. etc),1
PLATINO 125 - 5S,CAMBIO BOMBILLOS INDICADORES (direccionales. neutra. temperatur. R.P.M.luces. etc),1
PLATINO 100,CAMBIO BOMBILLOS INDICADORES (direccionales. neutra. temperatur. R.P.M.luces. etc),1
PLATINO 110,CAMBIO BOMBILLOS INDICADORES (direccionales. neutra. temperatur. R.P.M.luces. etc),1
FAMILLY,CAMBIO BOMBILLOS INDICADORES (direccionales. neutra. temperatur. R.P.M.luces. etc),1
MOTOCARRO 4T,CAMBIO BOMBILLOS INDICADORES (direccionales. neutra. temperatur. R.P.M.luces. etc),0.1
TORITO,CAMBIO BOMBILLOS INDICADORES (direccionales. neutra. temperatur. R.P.M.luces. etc),0.1
KAZE MAX II,CAMBIO BOMBILLOS INDICADORES (direccionales. neutra. temperatur. R.P.M.luces. etc),1
ZX 130- MAGIC II,CAMBIO BOMBILLOS INDICADORES (direccionales. neutra. temperatur. R.P.M.luces. etc),1
KMX,CAMBIO BOMBILLOS INDICADORES (direccionales. neutra. temperatur. R.P.M.luces. etc),1
KLX 150,CAMBIO BOMBILLOS INDICADORES (direccionales. neutra. temperatur. R.P.M.luces. etc),1
KLX150  L,CAMBIO BOMBILLOS INDICADORES (direccionales. neutra. temperatur. R.P.M.luces. etc),1
KLX 250,CAMBIO BOMBILLOS INDICADORES (direccionales. neutra. temperatur. R.P.M.luces. etc),1
NINJA 250,CAMBIO BOMBILLOS INDICADORES (direccionales. neutra. temperatur. R.P.M.luces. etc),1
NINJA 250 FI,CAMBIO BOMBILLOS INDICADORES (direccionales. neutra. temperatur. R.P.M.luces. etc),1
Z250,CAMBIO BOMBILLOS INDICADORES (direccionales. neutra. temperatur. R.P.M.luces. etc),1
Z250 SL,CAMBIO BOMBILLOS INDICADORES (direccionales. neutra. temperatur. R.P.M.luces. etc),1
ER-6n,CAMBIO BOMBILLOS INDICADORES (direccionales. neutra. temperatur. R.P.M.luces. etc),1
TRANS-SPORT,CAMBIO BOMBILLOS INDICADORES (direccionales. neutra. temperatur. R.P.M.luces. etc),1
MRX 150,CAMBIO BOMBILLOS INDICADORES (direccionales. neutra. temperatur. R.P.M.luces. etc),1
FURAX,CAMBIO BOMBILLOS INDICADORES (direccionales. neutra. temperatur. R.P.M.luces. etc),1
BOMBER 125,CAMBIO BOMBILLOS INDICADORES (direccionales. neutra. temperatur. R.P.M.luces. etc),1
COMBAT 125,CAMBIO BOMBILLOS INDICADORES (direccionales. neutra. temperatur. R.P.M.luces. etc),1
ONE,CAMBIO BOMBILLOS INDICADORES (direccionales. neutra. temperatur. R.P.M.luces. etc),1
ADVANCE II LF,CAMBIO BOMBILLOS INDICADORES (direccionales. neutra. temperatur. R.P.M.luces. etc),1
ZONTES 155,CAMBIO BOMBILLOS INDICADORES (direccionales. neutra. temperatur. R.P.M.luces. etc),1
SHOCK,CAMBIO BOMBILLOS INDICADORES (direccionales. neutra. temperatur. R.P.M.luces. etc),1
TOP BOY,CAMBIO FAROLA,0.7
AGILITY,CAMBIO FAROLA,0.6
AGILITY RS,CAMBIO FAROLA,0.6
AGILITY CITY 150,CAMBIO FAROLA,0.6
BET & WIN,CAMBIO FAROLA,1.2
ACTIV,CAMBIO FAROLA,0.6
SPIKE,CAMBIO FAROLA,0.6
AGILITY RS  NAKED,CAMBIO FAROLA,0.6
SUPER 8,CAMBIO FAROLA,0.6
GACELA,CAMBIO FAROLA,0.6
CRUCERO             x-town 300,CAMBIO FAROLA,1
ROCKET,CAMBIO FAROLA,1.5
FLY 125,CAMBIO FAROLA,0.6
TWIST,CAMBIO FAROLA,0.6
JETIX,CAMBIO FAROLA,0.6
UNI-K 110,CAMBIO FAROLA,0.6
TRACK,CAMBIO FAROLA,0.6
PULSAR 135,CAMBIO FAROLA,1
Perseo,CAMBIO FAROLA,1
PULSAR,CAMBIO FAROLA,0.6
PULSAR 180 UG,CAMBIO FAROLA,0.6
PULSAR 150,CAMBIO FAROLA,0.6
THOR 160,CAMBIO FAROLA,1
PULSAR 200,CAMBIO FAROLA,1
PULSAR 150 NS,CAMBIO FAROLA,1
PULSAR 150 AS,CAMBIO FAROLA,1
PULSAR 200 AS,CAMBIO FAROLA,1
PULSAR 200 NS,CAMBIO FAROLA,1
TITAN,CAMBIO FAROLA,0.7
PULSAR  RS 200,CAMBIO FAROLA,1.5
PULSAR 220,CAMBIO FAROLA,2
AVENGER 220,CAMBIO FAROLA,0.4
XCD,CAMBIO FAROLA,1
DISCOVER 100,CAMBIO FAROLA,1
DISCOVER 135,CAMBIO FAROLA,0.6
BOXER,CAMBIO FAROLA,0.6
LEXUS,CAMBIO FAROLA,0.6
DISCOVER 100 5S,CAMBIO FAROLA,1
DISCOVER 150,CAMBIO FAROLA,1
CHAMPION,CAMBIO FAROLA,1
DISCOVER 125 ST,CAMBIO FAROLA,1
BOXER BM 100,CAMBIO FAROLA,0.4
BOXER BM 150,CAMBIO FAROLA,0.4
BOXER BM 100 ES,CAMBIO FAROLA,0.4
PLATINO 125,CAMBIO FAROLA,0.6
PLATINO 125 - 5S,CAMBIO FAROLA,0.6
PLATINO 100,CAMBIO FAROLA,0.6
PLATINO 110,CAMBIO FAROLA,0.6
FAMILLY,CAMBIO FAROLA,0.6
MOTOCARRO 4T,CAMBIO FAROLA,0.1
TORITO,CAMBIO FAROLA,0.7
KAZE MAX II,CAMBIO FAROLA,0.7
ZX 130- MAGIC II,CAMBIO FAROLA,0.7
KMX,CAMBIO FAROLA,0.5
KLX 150,CAMBIO FAROLA,0.5
KLX150  L,CAMBIO FAROLA,0.5
KLX 250,CAMBIO FAROLA,0.5
NINJA 250,CAMBIO FAROLA,1
NINJA 250 FI,CAMBIO FAROLA,1
Z250,CAMBIO FAROLA,1
Z250 SL,CAMBIO FAROLA,1
ER-6n,CAMBIO FAROLA,0.7
TRANS-SPORT,CAMBIO FAROLA,0.7
MRX 150,CAMBIO FAROLA,0.5
FURAX,CAMBIO FAROLA,0.5
BOMBER 125,CAMBIO FAROLA,0.6
BOMBER 250,CAMBIO FAROLA,0.4
COMBAT 125,CAMBIO FAROLA,0.6
ZS,CAMBIO FAROLA,0.6
LIFE,CAMBIO FAROLA,0.6
HUNTER,CAMBIO FAROLA,1
BLACK,CAMBIO FAROLA,1
VENOM 400,CAMBIO FAROLA,0.3
VENOM 250,CAMBIO FAROLA,1
ONE,CAMBIO FAROLA,0.6
FLOW,CAMBIO FAROLA,0.6
ADVANCE II LF,CAMBIO FAROLA,0.6
ZONTES 155,CAMBIO FAROLA,1
ZONTES 310M,CAMBIO FAROLA,1.5
SHOCK,CAMBIO FAROLA,0.5
TNT150i,CAMBIO FAROLA,1
180S,CAMBIO FAROLA,1.8
TNT25N,CAMBIO FAROLA,1
LEONCINO 500,CAMBIO FAROLA,0.9
LEONCINO 250,CAMBIO FAROLA,1
TRK 500X,CAMBIO FAROLA,0.9
TRK 251,CAMBIO FAROLA,1
302 S,CAMBIO FAROLA,1.2
TOP BOY,CAMBIO DE FAROLA DE LUZ MEDIA,0.5
AGILITY RS,CAMBIO DE FAROLA DE LUZ MEDIA,0.4
ACTIV,CAMBIO DE FAROLA DE LUZ MEDIA,0.6
SPIKE,CAMBIO DE FAROLA DE LUZ MEDIA,0.6
AGILITY RS  NAKED,CAMBIO DE FAROLA DE LUZ MEDIA,1.5
SUPER 8,CAMBIO DE FAROLA DE LUZ MEDIA,0.6
GACELA,CAMBIO DE FAROLA DE LUZ MEDIA,0.6
CRUCERO             x-town 300,CAMBIO DE FAROLA DE LUZ MEDIA,1
ROCKET,CAMBIO DE FAROLA DE LUZ MEDIA,0.6
FLY 125,CAMBIO DE FAROLA DE LUZ MEDIA,0.6
TWIST,CAMBIO DE FAROLA DE LUZ MEDIA,0.6
JETIX,CAMBIO DE FAROLA DE LUZ MEDIA,0.6
UNI-K 110,CAMBIO DE FAROLA DE LUZ MEDIA,0.6
TRACK,CAMBIO DE FAROLA DE LUZ MEDIA,0.6
PULSAR 135,CAMBIO DE FAROLA DE LUZ MEDIA,0.6
Perseo,CAMBIO DE FAROLA DE LUZ MEDIA,0.6
PULSAR,CAMBIO DE FAROLA DE LUZ MEDIA,0.6
PULSAR 180 UG,CAMBIO DE FAROLA DE LUZ MEDIA,0.6
PULSAR 150,CAMBIO DE FAROLA DE LUZ MEDIA,1
THOR 160,CAMBIO DE FAROLA DE LUZ MEDIA,1
PULSAR 200,CAMBIO DE FAROLA DE LUZ MEDIA,1
PULSAR 150 NS,CAMBIO DE FAROLA DE LUZ MEDIA,1
PULSAR 150 AS,CAMBIO DE FAROLA DE LUZ MEDIA,1
PULSAR 200 AS,CAMBIO DE FAROLA DE LUZ MEDIA,1
PULSAR 200 NS,CAMBIO DE FAROLA DE LUZ MEDIA,1.5
PULSAR  RS 200,CAMBIO DE FAROLA DE LUZ MEDIA,2
PULSAR 220,CAMBIO DE FAROLA DE LUZ MEDIA,0.4
AVENGER 220,CAMBIO DE FAROLA DE LUZ MEDIA,1
XCD,CAMBIO DE FAROLA DE LUZ MEDIA,1
DISCOVER 100,CAMBIO DE FAROLA DE LUZ MEDIA,0.6
DISCOVER 135,CAMBIO DE FAROLA DE LUZ MEDIA,0.6
BOXER,CAMBIO DE FAROLA DE LUZ MEDIA,0.7
LEXUS,CAMBIO DE FAROLA DE LUZ MEDIA,0.7
DISCOVER 100 5S,CAMBIO DE FAROLA DE LUZ MEDIA,1
DISCOVER 150,CAMBIO DE FAROLA DE LUZ MEDIA,1
CHAMPION,CAMBIO DE FAROLA DE LUZ MEDIA,1
DISCOVER 125 ST,CAMBIO DE FAROLA DE LUZ MEDIA,0.4
BOXER BM 100,CAMBIO DE FAROLA DE LUZ MEDIA,0.4
BOXER BM 150,CAMBIO DE FAROLA DE LUZ MEDIA,0.4
BOXER BM 100 ES,CAMBIO DE FAROLA DE LUZ MEDIA,0.6
PLATINO 125,CAMBIO DE FAROLA DE LUZ MEDIA,0.6
PLATINO 125 - 5S,CAMBIO DE FAROLA DE LUZ MEDIA,0.6
PLATINO 100,CAMBIO DE FAROLA DE LUZ MEDIA,0.6
PLATINO 110,CAMBIO DE FAROLA DE LUZ MEDIA,0.1
FAMILLY,CAMBIO DE FAROLA DE LUZ MEDIA,0.1
MOTOCARRO 4T,CAMBIO DE FAROLA DE LUZ MEDIA,0.7
MOTOCARRO DIESEL,CAMBIO DE FAROLA DE LUZ MEDIA,0.7
KAZE MAX II,CAMBIO DE FAROLA DE LUZ MEDIA,0.7
ZX 130- MAGIC II,CAMBIO DE FAROLA DE LUZ MEDIA,0.5
KMX,CAMBIO DE FAROLA DE LUZ MEDIA,0.5
KLX 150,CAMBIO DE FAROLA DE LUZ MEDIA,0.5
KLX150  L,CAMBIO DE FAROLA DE LUZ MEDIA,1
KLX 250,CAMBIO DE FAROLA DE LUZ MEDIA,1
NINJA 250,CAMBIO DE FAROLA DE LUZ MEDIA,1
NINJA 250 FI,CAMBIO DE FAROLA DE LUZ MEDIA,1
Z250,CAMBIO DE FAROLA DE LUZ MEDIA,1
Z250 SL,CAMBIO DE FAROLA DE LUZ MEDIA,0.7
ER-6n,CAMBIO DE FAROLA DE LUZ MEDIA,0.7
TRANS-SPORT,CAMBIO DE FAROLA DE LUZ MEDIA,0.5
MRX 150,CAMBIO DE FAROLA DE LUZ MEDIA,0.5
FURAX,CAMBIO DE FAROLA DE LUZ MEDIA,0.6
ZS,CAMBIO DE FAROLA DE LUZ MEDIA,0.6
LIFE,CAMBIO DE FAROLA DE LUZ MEDIA,0.6
BLACK,CAMBIO DE FAROLA DE LUZ MEDIA,1
VENOM 250,CAMBIO DE FAROLA DE LUZ MEDIA,1.5
ONE,CAMBIO DE FAROLA DE LUZ MEDIA,0.6
FLOW,CAMBIO DE FAROLA DE LUZ MEDIA,0.6
ADVANCE II LF,CAMBIO DE FAROLA DE LUZ MEDIA,0.6
ZONTES 310M,CAMBIO DE FAROLA DE LUZ MEDIA,1.5
SHOCK,CAMBIO DE FAROLA DE LUZ MEDIA,0.6
TOP BOY,CAMBIO DE STOP,0.7
AGILITY,CAMBIO DE STOP,0.7
AGILITY RS,CAMBIO DE STOP,1
AGILITY CITY 150,CAMBIO DE STOP,1
BET & WIN,CAMBIO DE STOP,0.8
ACTIV,CAMBIO DE STOP,0.7
SPIKE,CAMBIO DE STOP,0.7
AGILITY RS  NAKED,CAMBIO DE STOP,1
SUPER 8,CAMBIO DE STOP,1
GACELA,CAMBIO DE STOP,1
CRUCERO             x-town 300,CAMBIO DE STOP,1.5
ROCKET,CAMBIO DE STOP,1
FLY 125,CAMBIO DE STOP,1
TWIST,CAMBIO DE STOP,1
JETIX,CAMBIO DE STOP,1
UNI-K 110,CAMBIO DE STOP,0.7
TRACK,CAMBIO DE STOP,0.7
PULSAR 135,CAMBIO DE STOP,0.7
Perseo,CAMBIO DE STOP,0.7
PULSAR,CAMBIO DE STOP,0.7
PULSAR 180 UG,CAMBIO DE STOP,0.7
PULSAR 150,CAMBIO DE STOP,0.7
THOR 160,CAMBIO DE STOP,0.7
PULSAR 200,CAMBIO DE STOP,0.7
PULSAR 150 NS,CAMBIO DE STOP,0.7
PULSAR 150 AS,CAMBIO DE STOP,0.7
PULSAR 200 AS,CAMBIO DE STOP,0.7
PULSAR 200 NS,CAMBIO DE STOP,0.7
TITAN,CAMBIO DE STOP,1
PULSAR  RS 200,CAMBIO DE STOP,0.5
PULSAR 220,CAMBIO DE STOP,0.7
AVENGER 220,CAMBIO DE STOP,0.7
XCD,CAMBIO DE STOP,0.5
DISCOVER 100,CAMBIO DE STOP,0.5
DISCOVER 135,CAMBIO DE STOP,0.7
BOXER,CAMBIO DE STOP,0.5
LEXUS,CAMBIO DE STOP,0.5
DISCOVER 100 5S,CAMBIO DE STOP,0.7
DISCOVER 150,CAMBIO DE STOP,0.7
CHAMPION,CAMBIO DE STOP,0.7
DISCOVER 125 ST,CAMBIO DE STOP,0.7
BOXER BM 100,CAMBIO DE STOP,0.5
BOXER BM 150,CAMBIO DE STOP,0.5
BOXER BM 100 ES,CAMBIO DE STOP,0.5
PLATINO 125,CAMBIO DE STOP,0.5
PLATINO 125 - 5S,CAMBIO DE STOP,0.5
PLATINO 100,CAMBIO DE STOP,0.5
PLATINO 110,CAMBIO DE STOP,0.5
FAMILLY,CAMBIO DE STOP,0.5
MOTOCARRO 4T,CAMBIO DE STOP,0.7
TORITO,CAMBIO DE STOP,0.7
KAZE MAX II,CAMBIO DE STOP,0.7
ZX 130- MAGIC II,CAMBIO DE STOP,0.7
KMX,CAMBIO DE STOP,0.7
KLX 150,CAMBIO DE STOP,0.7
KLX150  L,CAMBIO DE STOP,0.7
KLX 250,CAMBIO DE STOP,0.7
NINJA 250,CAMBIO DE STOP,0.5
NINJA 250 FI,CAMBIO DE STOP,0.5
Z250,CAMBIO DE STOP,0.5
Z250 SL,CAMBIO DE STOP,0.5
ER-6n,CAMBIO DE STOP,0.5
TRANS-SPORT,CAMBIO DE STOP,0.7
MRX 150,CAMBIO DE STOP,0.7
FURAX,CAMBIO DE STOP,1
BOMBER 125,CAMBIO DE STOP,0.5
BOMBER 250,CAMBIO DE STOP,0.4
COMBAT 125,CAMBIO DE STOP,0.5
ZS,CAMBIO DE STOP,1
LIFE,CAMBIO DE STOP,1
HUNTER,CAMBIO DE STOP,1.5
BLACK,CAMBIO DE STOP,1.5
VENOM 400,CAMBIO DE STOP,0.5
VENOM 250,CAMBIO DE STOP,0.7
ONE,CAMBIO DE STOP,0.7
FLOW,CAMBIO DE STOP,0.7
ADVANCE II LF,CAMBIO DE STOP,0.7
ZONTES 155,CAMBIO DE STOP,0.8
ZONTES 310M,CAMBIO DE STOP,1.5
SHOCK,CAMBIO DE STOP,0.7
TNT150i,CAMBIO DE STOP,0.8
180S,CAMBIO DE STOP,0.8
TNT25N,CAMBIO DE STOP,0.8
LEONCINO 500,CAMBIO DE STOP,0.7
LEONCINO 250,CAMBIO DE STOP,0.8
TRK 500X,CAMBIO DE STOP,0.7
TRK 251,CAMBIO DE STOP,0.8
302 S,CAMBIO DE STOP,0.8
TOP BOY,CAMBIO DE LUNA (TALCO) DE STOP,0.3
AGILITY,CAMBIO DE LUNA (TALCO) DE STOP,0.1
AGILITY RS,CAMBIO DE LUNA (TALCO) DE STOP,0.1
AGILITY CITY 150,CAMBIO DE LUNA (TALCO) DE STOP,0.1
BET & WIN,CAMBIO DE LUNA (TALCO) DE STOP,0.1
ACTIV,CAMBIO DE LUNA (TALCO) DE STOP,0.1
SPIKE,CAMBIO DE LUNA (TALCO) DE STOP,0.1
AGILITY RS  NAKED,CAMBIO DE LUNA (TALCO) DE STOP,0.1
FLY 125,CAMBIO DE LUNA (TALCO) DE STOP,0.1
TWIST,CAMBIO DE LUNA (TALCO) DE STOP,0.1
AVENGER 220,CAMBIO DE LUNA (TALCO) DE STOP,0.1
DISCOVER 135,CAMBIO DE LUNA (TALCO) DE STOP,0.1
BOXER,CAMBIO DE LUNA (TALCO) DE STOP,0.1
LEXUS,CAMBIO DE LUNA (TALCO) DE STOP,0.1
BOXER BM 100,CAMBIO DE LUNA (TALCO) DE STOP,0.1
BOXER BM 150,CAMBIO DE LUNA (TALCO) DE STOP,0.1
BOXER BM 100 ES,CAMBIO DE LUNA (TALCO) DE STOP,0.1
PLATINO 125 - 5S,CAMBIO DE LUNA (TALCO) DE STOP,0.1
PLATINO 100,CAMBIO DE LUNA (TALCO) DE STOP,0.1
PLATINO 110,CAMBIO DE LUNA (TALCO) DE STOP,0.1
FAMILLY,CAMBIO DE LUNA (TALCO) DE STOP,0.1
MOTOCARRO 4T,CAMBIO DE LUNA (TALCO) DE STOP,0.3
TORITO,CAMBIO DE LUNA (TALCO) DE STOP,0.3
KAZE MAX II,CAMBIO DE LUNA (TALCO) DE STOP,0.1
ZX 130- MAGIC II,CAMBIO DE LUNA (TALCO) DE STOP,0.1
KMX,CAMBIO DE LUNA (TALCO) DE STOP,0.1
KLX 150,CAMBIO DE LUNA (TALCO) DE STOP,0.1
KLX150  L,CAMBIO DE LUNA (TALCO) DE STOP,0.1
KLX 250,CAMBIO DE LUNA (TALCO) DE STOP,0.1
TRANS-SPORT,CAMBIO DE LUNA (TALCO) DE STOP,0.1
MRX 150,CAMBIO DE LUNA (TALCO) DE STOP,0.1
FURAX,CAMBIO DE LUNA (TALCO) DE STOP,1
LIFE,CAMBIO DE LUNA (TALCO) DE STOP,0.1
FLOW,CAMBIO DE LUNA (TALCO) DE STOP,0.1
ADVANCE II LF,CAMBIO DE LUNA (TALCO) DE STOP,0.1
ZONTES 155,CAMBIO DE LUNA (TALCO) DE STOP,0.4
SHOCK,CAMBIO DE LUNA (TALCO) DE STOP,0.1
TNT150i,CAMBIO DE LUNA (TALCO) DE STOP,0.4
TOP BOY,CAMBIO BOBINA(S) DE ALTA,0.6
AGILITY,CAMBIO BOBINA(S) DE ALTA,0.6
AGILITY RS,CAMBIO BOBINA(S) DE ALTA,0.6
AGILITY CITY 150,CAMBIO BOBINA(S) DE ALTA,0.6
BET & WIN,CAMBIO BOBINA(S) DE ALTA,0.7
ACTIV,CAMBIO BOBINA(S) DE ALTA,0.5
SPIKE,CAMBIO BOBINA(S) DE ALTA,0.5
AGILITY RS  NAKED,CAMBIO BOBINA(S) DE ALTA,0.6
SUPER 8,CAMBIO BOBINA(S) DE ALTA,0.6
GACELA,CAMBIO BOBINA(S) DE ALTA,0.6
CRUCERO             x-town 300,CAMBIO BOBINA(S) DE ALTA,0.7
ROCKET,CAMBIO BOBINA(S) DE ALTA,0.6
FLY 125,CAMBIO BOBINA(S) DE ALTA,0.6
TWIST,CAMBIO BOBINA(S) DE ALTA,0.6
JETIX,CAMBIO BOBINA(S) DE ALTA,0.5
UNI-K 110,CAMBIO BOBINA(S) DE ALTA,0.5
TRACK,CAMBIO BOBINA(S) DE ALTA,0.5
PULSAR 135,CAMBIO BOBINA(S) DE ALTA,0.7
Perseo,CAMBIO BOBINA(S) DE ALTA,0.7
PULSAR,CAMBIO BOBINA(S) DE ALTA,0.7
PULSAR 180 UG,CAMBIO BOBINA(S) DE ALTA,0.7
PULSAR 150,CAMBIO BOBINA(S) DE ALTA,0.7
THOR 160,CAMBIO BOBINA(S) DE ALTA,1
PULSAR 200,CAMBIO BOBINA(S) DE ALTA,0.7
PULSAR 150 NS,CAMBIO BOBINA(S) DE ALTA,1
PULSAR 150 AS,CAMBIO BOBINA(S) DE ALTA,1.3
PULSAR 200 AS,CAMBIO BOBINA(S) DE ALTA,1.3
PULSAR 200 NS,CAMBIO BOBINA(S) DE ALTA,1
TITAN,CAMBIO BOBINA(S) DE ALTA,1
PULSAR  RS 200,CAMBIO BOBINA(S) DE ALTA,1.5
PULSAR 220,CAMBIO BOBINA(S) DE ALTA,0.7
AVENGER 220,CAMBIO BOBINA(S) DE ALTA,0.7
XCD,CAMBIO BOBINA(S) DE ALTA,0.7
DISCOVER 100,CAMBIO BOBINA(S) DE ALTA,0.7
DISCOVER 135,CAMBIO BOBINA(S) DE ALTA,0.7
BOXER,CAMBIO BOBINA(S) DE ALTA,0.7
LEXUS,CAMBIO BOBINA(S) DE ALTA,0.7
DISCOVER 100 5S,CAMBIO BOBINA(S) DE ALTA,0.7
DISCOVER 150,CAMBIO BOBINA(S) DE ALTA,0.7
CHAMPION,CAMBIO BOBINA(S) DE ALTA,0.7
DISCOVER 125 ST,CAMBIO BOBINA(S) DE ALTA,0.7
BOXER BM 100,CAMBIO BOBINA(S) DE ALTA,0.7
BOXER BM 150,CAMBIO BOBINA(S) DE ALTA,0.7
BOXER BM 100 ES,CAMBIO BOBINA(S) DE ALTA,0.7
PLATINO 125,CAMBIO BOBINA(S) DE ALTA,0.7
PLATINO 125 - 5S,CAMBIO BOBINA(S) DE ALTA,0.7
PLATINO 100,CAMBIO BOBINA(S) DE ALTA,0.7
PLATINO 110,CAMBIO BOBINA(S) DE ALTA,0.7
FAMILLY,CAMBIO BOBINA(S) DE ALTA,0.7
MOTOCARRO 4T,CAMBIO BOBINA(S) DE ALTA,0.5
TORITO,CAMBIO BOBINA(S) DE ALTA,0.5
KAZE MAX II,CAMBIO BOBINA(S) DE ALTA,0.8
ZX 130- MAGIC II,CAMBIO BOBINA(S) DE ALTA,0.5
KMX,CAMBIO BOBINA(S) DE ALTA,0.7
KLX 150,CAMBIO BOBINA(S) DE ALTA,0.3
KLX150  L,CAMBIO BOBINA(S) DE ALTA,0.3
KLX 250,CAMBIO BOBINA(S) DE ALTA,0.3
NINJA 250,CAMBIO BOBINA(S) DE ALTA,0.8
NINJA 250 FI,CAMBIO BOBINA(S) DE ALTA,0.8
Z250,CAMBIO BOBINA(S) DE ALTA,0.8
Z250 SL,CAMBIO BOBINA(S) DE ALTA,0.8
ER-6n,CAMBIO BOBINA(S) DE ALTA,1.5
TRANS-SPORT,CAMBIO BOBINA(S) DE ALTA,0.8
MRX 150,CAMBIO BOBINA(S) DE ALTA,0.3
FURAX,CAMBIO BOBINA(S) DE ALTA,1.2
BOMBER 125,CAMBIO BOBINA(S) DE ALTA,0.7
BOMBER 250,CAMBIO BOBINA(S) DE ALTA,0.3
COMBAT 125,CAMBIO BOBINA(S) DE ALTA,0.7
ZS,CAMBIO BOBINA(S) DE ALTA,0.6
LIFE,CAMBIO BOBINA(S) DE ALTA,6
HUNTER,CAMBIO BOBINA(S) DE ALTA,0.7
BLACK,CAMBIO BOBINA(S) DE ALTA,0.7
VENOM 400,CAMBIO BOBINA(S) DE ALTA,0.4
VENOM 250,CAMBIO BOBINA(S) DE ALTA,1
ONE,CAMBIO BOBINA(S) DE ALTA,0.5
FLOW,CAMBIO BOBINA(S) DE ALTA,0.5
ADVANCE II LF,CAMBIO BOBINA(S) DE ALTA,0.5
ZONTES 155,CAMBIO BOBINA(S) DE ALTA,0.7
ZONTES 310M,CAMBIO BOBINA(S) DE ALTA,0.7
SHOCK,CAMBIO BOBINA(S) DE ALTA,0.5
TNT150i,CAMBIO BOBINA(S) DE ALTA,0.7
180S,CAMBIO BOBINA(S) DE ALTA,0.7
TNT25N,CAMBIO BOBINA(S) DE ALTA,0.7
LEONCINO 500,CAMBIO BOBINA(S) DE ALTA,1.5
LEONCINO 250,CAMBIO BOBINA(S) DE ALTA,0.7
TRK 500X,CAMBIO BOBINA(S) DE ALTA,2
TRK 251,CAMBIO BOBINA(S) DE ALTA,0.7
302 S,CAMBIO BOBINA(S) DE ALTA,2
TOP BOY,CAMBIO PLATO DE BOBINAS,1
AGILITY,CAMBIO PLATO DE BOBINAS,1
AGILITY RS,CAMBIO PLATO DE BOBINAS,1
AGILITY CITY 150,CAMBIO PLATO DE BOBINAS,1
BET & WIN,CAMBIO PLATO DE BOBINAS,2.5
ACTIV,CAMBIO PLATO DE BOBINAS,0.8
SPIKE,CAMBIO PLATO DE BOBINAS,0.8
AGILITY RS  NAKED,CAMBIO PLATO DE BOBINAS,1
SUPER 8,CAMBIO PLATO DE BOBINAS,1
GACELA,CAMBIO PLATO DE BOBINAS,1
CRUCERO             x-town 300,CAMBIO PLATO DE BOBINAS,2.5
ROCKET,CAMBIO PLATO DE BOBINAS,1
FLY 125,CAMBIO PLATO DE BOBINAS,1
TWIST,CAMBIO PLATO DE BOBINAS,1
JETIX,CAMBIO PLATO DE BOBINAS,0.8
UNI-K 110,CAMBIO PLATO DE BOBINAS,0.8
TRACK,CAMBIO PLATO DE BOBINAS,0.8
PULSAR 135,CAMBIO PLATO DE BOBINAS,0.8
Perseo,CAMBIO PLATO DE BOBINAS,0.8
PULSAR,CAMBIO PLATO DE BOBINAS,0.8
PULSAR 180 UG,CAMBIO PLATO DE BOBINAS,0.8
PULSAR 150,CAMBIO PLATO DE BOBINAS,0.8
THOR 160,CAMBIO PLATO DE BOBINAS,1.2
PULSAR 200,CAMBIO PLATO DE BOBINAS,0.8
PULSAR 150 NS,CAMBIO PLATO DE BOBINAS,1.2
PULSAR 150 AS,CAMBIO PLATO DE BOBINAS,1.2
PULSAR 200 AS,CAMBIO PLATO DE BOBINAS,1.2
PULSAR 200 NS,CAMBIO PLATO DE BOBINAS,1.2
TITAN,CAMBIO PLATO DE BOBINAS,1.2
PULSAR  RS 200,CAMBIO PLATO DE BOBINAS,1.3
PULSAR 220,CAMBIO PLATO DE BOBINAS,0.8
AVENGER 220,CAMBIO PLATO DE BOBINAS,0.8
XCD,CAMBIO PLATO DE BOBINAS,0.8
DISCOVER 100,CAMBIO PLATO DE BOBINAS,0.8
DISCOVER 135,CAMBIO PLATO DE BOBINAS,0.8
BOXER,CAMBIO PLATO DE BOBINAS,1
LEXUS,CAMBIO PLATO DE BOBINAS,1
DISCOVER 100 5S,CAMBIO PLATO DE BOBINAS,0.8
DISCOVER 150,CAMBIO PLATO DE BOBINAS,0.8
CHAMPION,CAMBIO PLATO DE BOBINAS,0.8
DISCOVER 125 ST,CAMBIO PLATO DE BOBINAS,0.8
BOXER BM 100,CAMBIO PLATO DE BOBINAS,1
BOXER BM 150,CAMBIO PLATO DE BOBINAS,1
BOXER BM 100 ES,CAMBIO PLATO DE BOBINAS,1
PLATINO 125,CAMBIO PLATO DE BOBINAS,0.8
PLATINO 125 - 5S,CAMBIO PLATO DE BOBINAS,0.8
PLATINO 100,CAMBIO PLATO DE BOBINAS,1
PLATINO 110,CAMBIO PLATO DE BOBINAS,0.8
MOTOCARRO 4T,CAMBIO PLATO DE BOBINAS,1.5
TORITO,CAMBIO PLATO DE BOBINAS,1.5
KAZE MAX II,CAMBIO PLATO DE BOBINAS,1
ZX 130- MAGIC II,CAMBIO PLATO DE BOBINAS,1
KMX,CAMBIO PLATO DE BOBINAS,0.8
KLX 150,CAMBIO PLATO DE BOBINAS,0.8
KLX150  L,CAMBIO PLATO DE BOBINAS,0.8
KLX 250,CAMBIO PLATO DE BOBINAS,0.9
NINJA 250,CAMBIO PLATO DE BOBINAS,1
NINJA 250 FI,CAMBIO PLATO DE BOBINAS,1
Z250,CAMBIO PLATO DE BOBINAS,1
Z250 SL,CAMBIO PLATO DE BOBINAS,1
ER-6n,CAMBIO PLATO DE BOBINAS,1
TRANS-SPORT,CAMBIO PLATO DE BOBINAS,1
MRX 150,CAMBIO PLATO DE BOBINAS,0.8
FURAX,CAMBIO PLATO DE BOBINAS,1
BOMBER 125,CAMBIO PLATO DE BOBINAS,1
BOMBER 250,CAMBIO PLATO DE BOBINAS,0.5
COMBAT 125,CAMBIO PLATO DE BOBINAS,1
ZS,CAMBIO PLATO DE BOBINAS,1
LIFE,CAMBIO PLATO DE BOBINAS,1
HUNTER,CAMBIO PLATO DE BOBINAS,1
BLACK,CAMBIO PLATO DE BOBINAS,1
VENOM 400,CAMBIO PLATO DE BOBINAS,0.6
VENOM 250,CAMBIO PLATO DE BOBINAS,1.2
ONE,CAMBIO PLATO DE BOBINAS,0.8
FLOW,CAMBIO PLATO DE BOBINAS,1
ADVANCE II LF,CAMBIO PLATO DE BOBINAS,0.8
ZONTES 155,CAMBIO PLATO DE BOBINAS,1
ZONTES 310M,CAMBIO PLATO DE BOBINAS,1
SHOCK,CAMBIO PLATO DE BOBINAS,0.8
TNT150i,CAMBIO PLATO DE BOBINAS,1
180S,CAMBIO PLATO DE BOBINAS,1
TNT25N,CAMBIO PLATO DE BOBINAS,1
LEONCINO 500,CAMBIO PLATO DE BOBINAS,1.2
LEONCINO 250,CAMBIO PLATO DE BOBINAS,1
TRK 500X,CAMBIO PLATO DE BOBINAS,1.2
TRK 251,CAMBIO PLATO DE BOBINAS,1
302 S,CAMBIO PLATO DE BOBINAS,1
TOP BOY,CAMBIO C.D.I.,0.8
AGILITY,CAMBIO C.D.I.,0.2
AGILITY RS,CAMBIO C.D.I.,0.2
AGILITY CITY 150,CAMBIO C.D.I.,0.2
BET & WIN,CAMBIO C.D.I.,0.5
ACTIV,CAMBIO C.D.I.,0.8
SPIKE,CAMBIO C.D.I.,0.8
AGILITY RS  NAKED,CAMBIO C.D.I.,0.2
SUPER 8,CAMBIO C.D.I.,0.4
GACELA,CAMBIO C.D.I.,0.4
ROCKET,CAMBIO C.D.I.,0.2
FLY 125,CAMBIO C.D.I.,0.2
TWIST,CAMBIO C.D.I.,0.2
JETIX,CAMBIO C.D.I.,0.2
UNI-K 110,CAMBIO C.D.I.,0.4
TRACK,CAMBIO C.D.I.,0.4
PULSAR 135,CAMBIO C.D.I.,0.5
Perseo,CAMBIO C.D.I.,0.5
PULSAR,CAMBIO C.D.I.,0.5
PULSAR 180 UG,CAMBIO C.D.I.,0.5
PULSAR 150,CAMBIO C.D.I.,0.5
THOR 160,CAMBIO C.D.I.,0.3
PULSAR 200,CAMBIO C.D.I.,0.3
PULSAR 150 NS,CAMBIO C.D.I.,0.3
PULSAR 150 AS,CAMBIO C.D.I.,0.3
PULSAR 200 AS,CAMBIO C.D.I.,0.3
PULSAR 200 NS,CAMBIO C.D.I.,0.3
PULSAR 220,CAMBIO C.D.I.,0.5
AVENGER 220,CAMBIO C.D.I.,0.5
XCD,CAMBIO C.D.I.,0.5
DISCOVER 100,CAMBIO C.D.I.,0.5
DISCOVER 135,CAMBIO C.D.I.,0.5
BOXER,CAMBIO C.D.I.,0.5
LEXUS,CAMBIO C.D.I.,0.5
DISCOVER 100 5S,CAMBIO C.D.I.,0.5
DISCOVER 150,CAMBIO C.D.I.,0.5
CHAMPION,CAMBIO C.D.I.,0.5
DISCOVER 125 ST,CAMBIO C.D.I.,0.5
BOXER BM 100,CAMBIO C.D.I.,0.5
BOXER BM 150,CAMBIO C.D.I.,0.5
BOXER BM 100 ES,CAMBIO C.D.I.,0.5
PLATINO 125,CAMBIO C.D.I.,0.5
PLATINO 125 - 5S,CAMBIO C.D.I.,0.5
PLATINO 100,CAMBIO C.D.I.,0.5
PLATINO 110,CAMBIO C.D.I.,0.5
FAMILLY,CAMBIO C.D.I.,0.5
MOTOCARRO 4T,CAMBIO C.D.I.,9
TORITO,CAMBIO C.D.I.,0.2
KAZE MAX II,CAMBIO C.D.I.,0.8
ZX 130- MAGIC II,CAMBIO C.D.I.,0.8
KMX,CAMBIO C.D.I.,0.7
KLX 150,CAMBIO C.D.I.,0.3
KLX150  L,CAMBIO C.D.I.,0.3
NINJA 250,CAMBIO C.D.I.,0.5
ER-6n,CAMBIO C.D.I.,0.5
TRANS-SPORT,CAMBIO C.D.I.,0.8
MRX 150,CAMBIO C.D.I.,0.3
FURAX,CAMBIO C.D.I.,0.8
BOMBER 125,CAMBIO C.D.I.,0.5
COMBAT 125,CAMBIO C.D.I.,0.5
ZS,CAMBIO C.D.I.,0.2
LIFE,CAMBIO C.D.I.,0.2
VENOM 250,CAMBIO C.D.I.,0.3
ONE,CAMBIO C.D.I.,0.4
FLOW,CAMBIO C.D.I.,0.5
ADVANCE II LF,CAMBIO C.D.I.,0.8
SHOCK,CAMBIO C.D.I.,0.8
TOP BOY,CAMBIO INTERRUPTOR FRENO DELANTERO,0.7
AGILITY,CAMBIO INTERRUPTOR FRENO DELANTERO,0.4
AGILITY RS,CAMBIO INTERRUPTOR FRENO DELANTERO,0.4
AGILITY CITY 150,CAMBIO INTERRUPTOR FRENO DELANTERO,0.4
BET & WIN,CAMBIO INTERRUPTOR FRENO DELANTERO,0.4
ACTIV,CAMBIO INTERRUPTOR FRENO DELANTERO,0.4
SPIKE,CAMBIO INTERRUPTOR FRENO DELANTERO,0.4
AGILITY RS  NAKED,CAMBIO INTERRUPTOR FRENO DELANTERO,0.4
SUPER 8,CAMBIO INTERRUPTOR FRENO DELANTERO,0.4
GACELA,CAMBIO INTERRUPTOR FRENO DELANTERO,0.4
CRUCERO             x-town 300,CAMBIO INTERRUPTOR FRENO DELANTERO,0.4
ROCKET,CAMBIO INTERRUPTOR FRENO DELANTERO,0.4
FLY 125,CAMBIO INTERRUPTOR FRENO DELANTERO,0.4
TWIST,CAMBIO INTERRUPTOR FRENO DELANTERO,0.4
JETIX,CAMBIO INTERRUPTOR FRENO DELANTERO,0.4
UNI-K 110,CAMBIO INTERRUPTOR FRENO DELANTERO,0.4
TRACK,CAMBIO INTERRUPTOR FRENO DELANTERO,0.4
PULSAR 135,CAMBIO INTERRUPTOR FRENO DELANTERO,0.4
Perseo,CAMBIO INTERRUPTOR FRENO DELANTERO,0.4
PULSAR,CAMBIO INTERRUPTOR FRENO DELANTERO,0.4
PULSAR 180 UG,CAMBIO INTERRUPTOR FRENO DELANTERO,0.4
PULSAR 150,CAMBIO INTERRUPTOR FRENO DELANTERO,0.4
THOR 160,CAMBIO INTERRUPTOR FRENO DELANTERO,0.4
PULSAR 200,CAMBIO INTERRUPTOR FRENO DELANTERO,0.4
PULSAR 150 NS,CAMBIO INTERRUPTOR FRENO DELANTERO,0.4
PULSAR 150 AS,CAMBIO INTERRUPTOR FRENO DELANTERO,0.4
PULSAR 200 AS,CAMBIO INTERRUPTOR FRENO DELANTERO,0.4
PULSAR 200 NS,CAMBIO INTERRUPTOR FRENO DELANTERO,0.4
TITAN,CAMBIO INTERRUPTOR FRENO DELANTERO,0.4
PULSAR  RS 200,CAMBIO INTERRUPTOR FRENO DELANTERO,0.4
PULSAR 220,CAMBIO INTERRUPTOR FRENO DELANTERO,0.4
AVENGER 220,CAMBIO INTERRUPTOR FRENO DELANTERO,0.4
XCD,CAMBIO INTERRUPTOR FRENO DELANTERO,0.4
DISCOVER 100,CAMBIO INTERRUPTOR FRENO DELANTERO,0.4
DISCOVER 135,CAMBIO INTERRUPTOR FRENO DELANTERO,0.4
BOXER,CAMBIO INTERRUPTOR FRENO DELANTERO,0.4
LEXUS,CAMBIO INTERRUPTOR FRENO DELANTERO,0.4
DISCOVER 100 5S,CAMBIO INTERRUPTOR FRENO DELANTERO,0.4
DISCOVER 150,CAMBIO INTERRUPTOR FRENO DELANTERO,0.4
CHAMPION,CAMBIO INTERRUPTOR FRENO DELANTERO,0.4
DISCOVER 125 ST,CAMBIO INTERRUPTOR FRENO DELANTERO,0.4
BOXER BM 100,CAMBIO INTERRUPTOR FRENO DELANTERO,0.4
BOXER BM 150,CAMBIO INTERRUPTOR FRENO DELANTERO,0.4
BOXER BM 100 ES,CAMBIO INTERRUPTOR FRENO DELANTERO,0.4
PLATINO 125,CAMBIO INTERRUPTOR FRENO DELANTERO,0.4
PLATINO 125 - 5S,CAMBIO INTERRUPTOR FRENO DELANTERO,0.4
PLATINO 100,CAMBIO INTERRUPTOR FRENO DELANTERO,0.4
PLATINO 110,CAMBIO INTERRUPTOR FRENO DELANTERO,0.4
FAMILLY,CAMBIO INTERRUPTOR FRENO DELANTERO,0.4
MOTOCARRO 4T,CAMBIO INTERRUPTOR FRENO DELANTERO,0.4
TORITO,CAMBIO INTERRUPTOR FRENO DELANTERO,0.4
KAZE MAX II,CAMBIO INTERRUPTOR FRENO DELANTERO,0.7
ZX 130- MAGIC II,CAMBIO INTERRUPTOR FRENO DELANTERO,0.4
KMX,CAMBIO INTERRUPTOR FRENO DELANTERO,0.4
KLX 150,CAMBIO INTERRUPTOR FRENO DELANTERO,0.3
KLX150  L,CAMBIO INTERRUPTOR FRENO DELANTERO,0.3
KLX 250,CAMBIO INTERRUPTOR FRENO DELANTERO,0.3
NINJA 250,CAMBIO INTERRUPTOR FRENO DELANTERO,0.2
NINJA 250 FI,CAMBIO INTERRUPTOR FRENO DELANTERO,0.2
Z250,CAMBIO INTERRUPTOR FRENO DELANTERO,0.2
Z250 SL,CAMBIO INTERRUPTOR FRENO DELANTERO,0.2
ER-6n,CAMBIO INTERRUPTOR FRENO DELANTERO,0.5
TRANS-SPORT,CAMBIO INTERRUPTOR FRENO DELANTERO,0.7
MRX 150,CAMBIO INTERRUPTOR FRENO DELANTERO,0.3
FURAX,CAMBIO INTERRUPTOR FRENO DELANTERO,0.4
BOMBER 125,CAMBIO INTERRUPTOR FRENO DELANTERO,0.4
BOMBER 250,CAMBIO INTERRUPTOR FRENO DELANTERO,0.1
COMBAT 125,CAMBIO INTERRUPTOR FRENO DELANTERO,0.4
ZS,CAMBIO INTERRUPTOR FRENO DELANTERO,0.4
LIFE,CAMBIO INTERRUPTOR FRENO DELANTERO,0.4
HUNTER,CAMBIO INTERRUPTOR FRENO DELANTERO,0.4
BLACK,CAMBIO INTERRUPTOR FRENO DELANTERO,0.4
VENOM 400,CAMBIO INTERRUPTOR FRENO DELANTERO,0.1
VENOM 250,CAMBIO INTERRUPTOR FRENO DELANTERO,0.4
ONE,CAMBIO INTERRUPTOR FRENO DELANTERO,0.4
FLOW,CAMBIO INTERRUPTOR FRENO DELANTERO,0.4
ADVANCE II LF,CAMBIO INTERRUPTOR FRENO DELANTERO,0.4
ZONTES 155,CAMBIO INTERRUPTOR FRENO DELANTERO,0.2
ZONTES 310M,CAMBIO INTERRUPTOR FRENO DELANTERO,0.4
SHOCK,CAMBIO INTERRUPTOR FRENO DELANTERO,0.4
TNT150i,CAMBIO INTERRUPTOR FRENO DELANTERO,0.2
180S,CAMBIO INTERRUPTOR FRENO DELANTERO,0.2
TNT25N,CAMBIO INTERRUPTOR FRENO DELANTERO,0.2
LEONCINO 500,CAMBIO INTERRUPTOR FRENO DELANTERO,0.5
LEONCINO 250,CAMBIO INTERRUPTOR FRENO DELANTERO,0.2
TRK 500X,CAMBIO INTERRUPTOR FRENO DELANTERO,0.5
TRK 251,CAMBIO INTERRUPTOR FRENO DELANTERO,0.2
302 S,CAMBIO INTERRUPTOR FRENO DELANTERO,0.2
TOP BOY,CAMBIO INTERRUPTOR FRENO TRASERO,0.7
AGILITY,CAMBIO INTERRUPTOR FRENO TRASERO,0.4
AGILITY RS,CAMBIO INTERRUPTOR FRENO TRASERO,0.4
AGILITY CITY 150,CAMBIO INTERRUPTOR FRENO TRASERO,0.4
BET & WIN,CAMBIO INTERRUPTOR FRENO TRASERO,0.4
ACTIV,CAMBIO INTERRUPTOR FRENO TRASERO,0.4
SPIKE,CAMBIO INTERRUPTOR FRENO TRASERO,0.4
AGILITY RS  NAKED,CAMBIO INTERRUPTOR FRENO TRASERO,0.4
SUPER 8,CAMBIO INTERRUPTOR FRENO TRASERO,0.4
GACELA,CAMBIO INTERRUPTOR FRENO TRASERO,0.4
CRUCERO             x-town 300,CAMBIO INTERRUPTOR FRENO TRASERO,0.4
ROCKET,CAMBIO INTERRUPTOR FRENO TRASERO,0.4
FLY 125,CAMBIO INTERRUPTOR FRENO TRASERO,0.4
TWIST,CAMBIO INTERRUPTOR FRENO TRASERO,0.4
JETIX,CAMBIO INTERRUPTOR FRENO TRASERO,0.4
UNI-K 110,CAMBIO INTERRUPTOR FRENO TRASERO,0.4
TRACK,CAMBIO INTERRUPTOR FRENO TRASERO,0.4
PULSAR 135,CAMBIO INTERRUPTOR FRENO TRASERO,0.3
Perseo,CAMBIO INTERRUPTOR FRENO TRASERO,0.3
PULSAR,CAMBIO INTERRUPTOR FRENO TRASERO,0.3
PULSAR 180 UG,CAMBIO INTERRUPTOR FRENO TRASERO,0.8
PULSAR 150,CAMBIO INTERRUPTOR FRENO TRASERO,0.8
THOR 160,CAMBIO INTERRUPTOR FRENO TRASERO,0.3
PULSAR 200,CAMBIO INTERRUPTOR FRENO TRASERO,0.3
PULSAR 150 NS,CAMBIO INTERRUPTOR FRENO TRASERO,0.3
PULSAR 150 AS,CAMBIO INTERRUPTOR FRENO TRASERO,0.3
PULSAR 200 AS,CAMBIO INTERRUPTOR FRENO TRASERO,0.3
PULSAR 200 NS,CAMBIO INTERRUPTOR FRENO TRASERO,0.3
TITAN,CAMBIO INTERRUPTOR FRENO TRASERO,0.3
PULSAR  RS 200,CAMBIO INTERRUPTOR FRENO TRASERO,0.3
PULSAR 220,CAMBIO INTERRUPTOR FRENO TRASERO,0.8
AVENGER 220,CAMBIO INTERRUPTOR FRENO TRASERO,0.5
XCD,CAMBIO INTERRUPTOR FRENO TRASERO,0.3
DISCOVER 100,CAMBIO INTERRUPTOR FRENO TRASERO,0.3
DISCOVER 135,CAMBIO INTERRUPTOR FRENO TRASERO,0.3
BOXER,CAMBIO INTERRUPTOR FRENO TRASERO,0.3
LEXUS,CAMBIO INTERRUPTOR FRENO TRASERO,0.3
DISCOVER 100 5S,CAMBIO INTERRUPTOR FRENO TRASERO,0.3
DISCOVER 150,CAMBIO INTERRUPTOR FRENO TRASERO,0.3
CHAMPION,CAMBIO INTERRUPTOR FRENO TRASERO,0.3
DISCOVER 125 ST,CAMBIO INTERRUPTOR FRENO TRASERO,0.3
BOXER BM 100,CAMBIO INTERRUPTOR FRENO TRASERO,0.3
BOXER BM 150,CAMBIO INTERRUPTOR FRENO TRASERO,0.3
BOXER BM 100 ES,CAMBIO INTERRUPTOR FRENO TRASERO,0.3
PLATINO 125,CAMBIO INTERRUPTOR FRENO TRASERO,0.3
PLATINO 125 - 5S,CAMBIO INTERRUPTOR FRENO TRASERO,0.3
PLATINO 100,CAMBIO INTERRUPTOR FRENO TRASERO,0.3
PLATINO 110,CAMBIO INTERRUPTOR FRENO TRASERO,0.3
FAMILLY,CAMBIO INTERRUPTOR FRENO TRASERO,0.3
MOTOCARRO 4T,CAMBIO INTERRUPTOR FRENO TRASERO,0.4
TORITO,CAMBIO INTERRUPTOR FRENO TRASERO,0.4
KAZE MAX II,CAMBIO INTERRUPTOR FRENO TRASERO,0.6
ZX 130- MAGIC II,CAMBIO INTERRUPTOR FRENO TRASERO,0.4
KMX,CAMBIO INTERRUPTOR FRENO TRASERO,0.3
KLX 150,CAMBIO INTERRUPTOR FRENO TRASERO,0.3
KLX150  L,CAMBIO INTERRUPTOR FRENO TRASERO,0.3
KLX 250,CAMBIO INTERRUPTOR FRENO TRASERO,0.3
NINJA 250,CAMBIO INTERRUPTOR FRENO TRASERO,0.3
NINJA 250 FI,CAMBIO INTERRUPTOR FRENO TRASERO,0.3
Z250,CAMBIO INTERRUPTOR FRENO TRASERO,0.3
Z250 SL,CAMBIO INTERRUPTOR FRENO TRASERO,0.3
ER-6n,CAMBIO INTERRUPTOR FRENO TRASERO,0.5
TRANS-SPORT,CAMBIO INTERRUPTOR FRENO TRASERO,0.6
MRX 150,CAMBIO INTERRUPTOR FRENO TRASERO,0.3
FURAX,CAMBIO INTERRUPTOR FRENO TRASERO,0.3
BOMBER 125,CAMBIO INTERRUPTOR FRENO TRASERO,0.3
BOMBER 250,CAMBIO INTERRUPTOR FRENO TRASERO,0.4
COMBAT 125,CAMBIO INTERRUPTOR FRENO TRASERO,0.3
ZS,CAMBIO INTERRUPTOR FRENO TRASERO,0.4
LIFE,CAMBIO INTERRUPTOR FRENO TRASERO,0.4
HUNTER,CAMBIO INTERRUPTOR FRENO TRASERO,0.4
BLACK,CAMBIO INTERRUPTOR FRENO TRASERO,0.4
VENOM 400,CAMBIO INTERRUPTOR FRENO TRASERO,0.5
VENOM 250,CAMBIO INTERRUPTOR FRENO TRASERO,0.3
ONE,CAMBIO INTERRUPTOR FRENO TRASERO,0.4
FLOW,CAMBIO INTERRUPTOR FRENO TRASERO,0.5
ADVANCE II LF,CAMBIO INTERRUPTOR FRENO TRASERO,0.5
ZONTES 155,CAMBIO INTERRUPTOR FRENO TRASERO,0.5
ZONTES 310M,CAMBIO INTERRUPTOR FRENO TRASERO,0.4
SHOCK,CAMBIO INTERRUPTOR FRENO TRASERO,0.5
TNT150i,CAMBIO INTERRUPTOR FRENO TRASERO,0.3
180S,CAMBIO INTERRUPTOR FRENO TRASERO,0.3
TNT25N,CAMBIO INTERRUPTOR FRENO TRASERO,0.3
LEONCINO 500,CAMBIO INTERRUPTOR FRENO TRASERO,0.5
LEONCINO 250,CAMBIO INTERRUPTOR FRENO TRASERO,0.3
TRK 500X,CAMBIO INTERRUPTOR FRENO TRASERO,0.5
TRK 251,CAMBIO INTERRUPTOR FRENO TRASERO,0.3
302 S,CAMBIO INTERRUPTOR FRENO TRASERO,0.3
TOP BOY,CAMBIO PITO C/U,0.5
AGILITY,CAMBIO PITO C/U,0.4
AGILITY RS,CAMBIO PITO C/U,0.4
AGILITY CITY 150,CAMBIO PITO C/U,0.4
BET & WIN,CAMBIO PITO C/U,0.7
ACTIV,CAMBIO PITO C/U,0.5
SPIKE,CAMBIO PITO C/U,0.5
AGILITY RS  NAKED,CAMBIO PITO C/U,0.4
SUPER 8,CAMBIO PITO C/U,0.5
GACELA,CAMBIO PITO C/U,0.5
CRUCERO             x-town 300,CAMBIO PITO C/U,0.5
ROCKET,CAMBIO PITO C/U,0.4
FLY 125,CAMBIO PITO C/U,0.4
TWIST,CAMBIO PITO C/U,0.4
JETIX,CAMBIO PITO C/U,0.5
UNI-K 110,CAMBIO PITO C/U,0.5
TRACK,CAMBIO PITO C/U,0.2
PULSAR 135,CAMBIO PITO C/U,0.2
Perseo,CAMBIO PITO C/U,0.2
PULSAR,CAMBIO PITO C/U,0.2
PULSAR 180 UG,CAMBIO PITO C/U,0.2
PULSAR 150,CAMBIO PITO C/U,0.2
THOR 160,CAMBIO PITO C/U,0.2
PULSAR 200,CAMBIO PITO C/U,0.2
PULSAR 150 NS,CAMBIO PITO C/U,0.2
PULSAR 150 AS,CAMBIO PITO C/U,0.2
PULSAR 200 AS,CAMBIO PITO C/U,0.2
PULSAR 200 NS,CAMBIO PITO C/U,0.2
TITAN,CAMBIO PITO C/U,0.2
PULSAR  RS 200,CAMBIO PITO C/U,0.4
PULSAR 220,CAMBIO PITO C/U,0.2
AVENGER 220,CAMBIO PITO C/U,0.2
XCD,CAMBIO PITO C/U,0.2
DISCOVER 100,CAMBIO PITO C/U,0.2
DISCOVER 135,CAMBIO PITO C/U,0.2
BOXER,CAMBIO PITO C/U,0.2
LEXUS,CAMBIO PITO C/U,0.2
DISCOVER 100 5S,CAMBIO PITO C/U,0.2
DISCOVER 150,CAMBIO PITO C/U,0.2
CHAMPION,CAMBIO PITO C/U,0.2
DISCOVER 125 ST,CAMBIO PITO C/U,0.2
BOXER BM 100,CAMBIO PITO C/U,0.2
BOXER BM 150,CAMBIO PITO C/U,0.2
BOXER BM 100 ES,CAMBIO PITO C/U,0.2
PLATINO 125,CAMBIO PITO C/U,0.2
PLATINO 125 - 5S,CAMBIO PITO C/U,0.2
PLATINO 100,CAMBIO PITO C/U,0.2
PLATINO 110,CAMBIO PITO C/U,0.2
FAMILLY,CAMBIO PITO C/U,0.2
MOTOCARRO 4T,CAMBIO PITO C/U,0.5
TORITO,CAMBIO PITO C/U,0.5
KAZE MAX II,CAMBIO PITO C/U,0.5
ZX 130- MAGIC II,CAMBIO PITO C/U,0.5
KMX,CAMBIO PITO C/U,0.4
KLX 150,CAMBIO PITO C/U,0.2
KLX150  L,CAMBIO PITO C/U,0.2
KLX 250,CAMBIO PITO C/U,0.2
NINJA 250,CAMBIO PITO C/U,0.4
NINJA 250 FI,CAMBIO PITO C/U,0.3
Z250,CAMBIO PITO C/U,0.3
Z250 SL,CAMBIO PITO C/U,0.3
ER-6n,CAMBIO PITO C/U,0.2
TRANS-SPORT,CAMBIO PITO C/U,0.5
MRX 150,CAMBIO PITO C/U,0.2
FURAX,CAMBIO PITO C/U,0.3
BOMBER 125,CAMBIO PITO C/U,0.2
BOMBER 250,CAMBIO PITO C/U,0.1
COMBAT 125,CAMBIO PITO C/U,0.2
ZS,CAMBIO PITO C/U,0.5
LIFE,CAMBIO PITO C/U,0.5
HUNTER,CAMBIO PITO C/U,0.5
BLACK,CAMBIO PITO C/U,0.5
VENOM 400,CAMBIO PITO C/U,0.25
VENOM 250,CAMBIO PITO C/U,0.2
ONE,CAMBIO PITO C/U,0.2
FLOW,CAMBIO PITO C/U,0.5
ADVANCE II LF,CAMBIO PITO C/U,0.5
ZONTES 155,CAMBIO PITO C/U,0.3
ZONTES 310M,CAMBIO PITO C/U,0.5
SHOCK,CAMBIO PITO C/U,0.5
TNT150i,CAMBIO PITO C/U,0.3
180S,CAMBIO PITO C/U,0.3
TNT25N,CAMBIO PITO C/U,0.3
LEONCINO 500,CAMBIO PITO C/U,0.2
LEONCINO 250,CAMBIO PITO C/U,0.3
TRK 500X,CAMBIO PITO C/U,0.2
TRK 251,CAMBIO PITO C/U,0.3
302 S,CAMBIO PITO C/U,0.3
TOP BOY,CAMBIO ALARMA SONORA DE DIRECCIONALES,0.3
KAZE MAX II,CAMBIO ALARMA SONORA DE DIRECCIONALES,0.3
TRANS-SPORT,CAMBIO ALARMA SONORA DE DIRECCIONALES,0.3
TOP BOY,REVISION DEL SISTEMA ELECTRICO COMPLETO,2
AGILITY,REVISION DEL SISTEMA ELECTRICO COMPLETO,2
AGILITY RS,REVISION DEL SISTEMA ELECTRICO COMPLETO,1.5
AGILITY CITY 150,REVISION DEL SISTEMA ELECTRICO COMPLETO,1.5
BET & WIN,REVISION DEL SISTEMA ELECTRICO COMPLETO,1.5
ACTIV,REVISION DEL SISTEMA ELECTRICO COMPLETO,1.5
SPIKE,REVISION DEL SISTEMA ELECTRICO COMPLETO,1.5
AGILITY RS  NAKED,REVISION DEL SISTEMA ELECTRICO COMPLETO,1.5
SUPER 8,REVISION DEL SISTEMA ELECTRICO COMPLETO,1.5
GACELA,REVISION DEL SISTEMA ELECTRICO COMPLETO,1.5
CRUCERO             x-town 300,REVISION DEL SISTEMA ELECTRICO COMPLETO,1.5
ROCKET,REVISION DEL SISTEMA ELECTRICO COMPLETO,1.5
FLY 125,REVISION DEL SISTEMA ELECTRICO COMPLETO,1.5
TWIST,REVISION DEL SISTEMA ELECTRICO COMPLETO,1.5
JETIX,REVISION DEL SISTEMA ELECTRICO COMPLETO,1.5
UNI-K 110,REVISION DEL SISTEMA ELECTRICO COMPLETO,1.5
TRACK,REVISION DEL SISTEMA ELECTRICO COMPLETO,1.5
PULSAR 135,REVISION DEL SISTEMA ELECTRICO COMPLETO,1.5
Perseo,REVISION DEL SISTEMA ELECTRICO COMPLETO,1.5
PULSAR,REVISION DEL SISTEMA ELECTRICO COMPLETO,1.5
PULSAR 180 UG,REVISION DEL SISTEMA ELECTRICO COMPLETO,1.5
PULSAR 150,REVISION DEL SISTEMA ELECTRICO COMPLETO,1.5
THOR 160,REVISION DEL SISTEMA ELECTRICO COMPLETO,2
PULSAR 200,REVISION DEL SISTEMA ELECTRICO COMPLETO,1.5
PULSAR 150 NS,REVISION DEL SISTEMA ELECTRICO COMPLETO,1.5
PULSAR 150 AS,REVISION DEL SISTEMA ELECTRICO COMPLETO,2
PULSAR 200 AS,REVISION DEL SISTEMA ELECTRICO COMPLETO,2
PULSAR 200 NS,REVISION DEL SISTEMA ELECTRICO COMPLETO,2
TITAN,REVISION DEL SISTEMA ELECTRICO COMPLETO,2
PULSAR  RS 200,REVISION DEL SISTEMA ELECTRICO COMPLETO,2
PULSAR 220,REVISION DEL SISTEMA ELECTRICO COMPLETO,1.5
AVENGER 220,REVISION DEL SISTEMA ELECTRICO COMPLETO,1.5
XCD,REVISION DEL SISTEMA ELECTRICO COMPLETO,1.5
DISCOVER 100,REVISION DEL SISTEMA ELECTRICO COMPLETO,1.5
DISCOVER 135,REVISION DEL SISTEMA ELECTRICO COMPLETO,1.5
BOXER,REVISION DEL SISTEMA ELECTRICO COMPLETO,1.5
LEXUS,REVISION DEL SISTEMA ELECTRICO COMPLETO,1.5
DISCOVER 100 5S,REVISION DEL SISTEMA ELECTRICO COMPLETO,1.5
DISCOVER 150,REVISION DEL SISTEMA ELECTRICO COMPLETO,1.5
CHAMPION,REVISION DEL SISTEMA ELECTRICO COMPLETO,1.5
DISCOVER 125 ST,REVISION DEL SISTEMA ELECTRICO COMPLETO,1.5
BOXER BM 100,REVISION DEL SISTEMA ELECTRICO COMPLETO,1.5
BOXER BM 150,REVISION DEL SISTEMA ELECTRICO COMPLETO,1.5
BOXER BM 100 ES,REVISION DEL SISTEMA ELECTRICO COMPLETO,1.5
PLATINO 125,REVISION DEL SISTEMA ELECTRICO COMPLETO,1.5
PLATINO 125 - 5S,REVISION DEL SISTEMA ELECTRICO COMPLETO,1.5
PLATINO 100,REVISION DEL SISTEMA ELECTRICO COMPLETO,1.5
PLATINO 110,REVISION DEL SISTEMA ELECTRICO COMPLETO,1.5
FAMILLY,REVISION DEL SISTEMA ELECTRICO COMPLETO,1.5
MOTOCARRO 4T,REVISION DEL SISTEMA ELECTRICO COMPLETO,2
TORITO,REVISION DEL SISTEMA ELECTRICO COMPLETO,2
KAZE MAX II,REVISION DEL SISTEMA ELECTRICO COMPLETO,1.5
ZX 130- MAGIC II,REVISION DEL SISTEMA ELECTRICO COMPLETO,1.5
KMX,REVISION DEL SISTEMA ELECTRICO COMPLETO,1.5
KLX 150,REVISION DEL SISTEMA ELECTRICO COMPLETO,1.5
KLX150  L,REVISION DEL SISTEMA ELECTRICO COMPLETO,1.5
KLX 250,REVISION DEL SISTEMA ELECTRICO COMPLETO,1.5
NINJA 250,REVISION DEL SISTEMA ELECTRICO COMPLETO,1.5
NINJA 250 FI,REVISION DEL SISTEMA ELECTRICO COMPLETO,1.5
Z250,REVISION DEL SISTEMA ELECTRICO COMPLETO,1.5
Z250 SL,REVISION DEL SISTEMA ELECTRICO COMPLETO,1.5
ER-6n,REVISION DEL SISTEMA ELECTRICO COMPLETO,1.5
TRANS-SPORT,REVISION DEL SISTEMA ELECTRICO COMPLETO,2
MRX 150,REVISION DEL SISTEMA ELECTRICO COMPLETO,1.5
FURAX,REVISION DEL SISTEMA ELECTRICO COMPLETO,2
BOMBER 125,REVISION DEL SISTEMA ELECTRICO COMPLETO,1.5
BOMBER 250,REVISION DEL SISTEMA ELECTRICO COMPLETO,0.8
COMBAT 125,REVISION DEL SISTEMA ELECTRICO COMPLETO,1.5
ZS,REVISION DEL SISTEMA ELECTRICO COMPLETO,1.5
LIFE,REVISION DEL SISTEMA ELECTRICO COMPLETO,1.5
HUNTER,REVISION DEL SISTEMA ELECTRICO COMPLETO,2
BLACK,REVISION DEL SISTEMA ELECTRICO COMPLETO,2
VENOM 400,REVISION DEL SISTEMA ELECTRICO COMPLETO,1.5
VENOM 250,REVISION DEL SISTEMA ELECTRICO COMPLETO,2
ONE,REVISION DEL SISTEMA ELECTRICO COMPLETO,1.5
FLOW,REVISION DEL SISTEMA ELECTRICO COMPLETO,1.5
ADVANCE II LF,REVISION DEL SISTEMA ELECTRICO COMPLETO,1.5
ZONTES 155,REVISION DEL SISTEMA ELECTRICO COMPLETO,1.5
ZONTES 310M,REVISION DEL SISTEMA ELECTRICO COMPLETO,2
SHOCK,REVISION DEL SISTEMA ELECTRICO COMPLETO,1.5
TNT150i,REVISION DEL SISTEMA ELECTRICO COMPLETO,1.5
180S,REVISION DEL SISTEMA ELECTRICO COMPLETO,1.5
TNT25N,REVISION DEL SISTEMA ELECTRICO COMPLETO,1.5
LEONCINO 500,REVISION DEL SISTEMA ELECTRICO COMPLETO,1.5
LEONCINO 250,REVISION DEL SISTEMA ELECTRICO COMPLETO,1.5
TRK 500X,REVISION DEL SISTEMA ELECTRICO COMPLETO,1.5
TRK 251,REVISION DEL SISTEMA ELECTRICO COMPLETO,1.5
302 S,REVISION DEL SISTEMA ELECTRICO COMPLETO,1.5
AGILITY RS,CAMBIO GUARDAFANGO TRASERO PORTA PLACA,0.5
AGILITY RS  NAKED,CAMBIO GUARDAFANGO TRASERO PORTA PLACA,0.5
SUPER 8,CAMBIO GUARDAFANGO TRASERO PORTA PLACA,0.5
GACELA,CAMBIO GUARDAFANGO TRASERO PORTA PLACA,0.5
CRUCERO             x-town 300,CAMBIO GUARDAFANGO TRASERO PORTA PLACA,0.7
FLY 125,CAMBIO GUARDAFANGO TRASERO PORTA PLACA,0.5
TWIST,CAMBIO GUARDAFANGO TRASERO PORTA PLACA,0.5
PULSAR 135,CAMBIO GUARDAFANGO TRASERO PORTA PLACA,0.2
Perseo,CAMBIO GUARDAFANGO TRASERO PORTA PLACA,0.2
PULSAR 180 UG,CAMBIO GUARDAFANGO TRASERO PORTA PLACA,0.2
PULSAR 150,CAMBIO GUARDAFANGO TRASERO PORTA PLACA,0.2
THOR 160,CAMBIO GUARDAFANGO TRASERO PORTA PLACA,0.2
PULSAR 200,CAMBIO GUARDAFANGO TRASERO PORTA PLACA,0.2
PULSAR 150 NS,CAMBIO GUARDAFANGO TRASERO PORTA PLACA,0.2
PULSAR 150 AS,CAMBIO GUARDAFANGO TRASERO PORTA PLACA,0.2
PULSAR 200 AS,CAMBIO GUARDAFANGO TRASERO PORTA PLACA,0.2
PULSAR 200 NS,CAMBIO GUARDAFANGO TRASERO PORTA PLACA,0.2
XCD,CAMBIO GUARDAFANGO TRASERO PORTA PLACA,0.2
DISCOVER 100,CAMBIO GUARDAFANGO TRASERO PORTA PLACA,0.2
DISCOVER 150,CAMBIO GUARDAFANGO TRASERO PORTA PLACA,0.2
DISCOVER 125 ST,CAMBIO GUARDAFANGO TRASERO PORTA PLACA,0.2
PLATINO 125,CAMBIO GUARDAFANGO TRASERO PORTA PLACA,0.2
PLATINO 125 - 5S,CAMBIO GUARDAFANGO TRASERO PORTA PLACA,0.2
BOMBER 250,CAMBIO GUARDAFANGO TRASERO PORTA PLACA,0.5
ZS,CAMBIO GUARDAFANGO TRASERO PORTA PLACA,0.5
LIFE,CAMBIO GUARDAFANGO TRASERO PORTA PLACA,0.5
HUNTER,CAMBIO GUARDAFANGO TRASERO PORTA PLACA,36707.99958333333
BLACK,CAMBIO GUARDAFANGO TRASERO PORTA PLACA,0.7
VENOM 400,CAMBIO GUARDAFANGO TRASERO PORTA PLACA,0.5
VENOM 250,CAMBIO GUARDAFANGO TRASERO PORTA PLACA,0.2
ZONTES 310M,CAMBIO GUARDAFANGO TRASERO PORTA PLACA,0.7
TOP BOY,CAMBIO REGULADOR/RECTIFICADOR,0.5
AGILITY,CAMBIO REGULADOR/RECTIFICADOR,0.6
AGILITY RS,CAMBIO REGULADOR/RECTIFICADOR,0.5
AGILITY CITY 150,CAMBIO REGULADOR/RECTIFICADOR,0.6
BET & WIN,CAMBIO REGULADOR/RECTIFICADOR,0.7
ACTIV,CAMBIO REGULADOR/RECTIFICADOR,0.5
SPIKE,CAMBIO REGULADOR/RECTIFICADOR,0.5
AGILITY RS  NAKED,CAMBIO REGULADOR/RECTIFICADOR,0.5
SUPER 8,CAMBIO REGULADOR/RECTIFICADOR,0.5
GACELA,CAMBIO REGULADOR/RECTIFICADOR,0.5
CRUCERO             x-town 300,CAMBIO REGULADOR/RECTIFICADOR,0.7
ROCKET,CAMBIO REGULADOR/RECTIFICADOR,0.5
FLY 125,CAMBIO REGULADOR/RECTIFICADOR,0.5
TWIST,CAMBIO REGULADOR/RECTIFICADOR,0.5
JETIX,CAMBIO REGULADOR/RECTIFICADOR,0.5
UNI-K 110,CAMBIO REGULADOR/RECTIFICADOR,0.5
TRACK,CAMBIO REGULADOR/RECTIFICADOR,0.5
PULSAR 135,CAMBIO REGULADOR/RECTIFICADOR,0.3
Perseo,CAMBIO REGULADOR/RECTIFICADOR,0.3
PULSAR,CAMBIO REGULADOR/RECTIFICADOR,0.3
PULSAR 180 UG,CAMBIO REGULADOR/RECTIFICADOR,0.3
PULSAR 150,CAMBIO REGULADOR/RECTIFICADOR,0.3
THOR 160,CAMBIO REGULADOR/RECTIFICADOR,0.3
PULSAR 200,CAMBIO REGULADOR/RECTIFICADOR,0.3
PULSAR 150 NS,CAMBIO REGULADOR/RECTIFICADOR,0.3
PULSAR 150 AS,CAMBIO REGULADOR/RECTIFICADOR,0.3
PULSAR 200 AS,CAMBIO REGULADOR/RECTIFICADOR,0.3
PULSAR 200 NS,CAMBIO REGULADOR/RECTIFICADOR,0.3
TITAN,CAMBIO REGULADOR/RECTIFICADOR,0.3
PULSAR  RS 200,CAMBIO REGULADOR/RECTIFICADOR,0.2
PULSAR 220,CAMBIO REGULADOR/RECTIFICADOR,0.3
AVENGER 220,CAMBIO REGULADOR/RECTIFICADOR,0.5
XCD,CAMBIO REGULADOR/RECTIFICADOR,0.3
DISCOVER 100,CAMBIO REGULADOR/RECTIFICADOR,0.3
DISCOVER 135,CAMBIO REGULADOR/RECTIFICADOR,0.3
BOXER,CAMBIO REGULADOR/RECTIFICADOR,0.3
LEXUS,CAMBIO REGULADOR/RECTIFICADOR,0.3
DISCOVER 100 5S,CAMBIO REGULADOR/RECTIFICADOR,0.3
DISCOVER 150,CAMBIO REGULADOR/RECTIFICADOR,0.3
CHAMPION,CAMBIO REGULADOR/RECTIFICADOR,0.3
DISCOVER 125 ST,CAMBIO REGULADOR/RECTIFICADOR,0.3
BOXER BM 100,CAMBIO REGULADOR/RECTIFICADOR,0.3
BOXER BM 150,CAMBIO REGULADOR/RECTIFICADOR,0.3
BOXER BM 100 ES,CAMBIO REGULADOR/RECTIFICADOR,0.3
PLATINO 125,CAMBIO REGULADOR/RECTIFICADOR,0.3
PLATINO 125 - 5S,CAMBIO REGULADOR/RECTIFICADOR,0.3
PLATINO 100,CAMBIO REGULADOR/RECTIFICADOR,0.3
PLATINO 110,CAMBIO REGULADOR/RECTIFICADOR,0.3
FAMILLY,CAMBIO REGULADOR/RECTIFICADOR,0.3
MOTOCARRO 4T,CAMBIO REGULADOR/RECTIFICADOR,0.5
TORITO,CAMBIO REGULADOR/RECTIFICADOR,0.5
MOTOCARRO DIESEL,CAMBIO REGULADOR/RECTIFICADOR,0.5
KAZE MAX II,CAMBIO REGULADOR/RECTIFICADOR,0.5
ZX 130- MAGIC II,CAMBIO REGULADOR/RECTIFICADOR,0.5
KMX,CAMBIO REGULADOR/RECTIFICADOR,0.3
KLX 150,CAMBIO REGULADOR/RECTIFICADOR,0.3
KLX150  L,CAMBIO REGULADOR/RECTIFICADOR,0.3
KLX 250,CAMBIO REGULADOR/RECTIFICADOR,0.3
NINJA 250,CAMBIO REGULADOR/RECTIFICADOR,0.3
NINJA 250 FI,CAMBIO REGULADOR/RECTIFICADOR,0.3
Z250,CAMBIO REGULADOR/RECTIFICADOR,0.3
Z250 SL,CAMBIO REGULADOR/RECTIFICADOR,0.3
ER-6n,CAMBIO REGULADOR/RECTIFICADOR,0.3
TRANS-SPORT,CAMBIO REGULADOR/RECTIFICADOR,0.5
MRX 150,CAMBIO REGULADOR/RECTIFICADOR,0.3
FURAX,CAMBIO REGULADOR/RECTIFICADOR,0.5
BOMBER 125,CAMBIO REGULADOR/RECTIFICADOR,0.5
BOMBER 250,CAMBIO REGULADOR/RECTIFICADOR,0.4
COMBAT 125,CAMBIO REGULADOR/RECTIFICADOR,0.5
ZS,CAMBIO REGULADOR/RECTIFICADOR,0.5
LIFE,CAMBIO REGULADOR/RECTIFICADOR,0.5
HUNTER,CAMBIO REGULADOR/RECTIFICADOR,0.7
BLACK,CAMBIO REGULADOR/RECTIFICADOR,0.7
VENOM 400,CAMBIO REGULADOR/RECTIFICADOR,0.25
VENOM 250,CAMBIO REGULADOR/RECTIFICADOR,0.3
ONE,CAMBIO REGULADOR/RECTIFICADOR,0.5
FLOW,CAMBIO REGULADOR/RECTIFICADOR,0.5
ADVANCE II LF,CAMBIO REGULADOR/RECTIFICADOR,0.5
ZONTES 155,CAMBIO REGULADOR/RECTIFICADOR,0.3
ZONTES 310M,CAMBIO REGULADOR/RECTIFICADOR,0.7
SHOCK,CAMBIO REGULADOR/RECTIFICADOR,0.5
TNT150i,CAMBIO REGULADOR/RECTIFICADOR,0.3
180S,CAMBIO REGULADOR/RECTIFICADOR,0.3
TNT25N,CAMBIO REGULADOR/RECTIFICADOR,0.3
LEONCINO 500,CAMBIO REGULADOR/RECTIFICADOR,0.3
LEONCINO 250,CAMBIO REGULADOR/RECTIFICADOR,0.3
TRK 500X,CAMBIO REGULADOR/RECTIFICADOR,0.3
TRK 251,CAMBIO REGULADOR/RECTIFICADOR,0.3
302 S,CAMBIO REGULADOR/RECTIFICADOR,0.3
TOP BOY,CAMBIO SUICHE ENCENDIDO,1.5
AGILITY,CAMBIO SUICHE ENCENDIDO,1.5
AGILITY RS,CAMBIO SUICHE ENCENDIDO,1.5
AGILITY CITY 150,CAMBIO SUICHE ENCENDIDO,1.5
BET & WIN,CAMBIO SUICHE ENCENDIDO,1.7
ACTIV,CAMBIO SUICHE ENCENDIDO,1.5
SPIKE,CAMBIO SUICHE ENCENDIDO,1.5
AGILITY RS  NAKED,CAMBIO SUICHE ENCENDIDO,1.5
SUPER 8,CAMBIO SUICHE ENCENDIDO,1.5
GACELA,CAMBIO SUICHE ENCENDIDO,1.5
CRUCERO             x-town 300,CAMBIO SUICHE ENCENDIDO,1.7
ROCKET,CAMBIO SUICHE ENCENDIDO,1.5
FLY 125,CAMBIO SUICHE ENCENDIDO,1.5
TWIST,CAMBIO SUICHE ENCENDIDO,1.5
JETIX,CAMBIO SUICHE ENCENDIDO,1.5
UNI-K 110,CAMBIO SUICHE ENCENDIDO,1.5
TRACK,CAMBIO SUICHE ENCENDIDO,1.2
PULSAR 135,CAMBIO SUICHE ENCENDIDO,1
Perseo,CAMBIO SUICHE ENCENDIDO,1
PULSAR,CAMBIO SUICHE ENCENDIDO,1
PULSAR 180 UG,CAMBIO SUICHE ENCENDIDO,1
PULSAR 150,CAMBIO SUICHE ENCENDIDO,1
THOR 160,CAMBIO SUICHE ENCENDIDO,1
PULSAR 200,CAMBIO SUICHE ENCENDIDO,1
PULSAR 150 NS,CAMBIO SUICHE ENCENDIDO,1
PULSAR 150 AS,CAMBIO SUICHE ENCENDIDO,1
PULSAR 200 AS,CAMBIO SUICHE ENCENDIDO,1
PULSAR 200 NS,CAMBIO SUICHE ENCENDIDO,1
TITAN,CAMBIO SUICHE ENCENDIDO,1
PULSAR  RS 200,CAMBIO SUICHE ENCENDIDO,1
PULSAR 220,CAMBIO SUICHE ENCENDIDO,1
AVENGER 220,CAMBIO SUICHE ENCENDIDO,0.3
XCD,CAMBIO SUICHE ENCENDIDO,1
DISCOVER 100,CAMBIO SUICHE ENCENDIDO,1
DISCOVER 135,CAMBIO SUICHE ENCENDIDO,1
BOXER,CAMBIO SUICHE ENCENDIDO,1
LEXUS,CAMBIO SUICHE ENCENDIDO,1
DISCOVER 100 5S,CAMBIO SUICHE ENCENDIDO,1
DISCOVER 150,CAMBIO SUICHE ENCENDIDO,1
CHAMPION,CAMBIO SUICHE ENCENDIDO,1
DISCOVER 125 ST,CAMBIO SUICHE ENCENDIDO,1
BOXER BM 100,CAMBIO SUICHE ENCENDIDO,1
BOXER BM 150,CAMBIO SUICHE ENCENDIDO,1
BOXER BM 100 ES,CAMBIO SUICHE ENCENDIDO,1
PLATINO 125,CAMBIO SUICHE ENCENDIDO,1
PLATINO 125 - 5S,CAMBIO SUICHE ENCENDIDO,1
PLATINO 100,CAMBIO SUICHE ENCENDIDO,1
PLATINO 110,CAMBIO SUICHE ENCENDIDO,1
FAMILLY,CAMBIO SUICHE ENCENDIDO,1
MOTOCARRO 4T,CAMBIO SUICHE ENCENDIDO,0.5
TORITO,CAMBIO SUICHE ENCENDIDO,0.5
KAZE MAX II,CAMBIO SUICHE ENCENDIDO,1.5
ZX 130- MAGIC II,CAMBIO SUICHE ENCENDIDO,1.5
KMX,CAMBIO SUICHE ENCENDIDO,1
KLX 150,CAMBIO SUICHE ENCENDIDO,1
KLX150  L,CAMBIO SUICHE ENCENDIDO,1
KLX 250,CAMBIO SUICHE ENCENDIDO,1
NINJA 250,CAMBIO SUICHE ENCENDIDO,1
NINJA 250 FI,CAMBIO SUICHE ENCENDIDO,1
Z250,CAMBIO SUICHE ENCENDIDO,1
Z250 SL,CAMBIO SUICHE ENCENDIDO,1
ER-6n,CAMBIO SUICHE ENCENDIDO,1
TRANS-SPORT,CAMBIO SUICHE ENCENDIDO,1
MRX 150,CAMBIO SUICHE ENCENDIDO,1
FURAX,CAMBIO SUICHE ENCENDIDO,1
BOMBER 125,CAMBIO SUICHE ENCENDIDO,1
BOMBER 250,CAMBIO SUICHE ENCENDIDO,0.5
COMBAT 125,CAMBIO SUICHE ENCENDIDO,1
ZS,CAMBIO SUICHE ENCENDIDO,1.5
LIFE,CAMBIO SUICHE ENCENDIDO,1.5
HUNTER,CAMBIO SUICHE ENCENDIDO,1.5
BLACK,CAMBIO SUICHE ENCENDIDO,1.8
VENOM 250,CAMBIO SUICHE ENCENDIDO,1
ONE,CAMBIO SUICHE ENCENDIDO,1.5
FLOW,CAMBIO SUICHE ENCENDIDO,1.5
ADVANCE II LF,CAMBIO SUICHE ENCENDIDO,1.5
ZONTES 310M,CAMBIO SUICHE ENCENDIDO,1.8
SHOCK,CAMBIO SUICHE ENCENDIDO,1.5
TNT150i,CAMBIO SUICHE ENCENDIDO,1
180S,CAMBIO SUICHE ENCENDIDO,1
TNT25N,CAMBIO SUICHE ENCENDIDO,1
LEONCINO 500,CAMBIO SUICHE ENCENDIDO,1
LEONCINO 250,CAMBIO SUICHE ENCENDIDO,1
TRK 500X,CAMBIO SUICHE ENCENDIDO,1
TRK 251,CAMBIO SUICHE ENCENDIDO,1
302 S,CAMBIO SUICHE ENCENDIDO,1
PULSAR 135,CAMBIO SUICHE RUN,0.7
Perseo,CAMBIO SUICHE RUN,0.7
PULSAR 180 UG,CAMBIO SUICHE RUN,0.7
PULSAR 150,CAMBIO SUICHE RUN,0.7
THOR 160,CAMBIO SUICHE RUN,0.7
PULSAR 200,CAMBIO SUICHE RUN,0.7
PULSAR 220,CAMBIO SUICHE RUN,0.7
AVENGER 220,CAMBIO SUICHE RUN,0.3
KAZE MAX II,CAMBIO SUICHE RUN,1
TRANS-SPORT,CAMBIO SUICHE RUN,1
BOMBER 125,CAMBIO SUICHE RUN,0.5
COMBAT 125,CAMBIO SUICHE RUN,0.5
LIFE,CAMBIO SUICHE RUN,1
ZONTES 310M,CAMBIO SUICHE RUN,1
ACTIV,CAMBIO SUCIHE DIRECCIONALES,0.7
UNI-K 110,CAMBIO SUCIHE DIRECCIONALES,0.7
TRANS-SPORT,CAMBIO SUCIHE DIRECCIONALES,1
BOMBER 125,CAMBIO SUCIHE DIRECCIONALES,0.5
COMBAT 125,CAMBIO SUCIHE DIRECCIONALES,0.5
ONE,CAMBIO SUCIHE DIRECCIONALES,0.7
FLOW,CAMBIO SUCIHE DIRECCIONALES,0.7
ADVANCE II LF,CAMBIO SUCIHE DIRECCIONALES,0.7
ZONTES 310M,CAMBIO SUCIHE DIRECCIONALES,1
SHOCK,CAMBIO SUCIHE DIRECCIONALES,0.7
PULSAR,CAMBIO SENSOR GATO LATERAL,0.5
PULSAR 180 UG,CAMBIO SENSOR GATO LATERAL,0.5
PULSAR 150,CAMBIO SENSOR GATO LATERAL,0.5
THOR 160,CAMBIO SENSOR GATO LATERAL,0.5
PULSAR 200,CAMBIO SENSOR GATO LATERAL,0.5
PULSAR 150 NS,CAMBIO SENSOR GATO LATERAL,0.5
PULSAR 150 AS,CAMBIO SENSOR GATO LATERAL,0.5
PULSAR 200 AS,CAMBIO SENSOR GATO LATERAL,0.5
PULSAR 200 NS,CAMBIO SENSOR GATO LATERAL,0.5
TITAN,CAMBIO SENSOR GATO LATERAL,0.5
PULSAR  RS 200,CAMBIO SENSOR GATO LATERAL,0.5
PULSAR 220,CAMBIO SENSOR GATO LATERAL,0.5
KMX,CAMBIO SENSOR GATO LATERAL,0.5
KLX 250,CAMBIO SENSOR GATO LATERAL,0.6
NINJA 250,CAMBIO SENSOR GATO LATERAL,0.6
ER-6n,CAMBIO SENSOR GATO LATERAL,0.6
VENOM 250,CAMBIO SENSOR GATO LATERAL,0.5
180S,CAMBIO SENSOR GATO LATERAL,0.6
TNT25N,CAMBIO SENSOR GATO LATERAL,0.6
LEONCINO 500,CAMBIO SENSOR GATO LATERAL,0.6
LEONCINO 250,CAMBIO SENSOR GATO LATERAL,0.6
TRK 500X,CAMBIO SENSOR GATO LATERAL,0.6
TRK 251,CAMBIO SENSOR GATO LATERAL,0.6
302 S,CAMBIO SENSOR GATO LATERAL,0.6
PULSAR 135,CAMBIO SUICHE CLUTCH,0.3
Perseo,CAMBIO SUICHE CLUTCH,0.3
PULSAR,CAMBIO SUICHE CLUTCH,0.3
PULSAR 180 UG,CAMBIO SUICHE CLUTCH,0.3
PULSAR 150,CAMBIO SUICHE CLUTCH,0.3
THOR 160,CAMBIO SUICHE CLUTCH,0.3
PULSAR 200,CAMBIO SUICHE CLUTCH,0.3
PULSAR 150 NS,CAMBIO SUICHE CLUTCH,0.3
PULSAR 150 AS,CAMBIO SUICHE CLUTCH,0.3
PULSAR 200 AS,CAMBIO SUICHE CLUTCH,0.3
PULSAR 200 NS,CAMBIO SUICHE CLUTCH,0.3
TITAN,CAMBIO SUICHE CLUTCH,0.3
PULSAR  RS 200,CAMBIO SUICHE CLUTCH,0.3
PULSAR 220,CAMBIO SUICHE CLUTCH,0.3
AVENGER 220,CAMBIO SUICHE CLUTCH,0.3
XCD,CAMBIO SUICHE CLUTCH,0.3
DISCOVER 100,CAMBIO SUICHE CLUTCH,0.3
DISCOVER 135,CAMBIO SUICHE CLUTCH,0.3
DISCOVER 100 5S,CAMBIO SUICHE CLUTCH,0.3
DISCOVER 150,CAMBIO SUICHE CLUTCH,0.3
CHAMPION,CAMBIO SUICHE CLUTCH,0.3
DISCOVER 125 ST,CAMBIO SUICHE CLUTCH,0.3
PLATINO 125,CAMBIO SUICHE CLUTCH,0.3
PLATINO 125 - 5S,CAMBIO SUICHE CLUTCH,0.3
PLATINO 110,CAMBIO SUICHE CLUTCH,0.3
FAMILLY,CAMBIO SUICHE CLUTCH,0.3
KMX,CAMBIO SUICHE CLUTCH,0.3
KLX 150,CAMBIO SUICHE CLUTCH,0.3
KLX150  L,CAMBIO SUICHE CLUTCH,0.3
KLX 250,CAMBIO SUICHE CLUTCH,0.3
NINJA 250,CAMBIO SUICHE CLUTCH,0.3
NINJA 250 FI,CAMBIO SUICHE CLUTCH,0.4
Z250,CAMBIO SUICHE CLUTCH,0.4
Z250 SL,CAMBIO SUICHE CLUTCH,0.4
ER-6n,CAMBIO SUICHE CLUTCH,0.6
MRX 150,CAMBIO SUICHE CLUTCH,0.3
BOMBER 250,CAMBIO SUICHE CLUTCH,0.1
VENOM 400,CAMBIO SUICHE CLUTCH,0.1
VENOM 250,CAMBIO SUICHE CLUTCH,0.3
ZONTES 155,CAMBIO SUICHE CLUTCH,0.4
TNT150i,CAMBIO SUICHE CLUTCH,0.4
180S,CAMBIO SUICHE CLUTCH,0.4
TNT25N,CAMBIO SUICHE CLUTCH,0.4
LEONCINO 500,CAMBIO SUICHE CLUTCH,0.6
LEONCINO 250,CAMBIO SUICHE CLUTCH,0.4
TRK 500X,CAMBIO SUICHE CLUTCH,0.6
TRK 251,CAMBIO SUICHE CLUTCH,0.4
302 S,CAMBIO SUICHE CLUTCH,0.4
TOP BOY,CAMBIO DE COMANDO LH,1
AGILITY,CAMBIO DE COMANDO LH,0.9
AGILITY RS,CAMBIO DE COMANDO LH,0.9
AGILITY CITY 150,CAMBIO DE COMANDO LH,0.9
BET & WIN,CAMBIO DE COMANDO LH,0.9
ACTIV,CAMBIO DE COMANDO LH,0.9
SPIKE,CAMBIO DE COMANDO LH,0.9
AGILITY RS  NAKED,CAMBIO DE COMANDO LH,0.9
SUPER 8,CAMBIO DE COMANDO LH,0.7
GACELA,CAMBIO DE COMANDO LH,0.7
CRUCERO             x-town 300,CAMBIO DE COMANDO LH,1
ROCKET,CAMBIO DE COMANDO LH,0.9
FLY 125,CAMBIO DE COMANDO LH,0.9
TWIST,CAMBIO DE COMANDO LH,0.9
JETIX,CAMBIO DE COMANDO LH,0.9
UNI-K 110,CAMBIO DE COMANDO LH,0.9
TRACK,CAMBIO DE COMANDO LH,1
PULSAR 135,CAMBIO DE COMANDO LH,0.7
Perseo,CAMBIO DE COMANDO LH,0.7
PULSAR,CAMBIO DE COMANDO LH,0.7
PULSAR 180 UG,CAMBIO DE COMANDO LH,0.7
PULSAR 150,CAMBIO DE COMANDO LH,0.7
THOR 160,CAMBIO DE COMANDO LH,0.7
PULSAR 200,CAMBIO DE COMANDO LH,0.7
PULSAR 150 NS,CAMBIO DE COMANDO LH,0.7
PULSAR 150 AS,CAMBIO DE COMANDO LH,0.7
PULSAR 200 AS,CAMBIO DE COMANDO LH,0.7
PULSAR 200 NS,CAMBIO DE COMANDO LH,0.7
TITAN,CAMBIO DE COMANDO LH,0.7
PULSAR  RS 200,CAMBIO DE COMANDO LH,0.7
PULSAR 220,CAMBIO DE COMANDO LH,0.7
AVENGER 220,CAMBIO DE COMANDO LH,0.3
XCD,CAMBIO DE COMANDO LH,0.7
DISCOVER 100,CAMBIO DE COMANDO LH,0.7
DISCOVER 135,CAMBIO DE COMANDO LH,0.7
BOXER,CAMBIO DE COMANDO LH,0.7
LEXUS,CAMBIO DE COMANDO LH,0.7
DISCOVER 100 5S,CAMBIO DE COMANDO LH,0.7
DISCOVER 150,CAMBIO DE COMANDO LH,0.7
CHAMPION,CAMBIO DE COMANDO LH,0.7
DISCOVER 125 ST,CAMBIO DE COMANDO LH,0.7
BOXER BM 100,CAMBIO DE COMANDO LH,0.7
BOXER BM 150,CAMBIO DE COMANDO LH,0.7
BOXER BM 100 ES,CAMBIO DE COMANDO LH,0.7
PLATINO 125,CAMBIO DE COMANDO LH,0.7
PLATINO 125 - 5S,CAMBIO DE COMANDO LH,0.7
PLATINO 100,CAMBIO DE COMANDO LH,0.7
PLATINO 110,CAMBIO DE COMANDO LH,0.7
FAMILLY,CAMBIO DE COMANDO LH,0.7
MOTOCARRO 4T,CAMBIO DE COMANDO LH,0.7
TORITO,CAMBIO DE COMANDO LH,0.7
KAZE MAX II,CAMBIO DE COMANDO LH,1
ZX 130- MAGIC II,CAMBIO DE COMANDO LH,0.9
KMX,CAMBIO DE COMANDO LH,0.7
KLX 150,CAMBIO DE COMANDO LH,0.7
KLX150  L,CAMBIO DE COMANDO LH,0.7
KLX 250,CAMBIO DE COMANDO LH,0.7
NINJA 250,CAMBIO DE COMANDO LH,0.7
NINJA 250 FI,CAMBIO DE COMANDO LH,0.7
Z250,CAMBIO DE COMANDO LH,0.7
Z250 SL,CAMBIO DE COMANDO LH,0.7
ER-6n,CAMBIO DE COMANDO LH,0.7
TRANS-SPORT,CAMBIO DE COMANDO LH,1
MRX 150,CAMBIO DE COMANDO LH,0.7
FURAX,CAMBIO DE COMANDO LH,0.7
BOMBER 125,CAMBIO DE COMANDO LH,0.7
BOMBER 250,CAMBIO DE COMANDO LH,0.4
COMBAT 125,CAMBIO DE COMANDO LH,0.7
ZS,CAMBIO DE COMANDO LH,0.8
LIFE,CAMBIO DE COMANDO LH,0.8
HUNTER,CAMBIO DE COMANDO LH,1
BLACK,CAMBIO DE COMANDO LH,1
VENOM 400,CAMBIO DE COMANDO LH,0.3
VENOM 250,CAMBIO DE COMANDO LH,0.7
ONE,CAMBIO DE COMANDO LH,1
FLOW,CAMBIO DE COMANDO LH,0.7
ADVANCE II LF,CAMBIO DE COMANDO LH,0.9
ZONTES 155,CAMBIO DE COMANDO LH,0.7
ZONTES 310M,CAMBIO DE COMANDO LH,1
SHOCK,CAMBIO DE COMANDO LH,0.9
TNT150i,CAMBIO DE COMANDO LH,0.7
180S,CAMBIO DE COMANDO LH,0.7
TNT25N,CAMBIO DE COMANDO LH,0.7
LEONCINO 500,CAMBIO DE COMANDO LH,0.7
LEONCINO 250,CAMBIO DE COMANDO LH,0.7
TRK 500X,CAMBIO DE COMANDO LH,0.7
TRK 251,CAMBIO DE COMANDO LH,0.7
302 S,CAMBIO DE COMANDO LH,0.7
TOP BOY,CAMBIO DE COMANDO RH,1
AGILITY,CAMBIO DE COMANDO RH,1
AGILITY RS,CAMBIO DE COMANDO RH,1
AGILITY CITY 150,CAMBIO DE COMANDO RH,1
BET & WIN,CAMBIO DE COMANDO RH,1
ACTIV,CAMBIO DE COMANDO RH,1
SPIKE,CAMBIO DE COMANDO RH,1
AGILITY RS  NAKED,CAMBIO DE COMANDO RH,1
SUPER 8,CAMBIO DE COMANDO RH,0.8
GACELA,CAMBIO DE COMANDO RH,0.8
CRUCERO             x-town 300,CAMBIO DE COMANDO RH,1
ROCKET,CAMBIO DE COMANDO RH,1
FLY 125,CAMBIO DE COMANDO RH,1
TWIST,CAMBIO DE COMANDO RH,1
JETIX,CAMBIO DE COMANDO RH,1
UNI-K 110,CAMBIO DE COMANDO RH,1
TRACK,CAMBIO DE COMANDO RH,1
PULSAR 135,CAMBIO DE COMANDO RH,0.8
Perseo,CAMBIO DE COMANDO RH,0.8
PULSAR,CAMBIO DE COMANDO RH,0.8
PULSAR 180 UG,CAMBIO DE COMANDO RH,0.8
PULSAR 150,CAMBIO DE COMANDO RH,0.8
THOR 160,CAMBIO DE COMANDO RH,0.8
PULSAR 200,CAMBIO DE COMANDO RH,0.8
PULSAR 150 NS,CAMBIO DE COMANDO RH,0.8
PULSAR 150 AS,CAMBIO DE COMANDO RH,0.8
PULSAR 200 AS,CAMBIO DE COMANDO RH,0.8
PULSAR 200 NS,CAMBIO DE COMANDO RH,0.8
TITAN,CAMBIO DE COMANDO RH,0.8
PULSAR  RS 200,CAMBIO DE COMANDO RH,0.8
PULSAR 220,CAMBIO DE COMANDO RH,0.8
AVENGER 220,CAMBIO DE COMANDO RH,0.3
XCD,CAMBIO DE COMANDO RH,0.8
DISCOVER 100,CAMBIO DE COMANDO RH,0.8
DISCOVER 135,CAMBIO DE COMANDO RH,0.8
BOXER,CAMBIO DE COMANDO RH,0.8
LEXUS,CAMBIO DE COMANDO RH,0.8
DISCOVER 100 5S,CAMBIO DE COMANDO RH,0.8
DISCOVER 150,CAMBIO DE COMANDO RH,0.8
CHAMPION,CAMBIO DE COMANDO RH,0.8
DISCOVER 125 ST,CAMBIO DE COMANDO RH,0.8
BOXER BM 100,CAMBIO DE COMANDO RH,0.8
BOXER BM 150,CAMBIO DE COMANDO RH,0.8
BOXER BM 100 ES,CAMBIO DE COMANDO RH,0.8
PLATINO 125,CAMBIO DE COMANDO RH,0.8
PLATINO 125 - 5S,CAMBIO DE COMANDO RH,0.8
PLATINO 100,CAMBIO DE COMANDO RH,0.8
PLATINO 110,CAMBIO DE COMANDO RH,0.8
FAMILLY,CAMBIO DE COMANDO RH,0.8
MOTOCARRO 4T,CAMBIO DE COMANDO RH,0.7
TORITO,CAMBIO DE COMANDO RH,0.7
KAZE MAX II,CAMBIO DE COMANDO RH,1
ZX 130- MAGIC II,CAMBIO DE COMANDO RH,1
KMX,CAMBIO DE COMANDO RH,0.8
KLX 150,CAMBIO DE COMANDO RH,0.8
KLX150  L,CAMBIO DE COMANDO RH,0.8
KLX 250,CAMBIO DE COMANDO RH,0.8
NINJA 250,CAMBIO DE COMANDO RH,0.8
NINJA 250 FI,CAMBIO DE COMANDO RH,0.8
Z250,CAMBIO DE COMANDO RH,0.8
Z250 SL,CAMBIO DE COMANDO RH,0.8
ER-6n,CAMBIO DE COMANDO RH,0.8
TRANS-SPORT,CAMBIO DE COMANDO RH,1
MRX 150,CAMBIO DE COMANDO RH,0.8
FURAX,CAMBIO DE COMANDO RH,0.8
BOMBER 125,CAMBIO DE COMANDO RH,0.8
BOMBER 250,CAMBIO DE COMANDO RH,0.4
COMBAT 125,CAMBIO DE COMANDO RH,0.8
ZS,CAMBIO DE COMANDO RH,0.8
LIFE,CAMBIO DE COMANDO RH,0.8
HUNTER,CAMBIO DE COMANDO RH,1
BLACK,CAMBIO DE COMANDO RH,1
VENOM 400,CAMBIO DE COMANDO RH,0.3
VENOM 250,CAMBIO DE COMANDO RH,0.8
ONE,CAMBIO DE COMANDO RH,1
FLOW,CAMBIO DE COMANDO RH,0.7
ADVANCE II LF,CAMBIO DE COMANDO RH,1
ZONTES 155,CAMBIO DE COMANDO RH,0.8
ZONTES 310M,CAMBIO DE COMANDO RH,1
SHOCK,CAMBIO DE COMANDO RH,1
TNT150i,CAMBIO DE COMANDO RH,0.8
180S,CAMBIO DE COMANDO RH,0.8
TNT25N,CAMBIO DE COMANDO RH,0.8
LEONCINO 500,CAMBIO DE COMANDO RH,0.8
LEONCINO 250,CAMBIO DE COMANDO RH,0.8
TRK 500X,CAMBIO DE COMANDO RH,0.8
TRK 251,CAMBIO DE COMANDO RH,0.8
302 S,CAMBIO DE COMANDO RH,0.8
TOP BOY,CAMBIO DEL SOLENOIDE (CHOKE),0.7
AGILITY,CAMBIO DEL SOLENOIDE (CHOKE),0.7
AGILITY RS,CAMBIO DEL SOLENOIDE (CHOKE),0.7
AGILITY CITY 150,CAMBIO DEL SOLENOIDE (CHOKE),0.7
BET & WIN,CAMBIO DEL SOLENOIDE (CHOKE),0.7
AGILITY RS  NAKED,CAMBIO DEL SOLENOIDE (CHOKE),0.7
SUPER 8,CAMBIO DEL SOLENOIDE (CHOKE),0.7
GACELA,CAMBIO DEL SOLENOIDE (CHOKE),0.7
ROCKET,CAMBIO DEL SOLENOIDE (CHOKE),0.7
FLY 125,CAMBIO DEL SOLENOIDE (CHOKE),0.7
TWIST,CAMBIO DEL SOLENOIDE (CHOKE),0.7
PULSAR 135,CAMBIO DEL SOLENOIDE (CHOKE),0.5
Perseo,CAMBIO DEL SOLENOIDE (CHOKE),0.5
PULSAR 180 UG,CAMBIO DEL SOLENOIDE (CHOKE),0.5
PULSAR 150,CAMBIO DEL SOLENOIDE (CHOKE),0.5
PULSAR 220,CAMBIO DEL SOLENOIDE (CHOKE),0.5
AVENGER 220,CAMBIO DEL SOLENOIDE (CHOKE),2
XCD,CAMBIO DEL SOLENOIDE (CHOKE),0.5
DISCOVER 100,CAMBIO DEL SOLENOIDE (CHOKE),0.5
PLATINO 125,CAMBIO DEL SOLENOIDE (CHOKE),0.5
MOTOCARRO 4T,CAMBIO DEL SOLENOIDE (CHOKE),0.5
TORITO,CAMBIO DEL SOLENOIDE (CHOKE),0.5
ZS,CAMBIO DEL SOLENOIDE (CHOKE),0.7
LIFE,CAMBIO DEL SOLENOIDE (CHOKE),0.7
MOTOCARRO 4T,CAMBIO Y/O REPARACION DEL MOTOR DEL LIMPIA BRISAS,1.5
TORITO,CAMBIO Y/O REPARACION DEL MOTOR DEL LIMPIA BRISAS,1.5
TOP BOY,CAMBIO LUNA (TALCO) DE DIRECCIONALES,0.1
AGILITY,CAMBIO LUNA (TALCO) DE DIRECCIONALES,0.1
BET & WIN,CAMBIO LUNA (TALCO) DE DIRECCIONALES,0.1
ACTIV,CAMBIO LUNA (TALCO) DE DIRECCIONALES,0.1
SPIKE,CAMBIO LUNA (TALCO) DE DIRECCIONALES,0.1
UNI-K 110,CAMBIO LUNA (TALCO) DE DIRECCIONALES,0.1
PULSAR 135,CAMBIO LUNA (TALCO) DE DIRECCIONALES,0.1
Perseo,CAMBIO LUNA (TALCO) DE DIRECCIONALES,0.1
PULSAR,CAMBIO LUNA (TALCO) DE DIRECCIONALES,0.1
PULSAR 180 UG,CAMBIO LUNA (TALCO) DE DIRECCIONALES,0.1
PULSAR 150,CAMBIO LUNA (TALCO) DE DIRECCIONALES,0.1
THOR 160,CAMBIO LUNA (TALCO) DE DIRECCIONALES,0.1
PULSAR 150 NS,CAMBIO LUNA (TALCO) DE DIRECCIONALES,0.1
PULSAR 150 AS,CAMBIO LUNA (TALCO) DE DIRECCIONALES,0.1
PULSAR 200 AS,CAMBIO LUNA (TALCO) DE DIRECCIONALES,0.1
PULSAR 220,CAMBIO LUNA (TALCO) DE DIRECCIONALES,0.1
AVENGER 220,CAMBIO LUNA (TALCO) DE DIRECCIONALES,0.1
XCD,CAMBIO LUNA (TALCO) DE DIRECCIONALES,0.1
DISCOVER 100,CAMBIO LUNA (TALCO) DE DIRECCIONALES,0.1
DISCOVER 135,CAMBIO LUNA (TALCO) DE DIRECCIONALES,0.1
BOXER,CAMBIO LUNA (TALCO) DE DIRECCIONALES,0.1
LEXUS,CAMBIO LUNA (TALCO) DE DIRECCIONALES,0.1
BOXER BM 100,CAMBIO LUNA (TALCO) DE DIRECCIONALES,0.1
BOXER BM 150,CAMBIO LUNA (TALCO) DE DIRECCIONALES,0.1
BOXER BM 100 ES,CAMBIO LUNA (TALCO) DE DIRECCIONALES,0.1
PLATINO 125,CAMBIO LUNA (TALCO) DE DIRECCIONALES,0.1
PLATINO 125 - 5S,CAMBIO LUNA (TALCO) DE DIRECCIONALES,0.1
PLATINO 100,CAMBIO LUNA (TALCO) DE DIRECCIONALES,0.1
PLATINO 110,CAMBIO LUNA (TALCO) DE DIRECCIONALES,0.1
FAMILLY,CAMBIO LUNA (TALCO) DE DIRECCIONALES,0.1
MOTOCARRO 4T,CAMBIO LUNA (TALCO) DE DIRECCIONALES,0.1
TORITO,CAMBIO LUNA (TALCO) DE DIRECCIONALES,0.1
MOTOCARRO DIESEL,CAMBIO LUNA (TALCO) DE DIRECCIONALES,0.1
KAZE MAX II,CAMBIO LUNA (TALCO) DE DIRECCIONALES,0.1
ZX 130- MAGIC II,CAMBIO LUNA (TALCO) DE DIRECCIONALES,0.1
KMX,CAMBIO LUNA (TALCO) DE DIRECCIONALES,0.1
KLX 150,CAMBIO LUNA (TALCO) DE DIRECCIONALES,0.1
KLX150  L,CAMBIO LUNA (TALCO) DE DIRECCIONALES,0.1
KLX 250,CAMBIO LUNA (TALCO) DE DIRECCIONALES,0.1
NINJA 250,CAMBIO LUNA (TALCO) DE DIRECCIONALES,0.1
NINJA 250 FI,CAMBIO LUNA (TALCO) DE DIRECCIONALES,0.1
Z250,CAMBIO LUNA (TALCO) DE DIRECCIONALES,0.1
Z250 SL,CAMBIO LUNA (TALCO) DE DIRECCIONALES,0.1
ER-6n,CAMBIO LUNA (TALCO) DE DIRECCIONALES,0.1
TRANS-SPORT,CAMBIO LUNA (TALCO) DE DIRECCIONALES,0.1
MRX 150,CAMBIO LUNA (TALCO) DE DIRECCIONALES,0.1
FURAX,CAMBIO LUNA (TALCO) DE DIRECCIONALES,0.1
FLOW,CAMBIO LUNA (TALCO) DE DIRECCIONALES,0.5
ADVANCE II LF,CAMBIO LUNA (TALCO) DE DIRECCIONALES,0.1
SHOCK,CAMBIO LUNA (TALCO) DE DIRECCIONALES,0.1
PULSAR,CAMBIO DE E.C.U,0.6
PULSAR 180 UG,CAMBIO DE E.C.U,0.6
PULSAR 150,CAMBIO DE E.C.U,0.6
TITAN,CAMBIO DE E.C.U,0.4
PULSAR  RS 200,CAMBIO DE E.C.U,0.4
PULSAR 220,CAMBIO DE E.C.U,1
KLX 250,CAMBIO DE E.C.U,0.3
NINJA 250,CAMBIO DE E.C.U,0.3
NINJA 250 FI,CAMBIO DE E.C.U,0.3
Z250,CAMBIO DE E.C.U,0.3
Z250 SL,CAMBIO DE E.C.U,0.3
ER-6n,CAMBIO DE E.C.U,0.3
BOMBER 250,CAMBIO DE E.C.U,0.3
BLACK,CAMBIO DE E.C.U,1
VENOM 400,CAMBIO DE E.C.U,0.3
ZONTES 155,CAMBIO DE E.C.U,0.3
ZONTES 310M,CAMBIO DE E.C.U,1
TNT150i,CAMBIO DE E.C.U,0.3
180S,CAMBIO DE E.C.U,1.3
TNT25N,CAMBIO DE E.C.U,0.3
LEONCINO 500,CAMBIO DE E.C.U,0.3
LEONCINO 250,CAMBIO DE E.C.U,0.3
TRK 500X,CAMBIO DE E.C.U,0.3
TRK 251,CAMBIO DE E.C.U,0.3
302 S,CAMBIO DE E.C.U,0.3
PULSAR,CAMBIO SENSOR DE LAS DIRECCIONALES,0.4
PULSAR 180 UG,CAMBIO SENSOR DE LAS DIRECCIONALES,0.4
PULSAR 150,CAMBIO SENSOR DE LAS DIRECCIONALES,0.4
PULSAR 220,CAMBIO SENSOR DE LAS DIRECCIONALES,0.4
AVENGER 220,CAMBIO SENSOR DE LAS DIRECCIONALES,2
ACTIV,CAMBIO SUICHE DEL PITO DEL COMANDO,0.7
JETIX,CAMBIO SUICHE DEL PITO DEL COMANDO,0.7
UNI-K 110,CAMBIO SUICHE DEL PITO DEL COMANDO,0.7
BOMBER 125,CAMBIO SUICHE DEL PITO DEL COMANDO,0.5
COMBAT 125,CAMBIO SUICHE DEL PITO DEL COMANDO,0.5
ONE,CAMBIO SUICHE DEL PITO DEL COMANDO,0.7
FLOW,CAMBIO SUICHE DEL PITO DEL COMANDO,0.7
ADVANCE II LF,CAMBIO SUICHE DEL PITO DEL COMANDO,0.7
SHOCK,CAMBIO SUICHE DEL PITO DEL COMANDO,0.7
ACTIV,CAMBIO SUICHE DE LUCES DEL COMANDO,0.7
JETIX,CAMBIO SUICHE DE LUCES DEL COMANDO,0.7
UNI-K 110,CAMBIO SUICHE DE LUCES DEL COMANDO,0.7
BOMBER 125,CAMBIO SUICHE DE LUCES DEL COMANDO,0.5
COMBAT 125,CAMBIO SUICHE DE LUCES DEL COMANDO,0.5
ONE,CAMBIO SUICHE DE LUCES DEL COMANDO,0.7
FLOW,CAMBIO SUICHE DE LUCES DEL COMANDO,0.7
ADVANCE II LF,CAMBIO SUICHE DE LUCES DEL COMANDO,0.7
SHOCK,CAMBIO SUICHE DE LUCES DEL COMANDO,0.7
ACTIV,CAMBIO SUCHE DE STARTER DEL COMANDO,0.7
JETIX,CAMBIO SUCHE DE STARTER DEL COMANDO,0.7
UNI-K 110,CAMBIO SUCHE DE STARTER DEL COMANDO,0.7
BOMBER 125,CAMBIO SUCHE DE STARTER DEL COMANDO,0.5
COMBAT 125,CAMBIO SUCHE DE STARTER DEL COMANDO,0.5
ONE,CAMBIO SUCHE DE STARTER DEL COMANDO,0.7
FLOW,CAMBIO SUCHE DE STARTER DEL COMANDO,0.7
ADVANCE II LF,CAMBIO SUCHE DE STARTER DEL COMANDO,0.7
SHOCK,CAMBIO SUCHE DE STARTER DEL COMANDO,0.7
ACTIV,CAMBIO SUICHE DE ESTACIONARIAS,0.7
JETIX,CAMBIO SUICHE DE ESTACIONARIAS,0.7
UNI-K 110,CAMBIO SUICHE DE ESTACIONARIAS,0.7
ONE,CAMBIO SUICHE DE ESTACIONARIAS,0.7
ADVANCE II LF,CAMBIO SUICHE DE ESTACIONARIAS,0.7
ZONTES 310M,CAMBIO SUICHE DE ESTACIONARIAS,1
SHOCK,CAMBIO SUICHE DE ESTACIONARIAS,0.7
ACTIV,CAMBIO SENSOR LUZ DE PASO,0.7
JETIX,CAMBIO SENSOR LUZ DE PASO,0.7
UNI-K 110,CAMBIO SENSOR LUZ DE PASO,0.7
BOMBER 125,CAMBIO SENSOR LUZ DE PASO,0.5
COMBAT 125,CAMBIO SENSOR LUZ DE PASO,0.5
ONE,CAMBIO SENSOR LUZ DE PASO,0.7
ADVANCE II LF,CAMBIO SENSOR LUZ DE PASO,0.7
SHOCK,CAMBIO SENSOR LUZ DE PASO,0.7
TOP BOY,CAMBIO DEL RELE DE ARRANQUE,0.3
AGILITY,CAMBIO DEL RELE DE ARRANQUE,0.5
AGILITY RS,CAMBIO DEL RELE DE ARRANQUE,0.5
AGILITY CITY 150,CAMBIO DEL RELE DE ARRANQUE,0.5
BET & WIN,CAMBIO DEL RELE DE ARRANQUE,0.5
ACTIV,CAMBIO DEL RELE DE ARRANQUE,0.3
SPIKE,CAMBIO DEL RELE DE ARRANQUE,0.3
AGILITY RS  NAKED,CAMBIO DEL RELE DE ARRANQUE,0.5
SUPER 8,CAMBIO DEL RELE DE ARRANQUE,0.5
GACELA,CAMBIO DEL RELE DE ARRANQUE,0.5
CRUCERO             x-town 300,CAMBIO DEL RELE DE ARRANQUE,0.5
ROCKET,CAMBIO DEL RELE DE ARRANQUE,0.5
FLY 125,CAMBIO DEL RELE DE ARRANQUE,0.5
TWIST,CAMBIO DEL RELE DE ARRANQUE,0.5
JETIX,CAMBIO DEL RELE DE ARRANQUE,0.5
UNI-K 110,CAMBIO DEL RELE DE ARRANQUE,0.3
TRACK,CAMBIO DEL RELE DE ARRANQUE,0.5
PULSAR 135,CAMBIO DEL RELE DE ARRANQUE,0.3
Perseo,CAMBIO DEL RELE DE ARRANQUE,0.3
PULSAR,CAMBIO DEL RELE DE ARRANQUE,0.3
PULSAR 180 UG,CAMBIO DEL RELE DE ARRANQUE,0.3
PULSAR 150,CAMBIO DEL RELE DE ARRANQUE,0.3
THOR 160,CAMBIO DEL RELE DE ARRANQUE,0.3
PULSAR 200,CAMBIO DEL RELE DE ARRANQUE,0.3
PULSAR 150 NS,CAMBIO DEL RELE DE ARRANQUE,0.3
PULSAR 150 AS,CAMBIO DEL RELE DE ARRANQUE,0.3
PULSAR 200 AS,CAMBIO DEL RELE DE ARRANQUE,0.3
PULSAR 200 NS,CAMBIO DEL RELE DE ARRANQUE,0.3
TITAN,CAMBIO DEL RELE DE ARRANQUE,0.3
PULSAR  RS 200,CAMBIO DEL RELE DE ARRANQUE,0.4
PULSAR 220,CAMBIO DEL RELE DE ARRANQUE,0.3
AVENGER 220,CAMBIO DEL RELE DE ARRANQUE,0.2
XCD,CAMBIO DEL RELE DE ARRANQUE,0.3
DISCOVER 100,CAMBIO DEL RELE DE ARRANQUE,0.3
DISCOVER 135,CAMBIO DEL RELE DE ARRANQUE,0.3
DISCOVER 100 5S,CAMBIO DEL RELE DE ARRANQUE,0.3
DISCOVER 150,CAMBIO DEL RELE DE ARRANQUE,0.3
CHAMPION,CAMBIO DEL RELE DE ARRANQUE,0.3
DISCOVER 125 ST,CAMBIO DEL RELE DE ARRANQUE,0.3
BOXER BM 150,CAMBIO DEL RELE DE ARRANQUE,0.3
BOXER BM 100 ES,CAMBIO DEL RELE DE ARRANQUE,0.3
PLATINO 125,CAMBIO DEL RELE DE ARRANQUE,0.3
PLATINO 125 - 5S,CAMBIO DEL RELE DE ARRANQUE,0.3
PLATINO 110,CAMBIO DEL RELE DE ARRANQUE,0.3
FAMILLY,CAMBIO DEL RELE DE ARRANQUE,0.3
MOTOCARRO 4T,CAMBIO DEL RELE DE ARRANQUE,0.3
TORITO,CAMBIO DEL RELE DE ARRANQUE,0.3
MOTOCARRO DIESEL,CAMBIO DEL RELE DE ARRANQUE,0.3
KAZE MAX II,CAMBIO DEL RELE DE ARRANQUE,0.5
ZX 130- MAGIC II,CAMBIO DEL RELE DE ARRANQUE,0.3
KLX 150,CAMBIO DEL RELE DE ARRANQUE,0.3
KLX150  L,CAMBIO DEL RELE DE ARRANQUE,0.3
KLX 250,CAMBIO DEL RELE DE ARRANQUE,0.3
NINJA 250,CAMBIO DEL RELE DE ARRANQUE,0.3
NINJA 250 FI,CAMBIO DEL RELE DE ARRANQUE,0.3
Z250,CAMBIO DEL RELE DE ARRANQUE,0.3
Z250 SL,CAMBIO DEL RELE DE ARRANQUE,0.3
ER-6n,CAMBIO DEL RELE DE ARRANQUE,0.3
TRANS-SPORT,CAMBIO DEL RELE DE ARRANQUE,0.3
MRX 150,CAMBIO DEL RELE DE ARRANQUE,0.3
FURAX,CAMBIO DEL RELE DE ARRANQUE,0.3
BOMBER 125,CAMBIO DEL RELE DE ARRANQUE,0.5
BOMBER 250,CAMBIO DEL RELE DE ARRANQUE,0.4
COMBAT 125,CAMBIO DEL RELE DE ARRANQUE,0.5
ZS,CAMBIO DEL RELE DE ARRANQUE,0.5
LIFE,CAMBIO DEL RELE DE ARRANQUE,0.5
HUNTER,CAMBIO DEL RELE DE ARRANQUE,0.5
BLACK,CAMBIO DEL RELE DE ARRANQUE,0.5
VENOM 400,CAMBIO DEL RELE DE ARRANQUE,0.2
VENOM 250,CAMBIO DEL RELE DE ARRANQUE,0.3
ONE,CAMBIO DEL RELE DE ARRANQUE,0.5
FLOW,CAMBIO DEL RELE DE ARRANQUE,0.5
ADVANCE II LF,CAMBIO DEL RELE DE ARRANQUE,0.3
ZONTES 155,CAMBIO DEL RELE DE ARRANQUE,0.3
ZONTES 310M,CAMBIO DEL RELE DE ARRANQUE,0.5
SHOCK,CAMBIO DEL RELE DE ARRANQUE,0.3
TNT150i,CAMBIO DEL RELE DE ARRANQUE,0.3
180S,CAMBIO DEL RELE DE ARRANQUE,0.3
TNT25N,CAMBIO DEL RELE DE ARRANQUE,0.3
LEONCINO 500,CAMBIO DEL RELE DE ARRANQUE,0.3
LEONCINO 250,CAMBIO DEL RELE DE ARRANQUE,0.3
TRK 500X,CAMBIO DEL RELE DE ARRANQUE,0.3
TRK 251,CAMBIO DEL RELE DE ARRANQUE,0.3
302 S,CAMBIO DEL RELE DE ARRANQUE,0.3
TOP BOY,CAMBIO RAMAL ELÉCTRICO,3
AGILITY,CAMBIO RAMAL ELÉCTRICO,3
AGILITY RS,CAMBIO RAMAL ELÉCTRICO,3
AGILITY CITY 150,CAMBIO RAMAL ELÉCTRICO,3
BET & WIN,CAMBIO RAMAL ELÉCTRICO,3.5
ACTIV,CAMBIO RAMAL ELÉCTRICO,3
SPIKE,CAMBIO RAMAL ELÉCTRICO,3
AGILITY RS  NAKED,CAMBIO RAMAL ELÉCTRICO,3
SUPER 8,CAMBIO RAMAL ELÉCTRICO,3
GACELA,CAMBIO RAMAL ELÉCTRICO,3
CRUCERO             x-town 300,CAMBIO RAMAL ELÉCTRICO,3
ROCKET,CAMBIO RAMAL ELÉCTRICO,3
FLY 125,CAMBIO RAMAL ELÉCTRICO,3
TWIST,CAMBIO RAMAL ELÉCTRICO,3
JETIX,CAMBIO RAMAL ELÉCTRICO,3
UNI-K 110,CAMBIO RAMAL ELÉCTRICO,3
TRACK,CAMBIO RAMAL ELÉCTRICO,3
PULSAR 135,CAMBIO RAMAL ELÉCTRICO,2.5
Perseo,CAMBIO RAMAL ELÉCTRICO,2.5
PULSAR,CAMBIO RAMAL ELÉCTRICO,2.5
PULSAR 180 UG,CAMBIO RAMAL ELÉCTRICO,2.5
PULSAR 150,CAMBIO RAMAL ELÉCTRICO,2.5
THOR 160,CAMBIO RAMAL ELÉCTRICO,2.8
PULSAR 200,CAMBIO RAMAL ELÉCTRICO,2.5
PULSAR 150 NS,CAMBIO RAMAL ELÉCTRICO,2.8
PULSAR 150 AS,CAMBIO RAMAL ELÉCTRICO,3
PULSAR 200 AS,CAMBIO RAMAL ELÉCTRICO,3
PULSAR 200 NS,CAMBIO RAMAL ELÉCTRICO,2.8
TITAN,CAMBIO RAMAL ELÉCTRICO,3.5
PULSAR  RS 200,CAMBIO RAMAL ELÉCTRICO,3.5
PULSAR 220,CAMBIO RAMAL ELÉCTRICO,2.5
AVENGER 220,CAMBIO RAMAL ELÉCTRICO,2.5
XCD,CAMBIO RAMAL ELÉCTRICO,2.5
DISCOVER 100,CAMBIO RAMAL ELÉCTRICO,2.5
DISCOVER 135,CAMBIO RAMAL ELÉCTRICO,2.5
BOXER,CAMBIO RAMAL ELÉCTRICO,2.5
LEXUS,CAMBIO RAMAL ELÉCTRICO,2.5
DISCOVER 100 5S,CAMBIO RAMAL ELÉCTRICO,2.5
DISCOVER 150,CAMBIO RAMAL ELÉCTRICO,2.5
CHAMPION,CAMBIO RAMAL ELÉCTRICO,2.5
DISCOVER 125 ST,CAMBIO RAMAL ELÉCTRICO,2.5
BOXER BM 100,CAMBIO RAMAL ELÉCTRICO,2.5
BOXER BM 150,CAMBIO RAMAL ELÉCTRICO,2.5
BOXER BM 100 ES,CAMBIO RAMAL ELÉCTRICO,2.5
PLATINO 125,CAMBIO RAMAL ELÉCTRICO,2.5
PLATINO 125 - 5S,CAMBIO RAMAL ELÉCTRICO,2.5
PLATINO 100,CAMBIO RAMAL ELÉCTRICO,2.5
PLATINO 110,CAMBIO RAMAL ELÉCTRICO,2.5
FAMILLY,CAMBIO RAMAL ELÉCTRICO,2.5
MOTOCARRO 4T,CAMBIO RAMAL ELÉCTRICO,3.5
TORITO,CAMBIO RAMAL ELÉCTRICO,3.5
KAZE MAX II,CAMBIO RAMAL ELÉCTRICO,3
ZX 130- MAGIC II,CAMBIO RAMAL ELÉCTRICO,3
KMX,CAMBIO RAMAL ELÉCTRICO,2.5
KLX 150,CAMBIO RAMAL ELÉCTRICO,2.5
KLX150  L,CAMBIO RAMAL ELÉCTRICO,2.5
KLX 250,CAMBIO RAMAL ELÉCTRICO,2.5
NINJA 250,CAMBIO RAMAL ELÉCTRICO,2.5
NINJA 250 FI,CAMBIO RAMAL ELÉCTRICO,2.5
Z250,CAMBIO RAMAL ELÉCTRICO,2.5
Z250 SL,CAMBIO RAMAL ELÉCTRICO,2.5
ER-6n,CAMBIO RAMAL ELÉCTRICO,3
TRANS-SPORT,CAMBIO RAMAL ELÉCTRICO,3
MRX 150,CAMBIO RAMAL ELÉCTRICO,2.5
FURAX,CAMBIO RAMAL ELÉCTRICO,2.5
BOMBER 125,CAMBIO RAMAL ELÉCTRICO,2.5
BOMBER 250,CAMBIO RAMAL ELÉCTRICO,2.5
COMBAT 125,CAMBIO RAMAL ELÉCTRICO,2.5
ZS,CAMBIO RAMAL ELÉCTRICO,3
LIFE,CAMBIO RAMAL ELÉCTRICO,3
HUNTER,CAMBIO RAMAL ELÉCTRICO,3
BLACK,CAMBIO RAMAL ELÉCTRICO,3.5
VENOM 400,CAMBIO RAMAL ELÉCTRICO,2.5
VENOM 250,CAMBIO RAMAL ELÉCTRICO,2.8
ONE,CAMBIO RAMAL ELÉCTRICO,3
FLOW,CAMBIO RAMAL ELÉCTRICO,3
ADVANCE II LF,CAMBIO RAMAL ELÉCTRICO,3
ZONTES 155,CAMBIO RAMAL ELÉCTRICO,3
ZONTES 310M,CAMBIO RAMAL ELÉCTRICO,3.5
SHOCK,CAMBIO RAMAL ELÉCTRICO,3
TNT150i,CAMBIO RAMAL ELÉCTRICO,2.5
180S,CAMBIO RAMAL ELÉCTRICO,2.5
TNT25N,CAMBIO RAMAL ELÉCTRICO,2.5
LEONCINO 500,CAMBIO RAMAL ELÉCTRICO,3
LEONCINO 250,CAMBIO RAMAL ELÉCTRICO,2.5
TRK 500X,CAMBIO RAMAL ELÉCTRICO,3
TRK 251,CAMBIO RAMAL ELÉCTRICO,2.5
302 S,CAMBIO RAMAL ELÉCTRICO,2.5
TOP BOY,CAMBIO DEL FLASHER,0.7
AGILITY,CAMBIO DEL FLASHER,0.3
AGILITY RS,CAMBIO DEL FLASHER,0.3
AGILITY CITY 150,CAMBIO DEL FLASHER,0.3
BET & WIN,CAMBIO DEL FLASHER,1.2
ACTIV,CAMBIO DEL FLASHER,0.6
SPIKE,CAMBIO DEL FLASHER,0.6
AGILITY RS  NAKED,CAMBIO DEL FLASHER,0.3
SUPER 8,CAMBIO DEL FLASHER,0.5
GACELA,CAMBIO DEL FLASHER,0.5
CRUCERO             x-town 300,CAMBIO DEL FLASHER,0.5
ROCKET,CAMBIO DEL FLASHER,0.3
FLY 125,CAMBIO DEL FLASHER,0.3
TWIST,CAMBIO DEL FLASHER,0.3
JETIX,CAMBIO DEL FLASHER,0.4
UNI-K 110,CAMBIO DEL FLASHER,0.6
TRACK,CAMBIO DEL FLASHER,0.5
PULSAR 135,CAMBIO DEL FLASHER,0.3
Perseo,CAMBIO DEL FLASHER,0.3
THOR 160,CAMBIO DEL FLASHER,0.3
PULSAR 200,CAMBIO DEL FLASHER,0.3
PULSAR 150 NS,CAMBIO DEL FLASHER,0.3
PULSAR 150 AS,CAMBIO DEL FLASHER,0.3
PULSAR 200 AS,CAMBIO DEL FLASHER,0.3
PULSAR 200 NS,CAMBIO DEL FLASHER,0.3
PULSAR  RS 200,CAMBIO DEL FLASHER,0.4
AVENGER 220,CAMBIO DEL FLASHER,0.2
XCD,CAMBIO DEL FLASHER,0.3
DISCOVER 100,CAMBIO DEL FLASHER,0.3
DISCOVER 135,CAMBIO DEL FLASHER,0.3
BOXER,CAMBIO DEL FLASHER,0.3
LEXUS,CAMBIO DEL FLASHER,0.3
DISCOVER 100 5S,CAMBIO DEL FLASHER,0.3
DISCOVER 150,CAMBIO DEL FLASHER,0.2
CHAMPION,CAMBIO DEL FLASHER,0.3
DISCOVER 125 ST,CAMBIO DEL FLASHER,0.3
BOXER BM 100,CAMBIO DEL FLASHER,0.3
BOXER BM 150,CAMBIO DEL FLASHER,0.3
BOXER BM 100 ES,CAMBIO DEL FLASHER,0.3
PLATINO 125,CAMBIO DEL FLASHER,0.3
PLATINO 125 - 5S,CAMBIO DEL FLASHER,0.3
PLATINO 100,CAMBIO DEL FLASHER,0.3
PLATINO 110,CAMBIO DEL FLASHER,0.3
FAMILLY,CAMBIO DEL FLASHER,0.3
MOTOCARRO 4T,CAMBIO DEL FLASHER,0.3
TORITO,CAMBIO DEL FLASHER,0.3
KAZE MAX II,CAMBIO DEL FLASHER,0.6
ZX 130- MAGIC II,CAMBIO DEL FLASHER,0.6
KMX,CAMBIO DEL FLASHER,0.3
KLX 150,CAMBIO DEL FLASHER,0.3
KLX150  L,CAMBIO DEL FLASHER,0.3
KLX 250,CAMBIO DEL FLASHER,0.3
NINJA 250,CAMBIO DEL FLASHER,0.3
NINJA 250 FI,CAMBIO DEL FLASHER,0.5
Z250,CAMBIO DEL FLASHER,0.5
Z250 SL,CAMBIO DEL FLASHER,0.5
ER-6n,CAMBIO DEL FLASHER,0.3
TRANS-SPORT,CAMBIO DEL FLASHER,0.6
MRX 150,CAMBIO DEL FLASHER,0.3
FURAX,CAMBIO DEL FLASHER,0.3
BOMBER 125,CAMBIO DEL FLASHER,0.5
BOMBER 250,CAMBIO DEL FLASHER,0.3
COMBAT 125,CAMBIO DEL FLASHER,0.5
ZS,CAMBIO DEL FLASHER,0.5
LIFE,CAMBIO DEL FLASHER,0.3
HUNTER,CAMBIO DEL FLASHER,0.5
BLACK,CAMBIO DEL FLASHER,0.5
VENOM 400,CAMBIO DEL FLASHER,0.1
VENOM 250,CAMBIO DEL FLASHER,0.3
ONE,CAMBIO DEL FLASHER,0.5
FLOW,CAMBIO DEL FLASHER,0.5
ADVANCE II LF,CAMBIO DEL FLASHER,0.6
ZONTES 155,CAMBIO DEL FLASHER,0.5
ZONTES 310M,CAMBIO DEL FLASHER,0.5
SHOCK,CAMBIO DEL FLASHER,0.6
TNT150i,CAMBIO DEL FLASHER,0.5
180S,CAMBIO DEL FLASHER,0.5
TNT25N,CAMBIO DEL FLASHER,0.5
LEONCINO 500,CAMBIO DEL FLASHER,0.3
LEONCINO 250,CAMBIO DEL FLASHER,0.5
TRK 500X,CAMBIO DEL FLASHER,0.3
TRK 251,CAMBIO DEL FLASHER,0.5
302 S,CAMBIO DEL FLASHER,0.5
PULSAR 135,CAMBIO CABLE DE VELOCIMETRO (SENSOR),0.3
Perseo,CAMBIO CABLE DE VELOCIMETRO (SENSOR),0.3
PULSAR,CAMBIO CABLE DE VELOCIMETRO (SENSOR),0.3
PULSAR 180 UG,CAMBIO CABLE DE VELOCIMETRO (SENSOR),0.3
PULSAR 150,CAMBIO CABLE DE VELOCIMETRO (SENSOR),0.3
THOR 160,CAMBIO CABLE DE VELOCIMETRO (SENSOR),0.3
PULSAR 200,CAMBIO CABLE DE VELOCIMETRO (SENSOR),0.3
PULSAR 150 NS,CAMBIO CABLE DE VELOCIMETRO (SENSOR),0.3
PULSAR 150 AS,CAMBIO CABLE DE VELOCIMETRO (SENSOR),0.3
PULSAR 200 AS,CAMBIO CABLE DE VELOCIMETRO (SENSOR),0.3
PULSAR 200 NS,CAMBIO CABLE DE VELOCIMETRO (SENSOR),0.3
PULSAR  RS 200,CAMBIO CABLE DE VELOCIMETRO (SENSOR),0.4
PULSAR 220,CAMBIO CABLE DE VELOCIMETRO (SENSOR),0.3
XCD,CAMBIO CABLE DE VELOCIMETRO (SENSOR),0.3
DISCOVER 135,CAMBIO CABLE DE VELOCIMETRO (SENSOR), 
BOMBER 250,CAMBIO CABLE DE VELOCIMETRO (SENSOR),0.4
VENOM 400,CAMBIO CABLE DE VELOCIMETRO (SENSOR),0.1
VENOM 250,CAMBIO CABLE DE VELOCIMETRO (SENSOR),0.3
ZONTES 155,CAMBIO CABLE DE VELOCIMETRO (SENSOR),0.5
ZONTES 310M,CAMBIO CABLE DE VELOCIMETRO (SENSOR),0.5
TOP BOY,IMPERMEABILIZACION DE LA FAROLA,0.6
AGILITY,IMPERMEABILIZACION DE LA FAROLA,0.6
AGILITY RS,IMPERMEABILIZACION DE LA FAROLA,0.6
AGILITY CITY 150,IMPERMEABILIZACION DE LA FAROLA,0.6
BET & WIN,IMPERMEABILIZACION DE LA FAROLA,1.2
ACTIV,IMPERMEABILIZACION DE LA FAROLA,0.6
SPIKE,IMPERMEABILIZACION DE LA FAROLA,0.6
AGILITY RS  NAKED,IMPERMEABILIZACION DE LA FAROLA,0.6
SUPER 8,IMPERMEABILIZACION DE LA FAROLA,1
GACELA,IMPERMEABILIZACION DE LA FAROLA,1
CRUCERO             x-town 300,IMPERMEABILIZACION DE LA FAROLA,1
ROCKET,IMPERMEABILIZACION DE LA FAROLA,1.5
FLY 125,IMPERMEABILIZACION DE LA FAROLA,0.6
TWIST,IMPERMEABILIZACION DE LA FAROLA,0.6
JETIX,IMPERMEABILIZACION DE LA FAROLA,0.6
UNI-K 110,IMPERMEABILIZACION DE LA FAROLA,0.6
TRACK,IMPERMEABILIZACION DE LA FAROLA,0.6
PULSAR 135,IMPERMEABILIZACION DE LA FAROLA,1
Perseo,IMPERMEABILIZACION DE LA FAROLA,1
PULSAR,IMPERMEABILIZACION DE LA FAROLA,0.6
PULSAR 180 UG,IMPERMEABILIZACION DE LA FAROLA,0.6
PULSAR 150,IMPERMEABILIZACION DE LA FAROLA,0.6
THOR 160,IMPERMEABILIZACION DE LA FAROLA,1
PULSAR 200,IMPERMEABILIZACION DE LA FAROLA,1
PULSAR 150 NS,IMPERMEABILIZACION DE LA FAROLA,1
PULSAR 150 AS,IMPERMEABILIZACION DE LA FAROLA,1
PULSAR 200 AS,IMPERMEABILIZACION DE LA FAROLA,1
PULSAR 200 NS,IMPERMEABILIZACION DE LA FAROLA,1
TITAN,IMPERMEABILIZACION DE LA FAROLA,1
PULSAR  RS 200,IMPERMEABILIZACION DE LA FAROLA,1.5
PULSAR 220,IMPERMEABILIZACION DE LA FAROLA,2
AVENGER 220,IMPERMEABILIZACION DE LA FAROLA,0.4
XCD,IMPERMEABILIZACION DE LA FAROLA,1
DISCOVER 100,IMPERMEABILIZACION DE LA FAROLA,1
DISCOVER 135,IMPERMEABILIZACION DE LA FAROLA,0.6
BOXER,IMPERMEABILIZACION DE LA FAROLA,0.6
LEXUS,IMPERMEABILIZACION DE LA FAROLA,0.6
DISCOVER 100 5S,IMPERMEABILIZACION DE LA FAROLA,0.6
DISCOVER 150,IMPERMEABILIZACION DE LA FAROLA,0.6
CHAMPION,IMPERMEABILIZACION DE LA FAROLA,0.6
DISCOVER 125 ST,IMPERMEABILIZACION DE LA FAROLA,0.6
BOXER BM 100,IMPERMEABILIZACION DE LA FAROLA,0.4
BOXER BM 150,IMPERMEABILIZACION DE LA FAROLA,0.4
BOXER BM 100 ES,IMPERMEABILIZACION DE LA FAROLA,0.4
PLATINO 125,IMPERMEABILIZACION DE LA FAROLA,1
PLATINO 125 - 5S,IMPERMEABILIZACION DE LA FAROLA,1
PLATINO 100,IMPERMEABILIZACION DE LA FAROLA,0.6
PLATINO 110,IMPERMEABILIZACION DE LA FAROLA,1
FAMILLY,IMPERMEABILIZACION DE LA FAROLA,1
MOTOCARRO 4T,IMPERMEABILIZACION DE LA FAROLA,0.5
TORITO,IMPERMEABILIZACION DE LA FAROLA,0.5
KAZE MAX II,IMPERMEABILIZACION DE LA FAROLA,0.7
ZX 130- MAGIC II,IMPERMEABILIZACION DE LA FAROLA,0.7
KMX,IMPERMEABILIZACION DE LA FAROLA,0.5
KLX 150,IMPERMEABILIZACION DE LA FAROLA,0.5
KLX150  L,IMPERMEABILIZACION DE LA FAROLA,0.5
KLX 250,IMPERMEABILIZACION DE LA FAROLA,0.5
NINJA 250,IMPERMEABILIZACION DE LA FAROLA,1
NINJA 250 FI,IMPERMEABILIZACION DE LA FAROLA,1
Z250,IMPERMEABILIZACION DE LA FAROLA,0.7
Z250 SL,IMPERMEABILIZACION DE LA FAROLA,0.7
ER-6n,IMPERMEABILIZACION DE LA FAROLA,0.7
TRANS-SPORT,IMPERMEABILIZACION DE LA FAROLA,0.7
MRX 150,IMPERMEABILIZACION DE LA FAROLA,0.5
FURAX,IMPERMEABILIZACION DE LA FAROLA,0.7
BOMBER 125,IMPERMEABILIZACION DE LA FAROLA,0.6
BOMBER 250,IMPERMEABILIZACION DE LA FAROLA,0.4
COMBAT 125,IMPERMEABILIZACION DE LA FAROLA,0.6
ZS,IMPERMEABILIZACION DE LA FAROLA,1
HUNTER,IMPERMEABILIZACION DE LA FAROLA,1
BLACK,IMPERMEABILIZACION DE LA FAROLA,1
VENOM 250,IMPERMEABILIZACION DE LA FAROLA,1
ONE,IMPERMEABILIZACION DE LA FAROLA,0.6
FLOW,IMPERMEABILIZACION DE LA FAROLA,0.6
ADVANCE II LF,IMPERMEABILIZACION DE LA FAROLA,0.6
ZONTES 310M,IMPERMEABILIZACION DE LA FAROLA,1
SHOCK,IMPERMEABILIZACION DE LA FAROLA,0.6
TNT150i,IMPERMEABILIZACION DE LA FAROLA,0.7
180S,IMPERMEABILIZACION DE LA FAROLA,0.7
TNT25N,IMPERMEABILIZACION DE LA FAROLA,0.7
LEONCINO 500,IMPERMEABILIZACION DE LA FAROLA,0.7
LEONCINO 250,IMPERMEABILIZACION DE LA FAROLA,0.7
TRK 500X,IMPERMEABILIZACION DE LA FAROLA,0.7
TRK 251,IMPERMEABILIZACION DE LA FAROLA,0.7
302 S,IMPERMEABILIZACION DE LA FAROLA,0.7
BET & WIN,CAMBIO SOCKET DE LUZ GAVETA,0.2
ZONTES 310M,CAMBIO SOCKET DE LUZ GAVETA,0.5
BET & WIN,CAMBIO BOMBILLO LUZ DE GAVETA,0.2
ZONTES 310M,CAMBIO BOMBILLO LUZ DE GAVETA,0.5
AGILITY CITY 150,CAMBIO LUZ DE PLACA,1
BET & WIN,CAMBIO LUZ DE PLACA,0.3
PULSAR 135,CAMBIO LUZ DE PLACA,0.3
Perseo,CAMBIO LUZ DE PLACA,0.3
PULSAR,CAMBIO LUZ DE PLACA,0.3
PULSAR 180 UG,CAMBIO LUZ DE PLACA,0.3
PULSAR 150,CAMBIO LUZ DE PLACA,0.3
THOR 160,CAMBIO LUZ DE PLACA,0.3
PULSAR 200,CAMBIO LUZ DE PLACA,0.3
PULSAR 150 NS,CAMBIO LUZ DE PLACA,0.3
PULSAR 150 AS,CAMBIO LUZ DE PLACA,0.3
PULSAR 200 AS,CAMBIO LUZ DE PLACA,0.3
PULSAR 200 NS,CAMBIO LUZ DE PLACA,0.3
TITAN,CAMBIO LUZ DE PLACA,0.5
PULSAR  RS 200,CAMBIO LUZ DE PLACA,0.5
PULSAR 220,CAMBIO LUZ DE PLACA,0.3
XCD,CAMBIO LUZ DE PLACA,0.3
DISCOVER 100,CAMBIO LUZ DE PLACA,0.3
DISCOVER 100 5S,CAMBIO LUZ DE PLACA,0.3
DISCOVER 150,CAMBIO LUZ DE PLACA,0.3
CHAMPION,CAMBIO LUZ DE PLACA,0.3
DISCOVER 125 ST,CAMBIO LUZ DE PLACA,0.3
PLATINO 125,CAMBIO LUZ DE PLACA,0.3
PLATINO 125 - 5S,CAMBIO LUZ DE PLACA,0.3
KLX 150,CAMBIO LUZ DE PLACA,0.4
KLX150  L,CAMBIO LUZ DE PLACA,0.4
KLX 250,CAMBIO LUZ DE PLACA,0.4
NINJA 250,CAMBIO LUZ DE PLACA,0.3
NINJA 250 FI,CAMBIO LUZ DE PLACA,0.3
Z250,CAMBIO LUZ DE PLACA,0.3
Z250 SL,CAMBIO LUZ DE PLACA,0.3
MRX 150,CAMBIO LUZ DE PLACA,0.4
FURAX,CAMBIO LUZ DE PLACA,1
BOMBER 125,CAMBIO LUZ DE PLACA,0.5
BOMBER 250,CAMBIO LUZ DE PLACA,0.4
COMBAT 125,CAMBIO LUZ DE PLACA,0.5
BLACK,CAMBIO LUZ DE PLACA,1
VENOM 400,CAMBIO LUZ DE PLACA,0.5
VENOM 250,CAMBIO LUZ DE PLACA,0.3
ZONTES 155,CAMBIO LUZ DE PLACA,0.5
ZONTES 310M,CAMBIO LUZ DE PLACA,1
TNT150i,CAMBIO LUZ DE PLACA,0.3
180S,CAMBIO LUZ DE PLACA,0.3
TNT25N,CAMBIO LUZ DE PLACA,0.3
LEONCINO 250,CAMBIO LUZ DE PLACA,0.3
TRK 251,CAMBIO LUZ DE PLACA,0.3
302 S,CAMBIO LUZ DE PLACA,0.3
TOP BOY,CAMBIO BOMBILLO LUZ DE PLACA,0.3
AGILITY RS,CAMBIO BOMBILLO LUZ DE PLACA,0.3
AGILITY CITY 150,CAMBIO BOMBILLO LUZ DE PLACA,0.3
BET & WIN,CAMBIO BOMBILLO LUZ DE PLACA,0.3
ACTIV,CAMBIO BOMBILLO LUZ DE PLACA,0.3
SPIKE,CAMBIO BOMBILLO LUZ DE PLACA,0.3
AGILITY RS  NAKED,CAMBIO BOMBILLO LUZ DE PLACA,0.3
SUPER 8,CAMBIO BOMBILLO LUZ DE PLACA,0.3
GACELA,CAMBIO BOMBILLO LUZ DE PLACA,0.3
CRUCERO             x-town 300,CAMBIO BOMBILLO LUZ DE PLACA,1
ROCKET,CAMBIO BOMBILLO LUZ DE PLACA,1
FLY 125,CAMBIO BOMBILLO LUZ DE PLACA,0.3
JETIX,CAMBIO BOMBILLO LUZ DE PLACA,0.3
PULSAR 135,CAMBIO BOMBILLO LUZ DE PLACA,0.3
Perseo,CAMBIO BOMBILLO LUZ DE PLACA,0.3
PULSAR,CAMBIO BOMBILLO LUZ DE PLACA,0.3
PULSAR 180 UG,CAMBIO BOMBILLO LUZ DE PLACA,0.3
PULSAR 150,CAMBIO BOMBILLO LUZ DE PLACA,0.3
THOR 160,CAMBIO BOMBILLO LUZ DE PLACA,0.3
PULSAR 200,CAMBIO BOMBILLO LUZ DE PLACA,0.3
PULSAR 150 NS,CAMBIO BOMBILLO LUZ DE PLACA,0.3
PULSAR 150 AS,CAMBIO BOMBILLO LUZ DE PLACA,0.3
PULSAR 200 AS,CAMBIO BOMBILLO LUZ DE PLACA,0.3
PULSAR 200 NS,CAMBIO BOMBILLO LUZ DE PLACA,0.3
PULSAR  RS 200,CAMBIO BOMBILLO LUZ DE PLACA,0.5
PULSAR 220,CAMBIO BOMBILLO LUZ DE PLACA,0.3
XCD,CAMBIO BOMBILLO LUZ DE PLACA,0.3
DISCOVER 100,CAMBIO BOMBILLO LUZ DE PLACA,0.3
DISCOVER 100 5S,CAMBIO BOMBILLO LUZ DE PLACA,0.3
DISCOVER 150,CAMBIO BOMBILLO LUZ DE PLACA,0.3
CHAMPION,CAMBIO BOMBILLO LUZ DE PLACA,0.3
DISCOVER 125 ST,CAMBIO BOMBILLO LUZ DE PLACA,0.3
PLATINO 125,CAMBIO BOMBILLO LUZ DE PLACA,0.3
PLATINO 125 - 5S,CAMBIO BOMBILLO LUZ DE PLACA,0.3
MOTOCARRO 4T,CAMBIO BOMBILLO LUZ DE PLACA,0.3
TORITO,CAMBIO BOMBILLO LUZ DE PLACA,0.3
KLX 150,CAMBIO BOMBILLO LUZ DE PLACA,0.1
KLX150  L,CAMBIO BOMBILLO LUZ DE PLACA,0.1
KLX 250,CAMBIO BOMBILLO LUZ DE PLACA,0.1
NINJA 250,CAMBIO BOMBILLO LUZ DE PLACA,0.1
NINJA 250 FI,CAMBIO BOMBILLO LUZ DE PLACA,0.1
Z250,CAMBIO BOMBILLO LUZ DE PLACA,0.1
Z250 SL,CAMBIO BOMBILLO LUZ DE PLACA,0.1
ER-6n,CAMBIO BOMBILLO LUZ DE PLACA,0.3
MRX 150,CAMBIO BOMBILLO LUZ DE PLACA,0.1
FURAX,CAMBIO BOMBILLO LUZ DE PLACA,1
ZS,CAMBIO BOMBILLO LUZ DE PLACA,0.3
HUNTER,CAMBIO BOMBILLO LUZ DE PLACA,0.5
BLACK,CAMBIO BOMBILLO LUZ DE PLACA,0.5
VENOM 250,CAMBIO BOMBILLO LUZ DE PLACA,0.3
ADVANCE II LF,CAMBIO BOMBILLO LUZ DE PLACA,0.3
ZONTES 155,CAMBIO BOMBILLO LUZ DE PLACA,0.5
ZONTES 310M,CAMBIO BOMBILLO LUZ DE PLACA,1
SHOCK,CAMBIO BOMBILLO LUZ DE PLACA,0.3
TNT150i,CAMBIO BOMBILLO LUZ DE PLACA,0.1
180S,CAMBIO BOMBILLO LUZ DE PLACA,0.1
TNT25N,CAMBIO BOMBILLO LUZ DE PLACA,0.1
LEONCINO 500,CAMBIO BOMBILLO LUZ DE PLACA,0.3
LEONCINO 250,CAMBIO BOMBILLO LUZ DE PLACA,0.1
TRK 500X,CAMBIO BOMBILLO LUZ DE PLACA,0.3
TRK 251,CAMBIO BOMBILLO LUZ DE PLACA,0.1
302 S,CAMBIO BOMBILLO LUZ DE PLACA,0.1
MOTOCARRO 4T,CAMBIO SENSOR DE REVERSA,0.5
TORITO,CAMBIO SENSOR DE REVERSA,0.5
MOTOCARRO 4T,CAMBIO BOMBILLO LUZ DE REVERSA,0.3
TORITO,CAMBIO BOMBILLO LUZ DE REVERSA,0.3
PULSAR 180 UG,CAMBIO SENSOR FILTRO DE AIRE,1.2
PULSAR 150,CAMBIO SENSOR FILTRO DE AIRE,1.2
PULSAR 220,CAMBIO SENSOR FILTRO DE AIRE,1.2
PULSAR 220,CAMBIO SENSOR DE PRESION BAJA DE ACEITE,0.5
TOP BOY,REVISION SISTEMA ELECTRICO DOS  TIEMPO,0.5
KAZE MAX II,REVISION SISTEMA ELECTRICO DOS  TIEMPO,2
AGILITY,REVISION SISTEMA ELECTRICO CUATRO TIEMPO,0.5
AGILITY RS,REVISION SISTEMA ELECTRICO CUATRO TIEMPO,0.5
AGILITY CITY 150,REVISION SISTEMA ELECTRICO CUATRO TIEMPO,0.5
BET & WIN,REVISION SISTEMA ELECTRICO CUATRO TIEMPO,0.5
ACTIV,REVISION SISTEMA ELECTRICO CUATRO TIEMPO,0.5
SPIKE,REVISION SISTEMA ELECTRICO CUATRO TIEMPO,0.5
AGILITY RS  NAKED,REVISION SISTEMA ELECTRICO CUATRO TIEMPO,0.5
SUPER 8,REVISION SISTEMA ELECTRICO CUATRO TIEMPO,0.5
GACELA,REVISION SISTEMA ELECTRICO CUATRO TIEMPO,0.5
CRUCERO             x-town 300,REVISION SISTEMA ELECTRICO CUATRO TIEMPO,0.5
ROCKET,REVISION SISTEMA ELECTRICO CUATRO TIEMPO,0.5
FLY 125,REVISION SISTEMA ELECTRICO CUATRO TIEMPO,0.5
TWIST,REVISION SISTEMA ELECTRICO CUATRO TIEMPO,0.5
JETIX,REVISION SISTEMA ELECTRICO CUATRO TIEMPO,0.5
UNI-K 110,REVISION SISTEMA ELECTRICO CUATRO TIEMPO,0.5
TRACK,REVISION SISTEMA ELECTRICO CUATRO TIEMPO,0.5
PULSAR 135,REVISION SISTEMA ELECTRICO CUATRO TIEMPO,0.5
Perseo,REVISION SISTEMA ELECTRICO CUATRO TIEMPO,0.5
PULSAR,REVISION SISTEMA ELECTRICO CUATRO TIEMPO,0.5
PULSAR 180 UG,REVISION SISTEMA ELECTRICO CUATRO TIEMPO,0.5
PULSAR 150,REVISION SISTEMA ELECTRICO CUATRO TIEMPO,0.5
THOR 160,REVISION SISTEMA ELECTRICO CUATRO TIEMPO,0.5
PULSAR 200,REVISION SISTEMA ELECTRICO CUATRO TIEMPO,0.5
PULSAR 150 NS,REVISION SISTEMA ELECTRICO CUATRO TIEMPO,0.5
PULSAR 150 AS,REVISION SISTEMA ELECTRICO CUATRO TIEMPO,0.5
PULSAR 200 AS,REVISION SISTEMA ELECTRICO CUATRO TIEMPO,0.5
PULSAR 200 NS,REVISION SISTEMA ELECTRICO CUATRO TIEMPO,0.5
TITAN,REVISION SISTEMA ELECTRICO CUATRO TIEMPO,0.5
PULSAR  RS 200,REVISION SISTEMA ELECTRICO CUATRO TIEMPO,0.5
PULSAR 220,REVISION SISTEMA ELECTRICO CUATRO TIEMPO,0.5
AVENGER 220,REVISION SISTEMA ELECTRICO CUATRO TIEMPO,0.5
XCD,REVISION SISTEMA ELECTRICO CUATRO TIEMPO,0.5
DISCOVER 100,REVISION SISTEMA ELECTRICO CUATRO TIEMPO,0.5
DISCOVER 135,REVISION SISTEMA ELECTRICO CUATRO TIEMPO,0.5
BOXER,REVISION SISTEMA ELECTRICO CUATRO TIEMPO,0.5
LEXUS,REVISION SISTEMA ELECTRICO CUATRO TIEMPO,0.5
DISCOVER 100 5S,REVISION SISTEMA ELECTRICO CUATRO TIEMPO,0.5
DISCOVER 150,REVISION SISTEMA ELECTRICO CUATRO TIEMPO,0.5
CHAMPION,REVISION SISTEMA ELECTRICO CUATRO TIEMPO,0.5
DISCOVER 125 ST,REVISION SISTEMA ELECTRICO CUATRO TIEMPO,0.5
BOXER BM 100,REVISION SISTEMA ELECTRICO CUATRO TIEMPO,0.5
BOXER BM 150,REVISION SISTEMA ELECTRICO CUATRO TIEMPO,0.5
BOXER BM 100 ES,REVISION SISTEMA ELECTRICO CUATRO TIEMPO,0.5
PLATINO 125,REVISION SISTEMA ELECTRICO CUATRO TIEMPO,0.5
PLATINO 125 - 5S,REVISION SISTEMA ELECTRICO CUATRO TIEMPO,0.5
PLATINO 100,REVISION SISTEMA ELECTRICO CUATRO TIEMPO,0.5
PLATINO 110,REVISION SISTEMA ELECTRICO CUATRO TIEMPO,0.5
FAMILLY,REVISION SISTEMA ELECTRICO CUATRO TIEMPO,0.5
MOTOCARRO 4T,REVISION SISTEMA ELECTRICO CUATRO TIEMPO,0.5
TORITO,REVISION SISTEMA ELECTRICO CUATRO TIEMPO,0.5
ZX 130- MAGIC II,REVISION SISTEMA ELECTRICO CUATRO TIEMPO,0.5
KMX,REVISION SISTEMA ELECTRICO CUATRO TIEMPO,0.5
KLX 150,REVISION SISTEMA ELECTRICO CUATRO TIEMPO,0.5
KLX150  L,REVISION SISTEMA ELECTRICO CUATRO TIEMPO,0.5
KLX 250,REVISION SISTEMA ELECTRICO CUATRO TIEMPO,0.5
NINJA 250,REVISION SISTEMA ELECTRICO CUATRO TIEMPO,0.2
NINJA 250 FI,REVISION SISTEMA ELECTRICO CUATRO TIEMPO,0.5
Z250,REVISION SISTEMA ELECTRICO CUATRO TIEMPO,0.5
Z250 SL,REVISION SISTEMA ELECTRICO CUATRO TIEMPO,0.5
ER-6n,REVISION SISTEMA ELECTRICO CUATRO TIEMPO,0.5
MRX 150,REVISION SISTEMA ELECTRICO CUATRO TIEMPO,0.5
BOMBER 125,REVISION SISTEMA ELECTRICO CUATRO TIEMPO,0.5
BOMBER 250,REVISION SISTEMA ELECTRICO CUATRO TIEMPO,0.5
COMBAT 125,REVISION SISTEMA ELECTRICO CUATRO TIEMPO,0.5
ZS,REVISION SISTEMA ELECTRICO CUATRO TIEMPO,0.5
LIFE,REVISION SISTEMA ELECTRICO CUATRO TIEMPO,0.5
HUNTER,REVISION SISTEMA ELECTRICO CUATRO TIEMPO,0.5
BLACK,REVISION SISTEMA ELECTRICO CUATRO TIEMPO,0.5
VENOM 400,REVISION SISTEMA ELECTRICO CUATRO TIEMPO,0.5
VENOM 250,REVISION SISTEMA ELECTRICO CUATRO TIEMPO,0.5
ONE,REVISION SISTEMA ELECTRICO CUATRO TIEMPO,0.5
FLOW,REVISION SISTEMA ELECTRICO CUATRO TIEMPO,0.5
ADVANCE II LF,REVISION SISTEMA ELECTRICO CUATRO TIEMPO,0.5
ZONTES 155,REVISION SISTEMA ELECTRICO CUATRO TIEMPO,0.5
ZONTES 310M,REVISION SISTEMA ELECTRICO CUATRO TIEMPO,0.5
SHOCK,REVISION SISTEMA ELECTRICO CUATRO TIEMPO,0.5
TNT150i,REVISION SISTEMA ELECTRICO CUATRO TIEMPO,0.5
180S,REVISION SISTEMA ELECTRICO CUATRO TIEMPO,0.5
TNT25N,REVISION SISTEMA ELECTRICO CUATRO TIEMPO,0.5
LEONCINO 500,REVISION SISTEMA ELECTRICO CUATRO TIEMPO,0.5
LEONCINO 250,REVISION SISTEMA ELECTRICO CUATRO TIEMPO,0.5
TRK 500X,REVISION SISTEMA ELECTRICO CUATRO TIEMPO,0.5
TRK 251,REVISION SISTEMA ELECTRICO CUATRO TIEMPO,0.5
302 S,REVISION SISTEMA ELECTRICO CUATRO TIEMPO,0.5
TOP BOY,CAMBIO DE BATERIA,0.2
AGILITY,CAMBIO DE BATERIA,0.2
AGILITY RS,CAMBIO DE BATERIA,0.2
AGILITY CITY 150,CAMBIO DE BATERIA,0.2
BET & WIN,CAMBIO DE BATERIA,0.2
ACTIV,CAMBIO DE BATERIA,0.2
AGILITY RS  NAKED,CAMBIO DE BATERIA,0.2
ROCKET,CAMBIO DE BATERIA,0.2
FLY 125,CAMBIO DE BATERIA,0.2
TWIST,CAMBIO DE BATERIA,0.2
JETIX,CAMBIO DE BATERIA,0.2
UNI-K 110,CAMBIO DE BATERIA,0.2
TRACK,CAMBIO DE BATERIA,0.2
PULSAR 135,CAMBIO DE BATERIA,0.2
PULSAR,CAMBIO DE BATERIA,0.2
PULSAR 180 UG,CAMBIO DE BATERIA,0.2
PULSAR 150,CAMBIO DE BATERIA,0.2
THOR 160,CAMBIO DE BATERIA,0.2
PULSAR 200,CAMBIO DE BATERIA,0.2
PULSAR 150 NS,CAMBIO DE BATERIA,0.3
PULSAR 150 AS,CAMBIO DE BATERIA,0.3
PULSAR  RS 200,CAMBIO DE BATERIA,0.3
AVENGER 220,CAMBIO DE BATERIA,0.2
XCD,CAMBIO DE BATERIA,0.2
DISCOVER 100,CAMBIO DE BATERIA,0.2
DISCOVER 135,CAMBIO DE BATERIA,0.2
BOXER,CAMBIO DE BATERIA,0.2
DISCOVER 100 5S,CAMBIO DE BATERIA,0.2
DISCOVER 150,CAMBIO DE BATERIA,0.2
CHAMPION,CAMBIO DE BATERIA,0.2
DISCOVER 125 ST,CAMBIO DE BATERIA,0.2
BOXER BM 100,CAMBIO DE BATERIA,0.2
BOXER BM 150,CAMBIO DE BATERIA,0.2
BOXER BM 100 ES,CAMBIO DE BATERIA,0.2
PLATINO 125,CAMBIO DE BATERIA,0.2
PLATINO 125 - 5S,CAMBIO DE BATERIA,0.2
PLATINO 100,CAMBIO DE BATERIA,0.2
PLATINO 110,CAMBIO DE BATERIA,0.2
TORITO,CAMBIO DE BATERIA,0.2
MOTOCARRO DIESEL,CAMBIO DE BATERIA,0.2
KAZE MAX II,CAMBIO DE BATERIA,0.2
KMX,CAMBIO DE BATERIA,0.2
KLX 150,CAMBIO DE BATERIA,0.2
KLX150  L,CAMBIO DE BATERIA,0.4
NINJA 250,CAMBIO DE BATERIA,0.4
NINJA 250 FI,CAMBIO DE BATERIA,0.2
Z250 SL,CAMBIO DE BATERIA,0.3
ER-6n,CAMBIO DE BATERIA,0.4
TRANS-SPORT,CAMBIO DE BATERIA,0.2
FURAX,CAMBIO DE BATERIA,0.4
LEONCINO 500,CAMBIO DE BATERIA,0.4
TRK 500X,CAMBIO DE BATERIA,0.4
TOP BOY,CAMBIO CONJUNTO DE CLAVES COMPLETA,1.5
AGILITY,CAMBIO CONJUNTO DE CLAVES COMPLETA,1.7
AGILITY RS,CAMBIO CONJUNTO DE CLAVES COMPLETA,1.7
AGILITY CITY 150,CAMBIO CONJUNTO DE CLAVES COMPLETA,1.7
BET & WIN,CAMBIO CONJUNTO DE CLAVES COMPLETA,2
ACTIV,CAMBIO CONJUNTO DE CLAVES COMPLETA,1.5
AGILITY RS  NAKED,CAMBIO CONJUNTO DE CLAVES COMPLETA,1.5
ROCKET,CAMBIO CONJUNTO DE CLAVES COMPLETA,1.7
FLY 125,CAMBIO CONJUNTO DE CLAVES COMPLETA,1.7
TWIST,CAMBIO CONJUNTO DE CLAVES COMPLETA,1.7
JETIX,CAMBIO CONJUNTO DE CLAVES COMPLETA,1.7
UNI-K 110,CAMBIO CONJUNTO DE CLAVES COMPLETA,1.5
TRACK,CAMBIO CONJUNTO DE CLAVES COMPLETA,1.5
PULSAR 135,CAMBIO CONJUNTO DE CLAVES COMPLETA,1.5
PULSAR,CAMBIO CONJUNTO DE CLAVES COMPLETA,1.5
PULSAR 180 UG,CAMBIO CONJUNTO DE CLAVES COMPLETA,1.5
PULSAR 150,CAMBIO CONJUNTO DE CLAVES COMPLETA,1.5
THOR 160,CAMBIO CONJUNTO DE CLAVES COMPLETA,1.5
PULSAR 200,CAMBIO CONJUNTO DE CLAVES COMPLETA,1.5
PULSAR 150 NS,CAMBIO CONJUNTO DE CLAVES COMPLETA,1.5
PULSAR 150 AS,CAMBIO CONJUNTO DE CLAVES COMPLETA,1.5
PULSAR  RS 200,CAMBIO CONJUNTO DE CLAVES COMPLETA,1.5
AVENGER 220,CAMBIO CONJUNTO DE CLAVES COMPLETA,1.5
XCD,CAMBIO CONJUNTO DE CLAVES COMPLETA,1.5
DISCOVER 100,CAMBIO CONJUNTO DE CLAVES COMPLETA,1.5
DISCOVER 135,CAMBIO CONJUNTO DE CLAVES COMPLETA,1.5
BOXER,CAMBIO CONJUNTO DE CLAVES COMPLETA,1.5
DISCOVER 100 5S,CAMBIO CONJUNTO DE CLAVES COMPLETA,1.5
DISCOVER 150,CAMBIO CONJUNTO DE CLAVES COMPLETA,1.5
CHAMPION,CAMBIO CONJUNTO DE CLAVES COMPLETA,1.5
DISCOVER 125 ST,CAMBIO CONJUNTO DE CLAVES COMPLETA,1.5
BOXER BM 100,CAMBIO CONJUNTO DE CLAVES COMPLETA,1.5
BOXER BM 150,CAMBIO CONJUNTO DE CLAVES COMPLETA,1.5
BOXER BM 100 ES,CAMBIO CONJUNTO DE CLAVES COMPLETA,1.5
PLATINO 125,CAMBIO CONJUNTO DE CLAVES COMPLETA,1.5
PLATINO 125 - 5S,CAMBIO CONJUNTO DE CLAVES COMPLETA,1.5
PLATINO 100,CAMBIO CONJUNTO DE CLAVES COMPLETA,1.5
PLATINO 110,CAMBIO CONJUNTO DE CLAVES COMPLETA,1.5
TORITO,CAMBIO CONJUNTO DE CLAVES COMPLETA,1
MOTOCARRO DIESEL,CAMBIO CONJUNTO DE CLAVES COMPLETA,1
ZX 130- MAGIC II,CAMBIO CONJUNTO DE CLAVES COMPLETA,1.5
KMX,CAMBIO CONJUNTO DE CLAVES COMPLETA,1.5
KLX 150,CAMBIO CONJUNTO DE CLAVES COMPLETA,1.5
KLX150  L,CAMBIO CONJUNTO DE CLAVES COMPLETA,1.5
NINJA 250,CAMBIO CONJUNTO DE CLAVES COMPLETA,1.5
NINJA 250 FI,CAMBIO CONJUNTO DE CLAVES COMPLETA,1.5
Z250 SL,CAMBIO CONJUNTO DE CLAVES COMPLETA,1.5
ER-6n,CAMBIO CONJUNTO DE CLAVES COMPLETA,1.5
TRANS-SPORT,CAMBIO CONJUNTO DE CLAVES COMPLETA,1.5
MRX 150,CAMBIO CONJUNTO DE CLAVES COMPLETA,1.3
FURAX,CAMBIO CONJUNTO DE CLAVES COMPLETA,1.5
ADVANCE II LF,CAMBIO CONJUNTO DE CLAVES COMPLETA,1.2
LEONCINO 500,CAMBIO CONJUNTO DE CLAVES COMPLETA,1.5
TRK 500X,CAMBIO CONJUNTO DE CLAVES COMPLETA,1.5
TOP BOY,CAMBIO DE CHAPA DE SILLIN,0.6
AGILITY,CAMBIO DE CHAPA DE SILLIN,0.6
AGILITY RS,CAMBIO DE CHAPA DE SILLIN,0.6
AGILITY CITY 150,CAMBIO DE CHAPA DE SILLIN,0.6
BET & WIN,CAMBIO DE CHAPA DE SILLIN,0.7
ACTIV,CAMBIO DE CHAPA DE SILLIN,0.6
AGILITY RS  NAKED,CAMBIO DE CHAPA DE SILLIN,0.6
ROCKET,CAMBIO DE CHAPA DE SILLIN,0.6
FLY 125,CAMBIO DE CHAPA DE SILLIN,0.6
TWIST,CAMBIO DE CHAPA DE SILLIN,0.6
JETIX,CAMBIO DE CHAPA DE SILLIN,0.6
UNI-K 110,CAMBIO DE CHAPA DE SILLIN,0.6
TRACK,CAMBIO DE CHAPA DE SILLIN,0.6
PULSAR 135,CAMBIO DE CHAPA DE SILLIN,0.6
PULSAR,CAMBIO DE CHAPA DE SILLIN,0.3
PULSAR 180 UG,CAMBIO DE CHAPA DE SILLIN,0.3
PULSAR 150,CAMBIO DE CHAPA DE SILLIN,0.3
THOR 160,CAMBIO DE CHAPA DE SILLIN,0.3
PULSAR 200,CAMBIO DE CHAPA DE SILLIN,0.3
PULSAR 150 NS,CAMBIO DE CHAPA DE SILLIN,0.3
PULSAR 150 AS,CAMBIO DE CHAPA DE SILLIN,0.3
PULSAR  RS 200,CAMBIO DE CHAPA DE SILLIN,0.3
AVENGER 220,CAMBIO DE CHAPA DE SILLIN,0.3
DISCOVER 100,CAMBIO DE CHAPA DE SILLIN,0.3
DISCOVER 135,CAMBIO DE CHAPA DE SILLIN,0.3
BOXER,CAMBIO DE CHAPA DE SILLIN,0.3
DISCOVER 150,CAMBIO DE CHAPA DE SILLIN,0.3
CHAMPION,CAMBIO DE CHAPA DE SILLIN,0.3
DISCOVER 125 ST,CAMBIO DE CHAPA DE SILLIN,0.3
BOXER BM 100,CAMBIO DE CHAPA DE SILLIN,0.3
PLATINO 125 - 5S,CAMBIO DE CHAPA DE SILLIN,0.3
PLATINO 100,CAMBIO DE CHAPA DE SILLIN,0.3
PLATINO 110,CAMBIO DE CHAPA DE SILLIN,0.3
ZX 130- MAGIC II,CAMBIO DE CHAPA DE SILLIN,0.6
KMX,CAMBIO DE CHAPA DE SILLIN,0.6
KLX 150,CAMBIO DE CHAPA DE SILLIN,0.4
NINJA 250 FI,CAMBIO DE CHAPA DE SILLIN,0.5
Z250 SL,CAMBIO DE CHAPA DE SILLIN,0.5
ER-6n,CAMBIO DE CHAPA DE SILLIN,0.5
TRANS-SPORT,CAMBIO DE CHAPA DE SILLIN,0.6
MRX 150,CAMBIO DE CHAPA DE SILLIN,0.6
LEONCINO 500,CAMBIO DE CHAPA DE SILLIN,0.5
TRK 500X,CAMBIO DE CHAPA DE SILLIN,0.5
TOP BOY,CAMBIO SEGURO DE DIRECCIÓN,1.5
AGILITY,CAMBIO SEGURO DE DIRECCIÓN,1.5
AGILITY RS,CAMBIO SEGURO DE DIRECCIÓN,1.5
AGILITY CITY 150,CAMBIO SEGURO DE DIRECCIÓN,1.5
BET & WIN,CAMBIO SEGURO DE DIRECCIÓN,1.7
ACTIV,CAMBIO SEGURO DE DIRECCIÓN,1.5
AGILITY RS  NAKED,CAMBIO SEGURO DE DIRECCIÓN,1.5
ROCKET,CAMBIO SEGURO DE DIRECCIÓN,1.5
FLY 125,CAMBIO SEGURO DE DIRECCIÓN,1.5
TWIST,CAMBIO SEGURO DE DIRECCIÓN,1.5
JETIX,CAMBIO SEGURO DE DIRECCIÓN,1.5
UNI-K 110,CAMBIO SEGURO DE DIRECCIÓN,1.5
TRACK,CAMBIO SEGURO DE DIRECCIÓN,1.5
PULSAR 135,CAMBIO SEGURO DE DIRECCIÓN,1.5
PULSAR,CAMBIO SEGURO DE DIRECCIÓN,1
PULSAR 180 UG,CAMBIO SEGURO DE DIRECCIÓN,1
PULSAR 150,CAMBIO SEGURO DE DIRECCIÓN,1
THOR 160,CAMBIO SEGURO DE DIRECCIÓN,1
PULSAR 200,CAMBIO SEGURO DE DIRECCIÓN,1
PULSAR 150 NS,CAMBIO SEGURO DE DIRECCIÓN,1
PULSAR 150 AS,CAMBIO SEGURO DE DIRECCIÓN,1
PULSAR  RS 200,CAMBIO SEGURO DE DIRECCIÓN,1
AVENGER 220,CAMBIO SEGURO DE DIRECCIÓN,1
XCD,CAMBIO SEGURO DE DIRECCIÓN,1
DISCOVER 100,CAMBIO SEGURO DE DIRECCIÓN,1
DISCOVER 135,CAMBIO SEGURO DE DIRECCIÓN,1
BOXER,CAMBIO SEGURO DE DIRECCIÓN,1
DISCOVER 100 5S,CAMBIO SEGURO DE DIRECCIÓN,1
DISCOVER 150,CAMBIO SEGURO DE DIRECCIÓN,1
CHAMPION,CAMBIO SEGURO DE DIRECCIÓN,1
DISCOVER 125 ST,CAMBIO SEGURO DE DIRECCIÓN,1
BOXER BM 100,CAMBIO SEGURO DE DIRECCIÓN,1
BOXER BM 150,CAMBIO SEGURO DE DIRECCIÓN,1
BOXER BM 100 ES,CAMBIO SEGURO DE DIRECCIÓN,1
PLATINO 125,CAMBIO SEGURO DE DIRECCIÓN,1
PLATINO 125 - 5S,CAMBIO SEGURO DE DIRECCIÓN,1
PLATINO 100,CAMBIO SEGURO DE DIRECCIÓN,1
PLATINO 110,CAMBIO SEGURO DE DIRECCIÓN,1
ZX 130- MAGIC II,CAMBIO SEGURO DE DIRECCIÓN,1.5
KMX,CAMBIO SEGURO DE DIRECCIÓN,1.5
KLX 150,CAMBIO SEGURO DE DIRECCIÓN,1
KLX150  L,CAMBIO SEGURO DE DIRECCIÓN,1
NINJA 250,CAMBIO SEGURO DE DIRECCIÓN,1
NINJA 250 FI,CAMBIO SEGURO DE DIRECCIÓN,1
Z250 SL,CAMBIO SEGURO DE DIRECCIÓN,1
ER-6n,CAMBIO SEGURO DE DIRECCIÓN,1
TRANS-SPORT,CAMBIO SEGURO DE DIRECCIÓN,1
MRX 150,CAMBIO SEGURO DE DIRECCIÓN,1
FURAX,CAMBIO SEGURO DE DIRECCIÓN,1
ADVANCE II LF,CAMBIO SEGURO DE DIRECCIÓN,1
LEONCINO 500,CAMBIO SEGURO DE DIRECCIÓN,1
TRK 500X,CAMBIO SEGURO DE DIRECCIÓN,1
ACTIV,CAMBIO DE SEGURO DE BLOQUE DE ACELERACION,0.7
TOP BOY,CAMBIO DE SEGURO GAVETA,1
AGILITY,CAMBIO DE SEGURO GAVETA,0.6
AGILITY RS,CAMBIO DE SEGURO GAVETA,0.6
AGILITY CITY 150,CAMBIO DE SEGURO GAVETA,0.6
BET & WIN,CAMBIO DE SEGURO GAVETA,0.7
ACTIV,CAMBIO DE SEGURO GAVETA,0.6
AGILITY RS  NAKED,CAMBIO DE SEGURO GAVETA,0.6
ROCKET,CAMBIO DE SEGURO GAVETA,0.6
FLY 125,CAMBIO DE SEGURO GAVETA,0.6
TWIST,CAMBIO DE SEGURO GAVETA,0.6
JETIX,CAMBIO DE SEGURO GAVETA,0.6
UNI-K 110,CAMBIO DE SEGURO GAVETA,0.4
TRACK,CAMBIO DE SEGURO GAVETA,0.6
PULSAR 135,CAMBIO DE SEGURO GAVETA,0.6
TORITO,CAMBIO DE SEGURO GAVETA,0.4
MOTOCARRO DIESEL,CAMBIO DE SEGURO GAVETA,0.4
ZX 130- MAGIC II,CAMBIO DE SEGURO GAVETA,0.3
KMX,CAMBIO DE SEGURO GAVETA,0.6